order_id,customer_id,order_status,order_purchase_timestamp,order_approved_at,order_delivered_carrier_date,order_delivered_customer_date,order_estimated_delivery_date
116f0b09343b49556bbad5f35bee0cdf,3187789bec990987628d7a9beb4dd6ac,completed,2017-12-26 23:41:31,2017-12-26 23:50:22,2017-12-28 18:33:05,2018-01-08 22:36:36,2018-01-29
138849fd84dff2fb4ca70a0a34c4aa1c,9b18f3fc296990b97854e351334a32f6,delivered,,2018-02-03 02:53:07,2018-02-06 19:13:26,2018-02-14 13:41:59,2018-02-23
634e8f4c0f6744a626f77f39770ac6aa,05e996469a2bf9559c7122b87e156724,completed,,2017-08-09 18:45:18,2017-08-10 20:21:53,2017-08-16 18:17:54,2017-08-31
90349f264a3d6a2525a34598d09dda6b,d19f254a07da73a055409256e9bfe40a,completed,2018-05-11 16:35:19,2018-05-12 03:32:26,2018-05-14 15:16:00,2018-05-15 18:38:39,2018-05-21
b2bd1f09c1b8a4a36940f6f6e49d5dec,8ed14e450a6268ec13f325e7c2eafeed,completed,2018-02-02 16:15:41,2018-02-02 16:36:26,2018-02-06 01:28:26,2018-02-20 18:09:29,2018-03-07
58d4c4747ee059eeeb865b349b41f53a,1755fad7863475346bc6c3773fe055d3,completed,2018-07-21 12:49:32,2018-07-26 23:31:53,2018-07-24 12:57:00,2018-07-25 23:58:19,2018-07-31
6d231a099f98f5a590ad78db56ae82f1,6ee311afc0adb5663ad53868d46ba39d,completed,2017-11-11 22:16:49,2017-11-11 22:30:25,2017-11-13 21:32:01,2017-11-16 21:48:37,2017-11-27
ae17bb94dfb3eaf396cd393eace1de80,9cd169cea5076bf383e40a261d7b7142,delivered,,2018-03-09 17:00:39,2018-03-12 18:42:16,2018-03-26 21:07:18,2018-04-03
7ac1f3de2cdc809de6aa1e6719451f53,13a4684a5a46fcbafb42d8e30af15219,completed,2018-06-12 09:52:46,2018-06-12 10:21:08,2018-06-12 15:31:00,2018-06-19 17:57:35,2018-07-12
c619ac0f9cdcfcebdfb9490451166da4,e5f6020aa61432f0dcb0fcda1c5113d9,delivered,,2017-05-24 15:35:20,2017-06-01 16:27:24,2017-06-12 16:48:13,2017-06-23
2f246ee329fce6932458bc7a10625d2a,45f9053fc8b24a6d5afa05b6d1b330ab,completed,2017-05-26 18:35:51,2017-05-26 18:45:10,2017-05-29 09:37:28,2017-06-09 08:26:30,2017-06-28
5342acb7b183acec77f59e4d78f7c804,4d493a5e3a53373d3bc26a01575a71dc,delivered,,2018-03-31 10:07:45,2018-04-04 17:44:32,2018-04-24 16:10:44,2018-04-24
418764469a9e73f76f56783c1863bd05,b3c3c1b58dad3d55671825fe3715321c,delivered,,2018-07-05 16:40:52,2018-07-06 10:18:00,2018-07-11 15:08:35,2018-07-30
664c5e57eb8479a79caeb79fc79699ca,d1460df3c5915f60fcc35d265ac392ea,completed,2017-10-31 09:59:07,2017-10-31 10:10:24,2017-11-03 18:07:40,2017-11-13 17:38:40,2017-11-14
9d48a2dfef2e0cb6155f816b9bf8489c,c4e12dfa6412f54cb99c38787dca987f,completed,2018-05-25 22:10:13,2018-05-25 22:32:39,2018-05-28 15:02:00,2018-06-01 14:46:48,2018-06-19
98e54ac24cb241c366307ed88ae84902,3d2b9ce5685b7810c56c6b8babb0432e,completed,2017-11-26 12:15:07,2017-11-26 12:34:38,2017-12-11 22:27:23,2017-12-21 21:17:03,2017-12-27
e5e6a20a4c3fbe6ee280c01f8fe279cc,e1cb13d47d802da7d23d6253ed8d7959,delivered,,2018-08-05 11:15:13,2018-08-07 14:21:00,2018-08-14 18:06:37,2018-08-15
d5af7f6e2db2c527fe19decfc2d37a83,bf59771b1ab3559105d03691c8c99794,completed,2017-07-31 20:47:50,2017-07-31 21:15:09,2017-08-02 20:52:09,2017-08-04 21:04:49,2017-08-25
4efb9f3d8ba57d35f9f884744e757265,b1daab0190e21f1b1702791e68fcd940,completed,2017-07-24 16:14:28,2017-07-24 16:25:13,2017-07-26 10:32:31,2017-07-28 18:15:51,2017-08-15
bb90b02637daa6d6ea968529eed50699,cb85fd1337a9b227e49fbcb893babd71,completed,2018-01-23 10:15:38,2018-01-23 10:29:22,2018-01-25 22:16:03,2018-02-05 19:53:12,2018-03-01
1a08b06cb8b9b557453b70b83fdc69cb,5b0403fc813ee1da7cd9a0816d205016,completed,2018-01-21 16:46:04,2018-01-22 13:53:51,2018-01-24 23:56:52,2018-02-02 19:24:24,2018-02-14
d0d828105d7a6106d4b6cfd55607c278,e7fb8d2c8a581e31b93defd84ee988fe,completed,2018-04-30 11:18:47,2018-04-30 11:35:38,2018-04-30 19:02:00,2018-05-02 20:24:30,2018-05-09
0daf1f0e67b534ad873ba61c5d6ad7d3,1681471e9172d7e12ba08e9ac9e8628b,completed,2017-09-05 10:54:17,2017-09-06 11:03:50,2017-09-09 13:23:11,2017-09-19 15:35:03,2017-09-25
d445a6e277eaa62900bc18d453d96d76,c2cd065252fa7ad04274d9d69dd9c09e,completed,2017-08-03 10:39:39,2017-08-03 10:50:24,2017-08-07 14:57:56,2017-08-14 20:37:25,2017-09-06
c761a8b74f1e876bc5efc4186f720e27,a8ed087e25b26fb64cbb99033eb243a7,completed,2017-04-03 19:07:32,2017-04-03 19:22:45,2017-04-05 12:42:51,2017-04-11 14:25:21,2017-05-15
746347ecc5cc9cb88a346545608fb635,16110c3e157d455044ea08de22990cac,completed,2017-07-26 13:47:20,2017-07-26 14:03:01,2017-07-27 18:12:34,2017-08-03 17:37:44,2017-08-15
6c12feac9a308e1382d9b19cca7f20b2,5371894984937a27cf40c7d20699a786,completed,2017-05-05 13:48:37,2017-05-05 14:02:30,2017-05-09 14:43:49,2017-05-10 09:03:40,2017-05-26
d0a72f8bcc1f2045167eaa548647e77c,4f444b3b5cd86e70e2c49210020c5ba9,completed,2018-07-03 10:03:33,2018-07-05 16:16:24,2018-07-06 09:03:00,2018-07-13 16:28:52,2018-08-02
8dbdb81783a3c754dc9441826510a36a,2d0c34b4b379c290f079d39df12304e2,completed,2018-08-10 14:54:25,2018-08-10 15:10:27,2018-08-13 14:00:00,2018-08-17 20:51:49,2018-08-30
5a88502f6bbc1f8c972aa98c64830616,2fdfe901849d16dcfd92d3d8f4c5def3,completed,2018-01-31 21:04:47,2018-01-31 21:15:26,2018-02-01 18:48:34,2018-02-07 22:58:39,2018-02-22
97d3d89c5b932c10e6d3d4d8c2ba7dd3,4fea6b3a96c9c399aef5540b38c7025b,completed,2017-11-24 15:54:35,2017-11-24 19:33:08,2017-11-30 22:37:03,2017-12-05 18:19:02,2017-12-08
a1ba9164e568e28f6977c343fb78e9b1,72600f002ba1550d6432cb91464f6969,completed,2018-03-11 22:14:38,2018-03-11 22:28:09,2018-03-12 17:24:59,2018-03-31 14:18:36,2018-04-03
efb6d19e3c56fa371d59421e45e53a49,e674bf9e1fd5863bbb4c72f95fdba39f,completed,2017-03-22 09:02:29,2017-03-22 09:02:29,2017-03-22 11:29:34,2017-03-27 14:10:43,2017-04-12
f72c493e7f65e42101baca23c7c2fd90,015bbed5b941c909ebf091ead5eb2a05,delivered,,2017-07-27 18:23:46,2017-07-28 17:10:09,2017-08-03 19:32:57,2017-08-18
4b80b55b32a3549ec05578e46a0f4021,c4184e264c25f060e2022b22c098ab18,completed,2018-08-12 15:54:57,2018-08-13 15:50:17,2018-08-14 15:25:00,2018-08-22 22:04:10,2018-08-20
7032fb16c3a9d982c9aa86f47cefdd3e,d946aedc7ae05f2259b2c2f9342e6272,completed,2018-04-02 10:08:40,2018-04-03 05:08:28,2018-04-04 17:13:30,2018-04-05 18:20:58,2018-04-12
1e90a410c4be85320d64e5a0cbed9291,7861afc49adafbe05db500f9d1ab534a,delivered,,2017-06-14 20:05:40,2017-06-19 20:14:51,2017-06-23 09:12:28,2017-07-07
1887b26eba419ce20f6fe34a6f88e80a,23fe51c9d4d1b1cef50c57b3c0babf5e,completed,2017-04-28 14:20:07,2017-04-28 14:35:15,2017-05-02 13:39:21,2017-05-09 14:27:05,2017-06-01
504ec2b6f69e898c557955750272d563,ba0a799b8a7b0b1a1ac522a0a8839bff,shipped,,2018-05-07 21:54:31,2018-05-08 14:17:00,,2018-05-21
fb797aee19d1e438385938cd482027bb,62383c983441809ec8977c644dd37a54,completed,2017-08-08 10:46:08,2017-08-08 11:04:09,2017-08-08 15:59:35,2017-09-05 18:53:02,2017-09-01
a2bbb88a8a7ebfa655f9172b60fd987f,cd4caa9c8a2fd5517470fe1f3360b969,completed,2017-12-03 17:04:39,2017-12-03 17:12:32,2017-12-05 19:03:52,2017-12-16 12:47:57,2017-12-28
7000fce52371834b260a8b6dd57eb419,8b22c8fb9fe2cd131779d2cad4931f09,completed,2017-02-24 15:50:47,2017-02-24 16:02:42,2017-03-01 13:01:10,2017-03-03 13:25:07,2017-03-17
a64331bb3f2dc9398fc61964bbf99296,96bfa6abb051b3b455959e2d0bc6aeec,completed,,2017-07-20 02:25:34,2017-07-20 19:49:36,2017-07-31 18:42:10,2017-08-17
4338e6bc70fcf731f6d799f56c66b6cb,f8ec0585a994417a4bd53c5156689ddd,delivered,,2018-01-26 17:22:58,2018-01-29 18:15:13,2018-02-09 01:08:46,2018-02-21
b4e2eb7f4325b44130052476646043c6,cfa96f1103002b25178f822afeb4c104,delivered,,2017-06-12 23:10:26,2017-06-13 15:59:48,2017-06-22 18:32:46,2017-07-03
edcc6b79e8394346ba3ba21b00b4055e,08aea10c40f606e52597486db2b56a81,completed,2018-04-29 16:03:47,2018-04-29 16:15:25,2018-05-02 08:25:00,2018-05-11 23:12:12,2018-05-25
cdf2839409d0f62e2b2e61b62b72dc16,852947b57caab58c544343592f5e06d2,completed,2018-02-14 10:26:22,2018-02-15 04:07:36,2018-02-15 22:08:06,2018-02-26 15:27:06,2018-03-08
c1fbc5439e7dfc2d85fef29b7353bbdf,685bdb800c0df843bb14d7a7a241c0df,completed,2017-07-17 13:34:52,2017-07-19 03:45:21,2017-07-20 18:31:53,2017-07-26 01:03:32,2017-08-09
5db2ef66c9c43c3ede53f72e6d10760c,8f9dd2625351d1727097357b1e240ac7,delivered,,2017-08-15 17:10:21,2017-08-16 18:10:17,2017-09-01 19:26:49,2017-09-11
51b0dccc8596ce37a930dff2d63a10a2,31bf1057b00f14804278590bbac18b1b,invoiced,,2017-05-05 22:45:12,,,2017-06-06
b0f093c9a7e135bb44a1e1bd7406ba30,f57351f8f87213bbb758f2f902f600c2,completed,2018-05-18 12:22:08,2018-05-18 13:05:59,2018-05-21 12:52:00,2018-06-06 20:41:34,2018-06-07
6d5f62b312ef08610aa99b1a365ec10b,2c58296eab043d713ee5fc669f6aba05,completed,2018-07-05 14:59:58,2018-07-05 16:30:53,2018-07-05 16:08:00,2018-07-10 21:04:13,2018-08-03
d1f23373fcc8819b0168ed403939600f,e96b0fbad01c75bac4692b344f98d0b8,completed,2018-02-11 00:17:16,2018-02-11 01:15:34,2018-02-14 22:37:36,2018-02-16 12:57:57,2018-03-05
06450a9849cb4a8c2f3bbeba9995b64f,6668dac2eb65c90a4b5662e8d5a38514,delivered,,2018-01-19 20:36:32,2018-01-23 22:08:06,2018-01-26 15:08:01,2018-03-01
1fc4c658ba7a1f8edf3492ce534944ee,5299b9f29f522644081a8249407ede3c,completed,2017-08-28 10:29:48,2017-08-28 10:45:12,2017-08-29 18:42:08,2017-09-06 23:04:18,2017-09-15
be5b278e38c06fb98c18c6ed0554b754,039c5d6f330c73420f1658e63f67f0ff,delivered,,2018-08-04 04:10:15,2018-08-07 09:01:00,2018-08-08 16:32:55,2018-08-08
0cd631e2d8ce9cf21c9ebe5b44f3a8c2,c6988d3eb60c30b1d49bb022715b9418,delivered,,2017-12-09 22:11:32,2017-12-12 08:54:55,2017-12-13 21:55:04,2017-12-28
a1f24dcf6e5fc6b0f0cd0b265381767e,15f73cd40ee94734ce2f3ebce168f1ba,completed,2017-09-27 11:50:27,2017-09-27 12:07:16,2017-10-04 10:17:31,2017-10-11 19:25:26,2017-10-19
33c2430c9d2f05d9d244895aa53b4a82,d9aa0fd51600102c2e7bdf3bf1649250,completed,2018-05-05 16:36:29,2018-05-05 16:53:38,2018-05-08 13:29:00,2018-05-15 22:18:17,2018-05-24
2d75fff7b2cc9e8df5ddfcf9a7a11cec,4244b230226a6cc815ffa70c4394b06f,completed,2018-04-11 10:44:58,2018-04-12 05:55:13,2018-04-14 00:48:44,2018-04-23 20:12:58,2018-05-11
24c0b5c7e8f51f85f1bcdbe4cd0f81ac,fc2a8d30702cbc30e24fcd1315030520,completed,2018-04-27 10:38:39,2018-04-27 10:51:59,2018-04-30 06:18:00,2018-05-04 20:28:36,2018-05-21
b8dd3c581f151ae1f4a0b011b0715eca,70e12437a260894a3f038b53d44b01e9,completed,2018-07-27 11:41:22,2018-07-27 11:55:10,2018-07-30 14:04:00,2018-08-04 11:58:48,2018-08-17
9dc439a9d732ca991174a53f114c3cde,6660b4dcb6bc876c71cb3f2d8de060dc,completed,2017-12-04 11:10:27,2017-12-06 02:50:37,2017-12-11 21:19:21,2017-12-12 19:42:07,2017-12-20
8bbc0e9b5ac010d6a9b8d76570cd20c4,269ebe5042123ff1dfbfc95d52eae825,completed,2018-02-11 19:10:14,2018-02-11 19:28:07,2018-02-21 10:18:45,2018-03-06 23:44:56,2018-03-16
7cd9ffeaee65a09e32ccf456b90784df,a956e20865cb062d7a3e7ae4c6ae756b,completed,2017-08-21 15:54:53,2017-08-22 04:26:23,2017-08-23 18:35:04,2017-09-04 21:48:50,2017-09-19
c6e85bb83d4a4831b79ccd25b2b98cd8,b12107d71983e8cefe72656d5202f754,completed,2017-02-11 16:11:15,2017-02-11 16:22:48,2017-02-21 14:47:37,2017-02-24 09:33:21,2017-03-14
c2fe713d93a9f489de49d6a79eb7f45c,196052c199e9dd6d68c99780c0a38e77,completed,2018-04-24 01:39:06,2018-04-24 18:30:30,2018-04-24 22:42:03,2018-05-10 01:03:33,2018-05-16
31dccf9e7042d47f0c7e77a6952d9ec6,3b235f2d5d4e9a29456aaeeb65a4b8ae,completed,2018-07-15 11:31:23,2018-07-17 04:31:30,2018-07-17 13:41:00,2018-07-20 17:14:31,2018-07-30
fd3dec101097b7fd62ae62c0e627f70a,8c2f13c6e90063bd06a0f8279a3cc39e,completed,,2017-11-25 14:34:24,2017-11-27 16:55:55,2017-12-14 22:52:00,2017-12-18
709d84dbb63f2afaaf2a48f69b56caa2,ab5babb0f97874afc275d813e711803c,delivered,,2017-08-08 03:55:18,2017-08-14 15:58:17,2017-08-16 17:34:13,2017-08-17
3f8ef8494797fd747668dde5870c1a76,b3b7a79be761431b60e2945100e694cb,completed,2017-12-11 19:56:32,2017-12-11 20:11:47,2017-12-12 19:03:33,2017-12-21 19:29:00,2018-01-05
624076d477f2670d9f41fd6f70390ec1,43e97a6a073accd257af8dfb5af2fc83,completed,2017-11-24 15:59:09,2017-11-24 19:38:02,2017-11-27 17:29:17,2017-12-07 14:58:31,2017-12-28
481f2db41ea6571226192db2b584fa6e,bae2e17717f1e6f357bbac0107dabfd6,completed,2017-01-26 18:27:04,2017-01-26 19:00:21,2017-02-06 11:54:29,2017-02-13 13:34:45,2017-02-22
82a6ea37c0c3ed2f6fe3a6029adbc589,9997d3fac97d1dd96ce13a68158e84ce,delivered,,2018-03-21 11:35:24,2018-03-21 21:09:38,2018-03-29 23:04:30,2018-04-18
6942e86d33b375b95195dda92c2f603d,d6cdfeca7b382005c0afaff5ee4c24cd,completed,2018-03-24 18:25:24,2018-03-24 18:47:11,2018-03-27 19:50:41,2018-04-09 22:51:32,2018-04-26
d8d9232af59462bbb0961d11222ea210,22569cf3f36b02da715a15f53101ed52,delivered,,2018-08-16 19:30:08,2018-08-17 12:09:00,2018-08-22 17:48:53,2018-09-12
5295794ed329bd3ffd4581bc4a0627a5,bce1676dd0edb9474cba3d3aa9067024,delivered,,2017-05-16 14:05:23,2017-05-16 15:30:08,2017-05-25 09:28:55,2017-06-20
80dabd6ee5b0e0d7d5672d511ca8cc7e,fbea4ed949b70f597425d14164f82851,completed,2017-10-01 20:04:21,2017-10-01 20:23:43,2017-10-03 17:25:55,2017-10-09 19:40:09,2017-11-03
56fdda0cb0aee560cd00b1a571dcb10f,d558a46ba4dd583c224349c628c52c56,completed,2018-07-13 18:07:37,2018-07-13 18:24:02,2018-07-18 16:25:00,2018-07-24 20:12:30,2018-08-09
5ca6beedce6f32eef65de17a1f81d50d,c06f5779dc9ad82cf60b76db2434366c,completed,2018-08-17 12:26:02,2018-08-17 12:35:19,2018-08-20 12:02:00,2018-08-23 20:31:58,2018-08-29
2a61a7cf365db56cbf9fb72e2a422653,b1b136ceac7fc54316f2280cd040ed6b,completed,2017-03-20 00:36:36,2017-03-20 00:36:36,2017-03-23 15:37:43,2017-03-31 18:15:51,2017-04-10
74748a8ba7d523ab46fe3354996609f6,a3cce16d1def5991f7314b717b373ab4,completed,2017-02-08 12:55:23,2017-02-10 02:45:27,2017-02-10 07:27:59,2017-02-14 16:08:45,2017-03-17
df972aca1fba0a417674857678e2c4bb,322eae54daccdcbee96799ebd3a67830,delivered,,2018-05-21 15:32:00,2018-05-24 10:48:00,2018-06-02 15:28:45,2018-06-07
5f82d80fc04ae3521ac4cdad135aa9b1,bb1e941d0e011c8a1a72bb2bfceb6c61,delivered,,2017-11-02 18:55:26,2017-11-07 20:21:17,2017-11-24 17:09:09,2017-12-05
62fffe3cf205e0deb385d92481d3cb40,502f84b96849b881c0bb14a9650d0a13,completed,2018-02-02 15:40:59,2018-02-02 16:00:40,2018-02-05 16:12:07,2018-02-21 10:53:13,2018-03-05
b1235029ff825a6ee63ea5c87797cd82,b11ef54879526dd5426f747d2ed677c1,completed,2017-03-18 15:22:19,2017-03-18 15:22:19,2017-03-22 16:58:42,2017-03-29 16:45:13,2017-04-10
24843df655e56c3713485a7880677287,6f8f6a52f408ae47a83c5e2b7d1d395f,completed,2017-10-30 10:44:32,2017-10-31 12:31:49,2017-11-06 21:32:21,2017-12-01 21:21:12,2017-11-30
6caff58e656c5b6c5769918fd09707c2,f463d27a26d6aa1d7f438df524c501dd,completed,2017-06-15 17:52:57,2017-06-15 18:05:19,2017-06-16 11:07:04,2017-06-19 13:54:02,2017-07-06
97bca524044b6fffcdbcc4ced6e2390f,5a31560ab7821af245ac21f6ede6f4c3,completed,2017-10-03 21:30:44,2017-10-03 21:49:42,2017-10-04 21:34:10,2017-10-05 22:02:40,2017-10-19
14b791be12b020b826c2ee4c7662a5da,d79bbf4a1c9af9f33686cf1f64457f63,completed,2018-03-30 16:27:56,2018-03-30 16:35:12,2018-04-03 21:04:16,2018-04-13 23:28:32,2018-04-25
e5fa83ee166ad4e56b60c0bc4a2e12bc,09019e777b997c943ed2c3b3b9fb2707,completed,2017-10-30 23:55:00,2017-11-01 03:15:41,2017-11-01 18:03:10,2017-11-24 21:11:19,2017-12-01
00a174dbf11967d260033fa6ab711493,ae06f7ef9cae527f248b5401c5663265,delivered,,2017-11-27 10:56:20,2017-11-29 20:03:53,2017-12-19 19:33:32,2017-12-20
0bcb914e60bb0de6160699483722bc0d,7095f9b891c923ab4e2298b22649e6ca,completed,2018-05-06 19:50:08,2018-05-07 09:56:10,2018-05-11 15:31:00,2018-05-21 21:28:20,2018-06-04
58fcb8ce8784213ace394e1427f50fb7,9e4f4608b4a885205ebb609ecdb7ea5b,delivered,,2018-07-11 02:05:44,2018-07-11 15:15:00,2018-07-12 21:51:39,2018-07-19
55c5b6e322eed3fe3dbbd82da9906019,ba1b4a0f287cf0364816c7376ac2b141,completed,2017-09-18 19:35:11,2017-09-18 19:45:39,2017-09-20 03:08:39,2017-09-28 18:30:17,2017-10-05
2fc59b5605bf0cfc03638cb2cca26b16,fac64b6875bc7840442069be52752e14,delivered,,2018-08-21 18:35:27,2018-08-22 13:09:00,2018-08-24 21:51:58,2018-08-29
3241baf723e29f140a6ff9082b7f9aca,3e13d7562141418f00f431202390536c,completed,2017-08-02 12:57:27,2017-08-02 13:10:10,2017-08-04 17:05:52,2017-08-14 19:36:59,2017-08-24
b543e95769f2da5f435df6a8ccb13eb6,f007d19db1f83a2f77650ab490703640,delivered,,2018-01-16 13:36:20,2018-01-17 22:33:50,2018-01-29 21:37:06,2018-02-14
efeb57b095ad1d83a933437cb2c4837c,df939eb2e1f58a07066431a50bb9bf55,completed,2017-11-16 17:42:52,2017-11-16 17:52:46,2017-11-17 18:41:53,2017-11-30 19:35:17,2017-12-07
252a85fbb824c236e3b232f556edfc68,519579a0b1843161c9ac5cac2376caec,delivered,,2017-12-05 11:30:01,2017-12-05 21:13:43,2017-12-26 21:18:53,2017-12-27
58e507b7d867429e6bd5116ea280588d,0f2b84248204870aa5a64e07b578ced7,completed,2017-05-07 12:47:29,2017-05-07 13:10:26,2017-05-12 06:41:52,2017-06-05 14:08:08,2017-06-08
63098185d431678eef6d6651e235a1f4,3abc6ea6997457982d7a6f025c4e0786,completed,2018-05-15 10:46:21,2018-05-15 11:31:37,2018-05-15 14:42:00,2018-06-04 17:03:57,2018-06-11
35c369ca367805c6b6c59ce554768eef,10ce609a34904ea87a4254e96b05dcf8,completed,2017-10-24 21:38:09,2017-10-24 21:49:24,2017-10-26 19:48:07,2017-10-28 11:50:06,2017-11-08
b012c1697921f54e80780e034a93c871,bd08dfed0cf17e30968943b497ef14ec,completed,2018-01-21 11:13:57,2018-01-22 13:47:19,2018-01-23 21:13:24,2018-02-03 13:12:35,2018-02-14
500e36e71ec5080f1935acac38e0f8c1,326cd7173402f166f337b4abecbadba4,completed,2018-06-11 17:46:23,2018-06-11 18:18:58,2018-06-15 12:49:00,2018-06-20 14:42:46,2018-07-05
8176c11ca059602f1a7b1615f4cebbd6,706294ee2bf13bab8e5ed8ad240b0406,delivered,,2017-05-17 23:10:16,2017-05-18 16:28:07,2017-05-19 10:38:08,2017-05-31
5361ae7742cca11bdce02eba111d345a,822d89ae169a34fc33eddc98e2e90e23,delivered,,2017-03-22 08:40:31,2017-03-24 16:03:39,2017-03-28 12:27:00,2017-04-10
edf4d697d6281d6f40f101a31462c929,1f7f094865cd0e20a6acb5cdba5c5f19,completed,2018-02-23 20:36:44,2018-02-24 02:35:46,2018-02-27 02:09:16,2018-03-23 23:48:40,2018-03-28
e00c5912daa4e24b9f1820ebb4e930ae,17ab7e50ec3908dbe699511e92f379b6,completed,2017-08-17 08:11:18,2017-08-17 08:24:13,2017-08-17 16:37:16,2017-08-29 15:49:52,2017-09-11
25461ae3c4bf9bf6e41a3a163f763c8f,e377314dfa6e23684f1fae454fe8d8d0,delivered,,2018-08-12 21:05:14,2018-08-13 13:30:00,2018-08-14 19:02:43,2018-08-16
cdc62ef71741b912ed0378bd8493f884,d0138d0685264cf47574e68da0763d67,delivered,,2018-03-09 15:55:35,2018-03-13 19:34:31,2018-04-06 20:48:47,2018-04-18
21ee832eff624a82225c6e98cd2dcf7f,6bef8002464a89b85c089ff2a64bc5ae,completed,2018-08-15 21:15:58,2018-08-15 21:44:05,2018-08-17 14:23:00,2018-08-24 22:23:41,2018-08-24
c04166574120428f8692aa072697cebc,a3769a6e70dc4fa874b30d62d812942c,completed,2018-02-19 11:11:12,2018-02-19 11:25:33,2018-02-19 22:04:00,2018-02-23 19:21:51,2018-03-09
3e8de743dd3009df8fc34e0555124ed8,2c127bf706b5089fd5dbdbcb02c7fcbc,delivered,,2017-10-22 20:28:21,2017-10-23 19:43:37,2017-10-24 17:27:10,2017-11-03
94fc0c5ebf3d2669b2653019706ce767,5702c879ce77d1784d24fd834beb8f44,completed,2018-01-07 12:39:20,2018-01-07 12:47:41,2018-01-08 16:30:08,2018-01-15 20:46:42,2018-02-07
3933b209d011421f37238c408302ab6a,e0169b7595b7b5413914f12d084ce4a4,delivered,,2017-09-16 21:24:54,2017-09-18 21:05:47,2017-09-21 17:48:10,2017-10-04
cab618a13f81a7ad42573993ddae2ff2,4205cff8e8c084e073c7c3d8380b98c6,completed,2018-02-27 12:19:10,2018-02-27 13:00:30,2018-02-28 17:11:46,,2018-03-20
6ff900f88e265e076a3625007c01cdbc,a00774e666bc2f0af970ff157ecf6f7e,completed,,2018-04-27 19:15:25,2018-04-30 15:27:00,2018-05-09 21:08:48,2018-05-22
f6fbf7907913892ffc12ada3bff286ba,1d7d832199ca5ea415e212d226ae106c,completed,2017-07-31 18:47:11,2017-07-31 19:03:15,2017-08-02 17:49:51,2017-08-10 20:04:29,2017-08-30
1c58c266f70494954b0e545444355f3b,78f6f95ad4bd71dfc7185b4825afea8a,completed,2018-02-26 08:38:33,2018-02-26 08:50:23,2018-02-26 20:17:26,2018-03-15 21:28:24,2018-03-23
629e289bf8013a1e9dcb5fc8cb9b377b,bfe6959e788d3b3bc146aa98f45ddb6c,completed,2018-06-15 15:13:15,2018-06-15 15:37:43,2018-06-18 14:41:00,2018-06-19 19:42:36,2018-06-28
0fe78862cdfd562448985ee7fbc8a08e,4d7e089ef0ae3a98da638debd25c4a25,completed,2017-02-17 16:23:11,2017-02-17 16:35:22,2017-02-20 08:47:35,2017-03-09 14:44:04,2017-03-24
4c37682d353334478fbafa4808110fd0,4c97445f829b977ab55cd095af2876c7,completed,2017-12-21 00:01:51,2017-12-21 00:10:46,2017-12-21 18:37:04,2017-12-28 16:22:26,2018-01-16
d01dff4d42c2ef5bdcb2085ccf391ed4,302bd5105bfe26a95e7942e9e85d5b2b,completed,2018-04-04 15:08:43,2018-04-04 15:30:14,2018-04-06 17:21:12,2018-04-11 02:39:46,2018-05-07
9b7dc894401e705fca11db5f78a1c54b,b07413755f95c395799dc2da2f9ad06e,delivered,,2018-02-28 21:09:01,2018-03-01 20:35:33,2018-03-06 12:49:30,2018-03-23
fe9eb7fc7765ab4b09f817fda0b63089,80db8c7a7ea6b11ca4c65cc2b93a6dc0,completed,2017-12-04 14:37:42,2017-12-04 17:07:11,2017-12-05 17:58:06,2018-01-13 00:45:24,2018-01-02
8c8a24bf308761df290a5503106a8ae3,660d00e856b634e54e0dad583b10483c,completed,2018-05-02 22:55:12,2018-05-03 00:04:47,2018-05-03 16:38:00,2018-05-07 14:20:58,2018-05-15
ee9e4a1d1929cc2d8d2f8c2a1cb3cea6,282c9df81d9e83eb605bc3804a262266,completed,2018-08-24 14:28:38,2018-08-24 19:50:13,2018-08-27 15:12:00,2018-08-29 18:02:36,2018-09-11
b1bd0e86ea8b4060e4e7c5684202b656,b3c8ed4840e19fb161faca3b4ed4cfa8,completed,2017-11-16 13:02:20,2017-11-18 02:15:33,2017-11-29 23:37:28,2017-12-18 23:57:24,2017-12-06
e3c131bbe953a1cdb1dbaf261715c368,38d1cd89306128348ffdf4cc23f3a50a,delivered,,2017-03-16 16:41:44,2017-03-17 11:07:01,2017-03-21 11:27:49,2017-04-04
0f95a7e23723d5388a494f2d812a8332,5f454675eda0812f4ca038d7a6796a38,delivered,,2018-04-01 20:08:34,2018-04-03 21:19:23,2018-04-12 00:24:45,2018-04-25
f09b179b5803265142d7de8614234125,fbac6b4022506e370844af799dd93111,delivered,,2017-03-11 21:54:43,2017-03-13 09:13:05,2017-03-18 08:27:46,2017-03-30
d7883c9f072902eba8f3b8af350976bb,53acd19d26c67a3842218b6cd931196f,completed,2018-02-28 22:26:55,2018-03-03 02:50:51,2018-03-08 12:59:31,,2018-03-20
c38813ffe793f98e9c552fdd4f0a21ee,a51fd34f17dbb1494058b853b558e419,completed,2017-09-10 10:12:26,2017-09-10 10:30:22,2017-09-14 22:57:45,2017-09-22 17:37:01,2017-10-02
ca19d840d5e718f4b8aeec1a40d393ec,a4b8f42e7147acc8be0da5dd43c4c88d,delivered,,2017-09-16 21:15:12,2017-09-18 19:32:45,2017-09-22 21:18:03,2017-10-05
49bfd44c750b412b6c1312637fb82abf,2d24fed1756a77452cee7d8dd4375c61,delivered,,2017-09-12 16:04:53,2017-09-15 18:42:27,2017-09-26 18:49:03,2017-09-29
69877d0aa8f3f125ac5dbdc5215dbbd4,6dd1e15c0700a319d692f9cd2f556b27,completed,2018-04-19 13:58:05,2018-04-19 14:13:00,2018-04-23 19:58:45,2018-05-04 21:06:59,2018-05-15
b8c123fb1b26f1adfb0d6f9d17255de7,55078458f6622b6a47faf210f19c838d,completed,2017-12-28 11:27:49,2017-12-28 11:37:22,2018-01-04 23:07:30,2018-01-17 18:02:50,2018-01-17
ea8efd0043199fe88f31e1fea2e840f6,a17a7b3ef3d9a5c528919354288dd99b,completed,2018-07-21 13:16:37,2018-07-24 11:33:12,2018-07-26 11:09:00,2018-08-06 19:42:00,2018-08-22
41d5636cfaa3b8436beab84388cf73d0,e3ca9adedf7464a8e2c2802ed1fe3757,delivered,,2017-07-16 15:30:08,2017-07-20 20:11:44,2017-07-22 15:04:08,2017-07-28
d9a857b8ca6c8ca6a97e6977be3e47bb,4d6ea1b19aa670516d625c6da25d954f,delivered,,2018-02-10 02:35:55,2018-02-16 16:43:29,2018-03-05 22:38:34,2018-03-14
d6ef78a86ea5cdf1238f68102c64b6c0,259e7de24e5dc43cccd9cb271167bab1,completed,2018-06-09 01:44:49,2018-06-10 10:30:45,2018-06-12 11:44:00,2018-06-19 16:56:36,2018-07-16
de600694e63dc521b56a7fc6f01576d7,f4cdd4fc25b538733574c54d02784e3b,delivered,,2018-03-27 04:08:25,2018-03-29 23:28:24,2018-04-04 00:41:55,2018-04-23
187a17302afec3ad360e610e19e455cc,4fa7e6404524c09c8580c0c8321e5d73,completed,2018-07-17 11:11:38,2018-07-17 11:21:18,2018-07-18 15:14:00,2018-07-20 17:48:34,2018-07-26
140b263288af3fc4f4b00c207639b37b,de0bac8d2ff6055f46241e3939e30a32,completed,2017-03-21 13:40:15,2017-03-21 13:40:15,2017-03-23 11:16:38,2017-04-06 13:34:34,2017-04-11
22e9617c26ec9b8bd09c75095067a631,7f11dfabe073952b7e6ef2ed28eb3260,completed,2018-01-22 22:26:08,2018-01-22 22:37:24,2018-01-23 16:38:57,2018-02-07 12:07:57,2018-02-19
b68158eed8887928a1dea62a3d9fc407,6fc2f5ad517b6d8f74b12e58397f6615,completed,2018-02-09 13:48:50,2018-02-10 02:49:30,2018-02-15 19:37:13,2018-03-06 11:37:48,2018-03-23
b399edffb45924aa34e06ccfab7513bf,be5b2407d2c040ac93d987080f64fcec,delivered,,2017-11-17 03:50:39,2017-11-17 23:11:55,2017-11-24 17:32:16,2017-12-06
db19ee032409eb975bc529b906bb8298,38070926ee91423bdc82e914a72429de,delivered,,2018-07-14 18:35:24,2018-07-16 13:51:00,2018-07-31 02:32:47,2018-08-02
f2ec8bd7dc2b9af258766fe469a5931e,2ab885f5c189c548b974c71966554173,delivered,,2017-08-10 03:25:53,2017-08-10 20:22:56,2017-08-14 20:34:56,2017-08-22
38ee0413fc5a49c0c2eab6864776bf2b,6093facc8a1c13bd8499e221125e9d59,delivered,,2017-06-13 12:35:54,2017-06-13 15:42:07,2017-06-22 15:27:10,2017-07-11
c2320c404179d2b8805c42b8b8de9668,6b9961cd2c203b4154482e717236a58e,delivered,,2018-07-05 16:22:03,2018-07-05 15:53:00,2018-07-11 18:07:42,2018-08-01
27572d0c11af71f78423d11722b2503b,9efd0db5d0d6d9c6559907be1e6bb288,delivered,,2018-07-10 20:31:23,2018-07-11 15:11:00,2018-07-16 15:52:30,2018-07-26
caad8650d057e45848943e18ad94ad73,fcdcb8ba740481a72da7da0bc6e61d20,completed,2018-03-28 14:17:43,2018-03-28 14:30:23,2018-03-29 16:12:54,2018-04-02 14:56:35,2018-04-10
a1706a33c76bfd77c2fa337f882b31b2,35b0436d8811d628c6cc361c0cacd2f9,completed,2017-08-19 14:49:51,2017-08-19 15:05:07,2017-08-21 22:09:01,2017-08-28 16:10:09,2017-09-25
346b2fb1fdc9e25b67e293bbd5fe9ec7,8e069736cdd121d166b7224578f3c332,completed,2018-06-24 17:49:20,2018-06-24 18:15:05,2018-06-25 14:13:00,2018-07-02 19:41:59,2018-08-07
71ea8340051d1eb026b7f104899eafe9,90c57a956687efce976e3a57c514e2c3,delivered,,2017-05-17 04:10:28,2017-05-17 16:25:57,2017-05-22 12:52:07,2017-06-09
9d859f31704188d939d713b4fe19550d,a64531a31e0a79a337b2d6611160ca76,completed,2018-05-16 13:24:11,2018-05-16 13:59:11,2018-05-21 14:49:00,2018-05-22 19:25:30,2018-05-28
0188ca1fe398161f0f310fec985ac155,c2b33cff8fe4c4d8eb300547e5e5208e,delivered,,2018-06-30 02:52:29,2018-07-03 11:06:00,2018-07-06 20:58:34,2018-07-19
ee4f89a4d2cea2a4910f24c491696af1,31c3c57318baea8904c0855e7b05e955,completed,2018-04-02 12:49:12,2018-04-04 03:29:27,2018-04-04 18:11:11,2018-04-27 18:36:42,2018-04-24
722d538cc82ebbe96084de19ed6f7fad,041f3b81b454fafa2803d20e5c79372f,completed,2018-01-15 13:56:58,2018-01-16 13:50:51,2018-01-20 00:32:39,2018-01-31 16:44:08,2018-02-14
8f858c47e49820f3f6c7a8bf4d68d490,add16938f937555f63ef16e52371d3ff,completed,2018-07-16 16:23:02,2018-07-16 16:35:15,2018-07-18 17:04:00,2018-07-23 13:20:53,2018-08-06
6c589cce00692bb7fbd49d0eac280b17,fcf170ce0cbc74bfbc925f787a53940e,delivered,,2017-08-09 02:55:22,2017-08-11 20:19:53,2017-08-17 18:30:13,2017-08-31
943f6c7b262e40ec0526ff87156fb401,6588dbadeec34a7c4372ab86dc7dec94,completed,2018-08-04 17:00:12,2018-08-06 21:04:35,2018-08-10 14:36:00,2018-08-20 13:54:34,2018-08-27
2be4ffd7d4cce421234db66149a7f749,0bf1d9ed15689a889e24bfa49096a1ef,delivered,,2017-08-16 17:44:47,2017-08-18 13:15:51,2017-08-19 12:08:45,2017-08-29
e102b2494339fab55c3daf18187409a6,91202e3985d66cef5918e07b66764944,completed,2017-07-20 13:35:29,2017-07-20 13:50:11,2017-07-26 19:20:19,2017-08-18 18:46:44,2017-08-11
105b31400017ca4a848d48ec5df78257,88b39890f0163934fb46680f5c6073ec,delivered,,2018-03-19 13:35:32,2018-03-23 15:52:04,2018-04-10 20:08:28,2018-04-20
ae8590e2d258155cb303eaac1325e099,4a7e7ed4a4e7db8f6b0548fdf02b49a8,completed,2017-09-22 20:43:04,2017-09-22 20:50:18,2017-09-25 19:28:54,2017-09-29 18:40:07,2017-10-19
dcec2b3be8c3d53056fe63381b2a6cfe,6a561788c45be4acceb377783ad116be,completed,2018-01-19 12:33:36,2018-01-19 12:56:22,2018-01-24 21:33:08,2018-01-31 02:32:16,2018-02-05
3866b953e5de590e02c32234abb1b5b4,98833a857b8be9f0b483e78ae235729b,completed,2018-04-28 16:49:16,2018-04-28 17:11:11,2018-04-30 11:18:00,2018-05-02 20:58:45,2018-06-01
58b87ea5983b516a65c22435901c83a5,88337e7259fff920f8bb11448c9ee2cd,processing,,2017-12-16 13:55:20,,,2018-01-26
39aeb187a9843573928fbb6d46181158,6530e623753f65cf28a4f0a5e289a600,delivered,,2017-02-24 09:22:24,2017-03-01 11:14:49,2017-03-03 11:13:41,2017-03-17
e9a0ea38c9ccce5af1c178330ebdf3b3,b29bd54e3f696b788f8473826a68be4e,delivered,,2017-11-21 20:07:11,2017-11-22 19:10:00,2017-11-30 19:33:03,2017-12-07
f63be24880200ae32aa24f5b458a3dc3,a6954f48f5d8a0dcbad1a0921109cb56,unavailable,,2017-01-27 14:31:44,,,2017-03-16
315f7759c3f6557f50e47798ccd673a3,54e217beb4b07ffdebc14c428e3f240d,invoiced,,2018-01-15 10:11:08,,,2018-02-08
fd3099e9b0848ad9cc6e82c2dacb1bbe,886dcd8a6d9fcebe7ef5fca57d474259,completed,2017-11-23 05:40:52,2017-11-23 06:07:26,2017-11-24 09:43:04,2017-11-30 01:53:20,2017-12-13
a2392ac22d661d26d7facf9ea5d6a5b8,558db5ecbdc2c47fa8b3f8ae3b8a0453,completed,2018-02-07 10:06:39,2018-02-07 10:32:14,2018-02-09 22:18:01,2018-03-04 18:41:29,2018-03-14
e830930ccc3850213c092565ba5b99ff,ac5b39607960365bc17913eb15af207e,completed,2018-07-02 14:00:47,2018-07-02 14:10:50,2018-07-03 14:56:00,2018-07-04 22:20:47,2018-07-19
36fab5ed597c9dca017dfa0711e84687,18bf97f433229e973e41658016d9459b,completed,2018-06-12 21:44:42,2018-06-12 22:21:38,2018-06-14 15:07:00,2018-06-26 21:34:32,2018-07-18
dd31111df3c5c93d9be367bb8de6d3ed,80262844f63a61c4641efa98338fe8a4,completed,2018-06-18 17:45:18,2018-06-19 03:36:34,2018-06-19 14:15:00,2018-06-22 17:41:47,2018-07-12
07ae1be141672315e599bc7ebf23c5f5,937d932e4f3d619420748f0f4a86a74e,delivered,,2017-10-05 02:03:16,2017-10-05 19:05:01,2017-10-07 00:16:52,2017-10-24
ced1ad511f0040ea9b8eb5008d7d1344,d4bbb88f4bd83fc93e2ff050e48e9fb8,completed,2017-11-08 11:56:58,2017-11-08 12:30:58,2017-11-09 17:18:51,2017-11-10 20:11:47,2017-11-22
fc570e267c5c6bd72f926b1e075e9840,4adfaba43ed62faa6b513a4b7623ebec,completed,2017-09-09 14:40:50,2017-09-09 14:50:19,2017-09-12 13:18:12,2017-09-14 18:53:30,2017-10-02
cf68d1708492cb14a50e5aeb9b7abe1e,841fe4f39338e188364eff57c38f2768,delivered,,2017-11-10 13:47:02,2017-11-14 16:36:19,2017-11-23 19:03:23,2017-11-30
f2307c6c281dc9e69cee79495692066a,e177da54a5ae8634501dfb4adde619b1,completed,2018-08-15 19:42:43,2018-08-16 03:24:23,2018-08-16 11:23:00,2018-08-29 12:56:54,2018-09-13
0020262c8a370bd5a174ea6a2a267321,9ec353f970bdf785f6568724d9ea19aa,completed,2017-11-28 09:32:49,2017-11-28 09:58:07,2017-11-29 00:09:20,2017-12-02 12:27:33,2017-12-22
2033b71596a6d101bc6d429c6a811455,aab03c72dd20ff4aab68f24c8fd6ea57,delivered,,2017-06-23 20:50:13,2017-06-26 14:56:36,2017-07-04 13:29:47,2017-07-17
bbeeae69169758cd2d24b78df914a56a,7d496c6a7b00221ba195bb0304657b19,completed,2017-11-15 15:26:40,2017-11-17 10:51:10,2017-11-21 16:11:57,2017-11-30 18:33:47,2017-12-08
2353193a857232c5eb9a7604fc505089,1d815f3ad9b2017b6da2c4f1cbb1180b,completed,2017-11-28 18:51:49,2017-11-28 19:53:27,2017-12-04 20:27:37,2018-01-04 19:39:25,2017-12-21
0af905b4a536b95528b4eb5dd2c192da,bdd71d1ed3a12a4878d61d011209c2da,delivered,,2018-03-09 17:28:46,2018-03-13 23:11:40,2018-03-20 15:54:59,2018-05-03
e03178527556af2aeb2b29af558de49d,ffb5eaca500a57b7dd52256fcfc82e12,delivered,,2018-08-10 14:30:18,2018-08-14 14:14:00,2018-08-22 16:09:04,2018-09-17
ab3dffe6fdcd9b7b7896d000abeefc4d,4f3917403e70753c86947d454697fb91,completed,2017-10-05 22:11:35,2017-10-05 22:24:45,2017-10-06 20:39:41,2017-10-11 21:43:25,2017-10-27
95e97906186d7174caa3a682de6d7653,2ef0049219fc82f93b6745d96514752f,completed,2017-07-16 15:43:59,2017-07-16 15:55:11,2017-07-19 01:12:26,2017-07-24 19:13:53,2017-08-04
4810bc72b32b9b06d7962b3c645faea2,7f2b3135700ee34aabe5bb580cd04ddd,delivered,,2018-03-26 18:47:25,2018-03-28 17:18:26,2018-04-13 21:26:51,2018-04-24
359352820ef7acbc4def738b048f2d6c,2815da103e2929fd06a7b2129153fedc,delivered,,2017-05-04 10:35:17,2017-05-04 17:18:48,2017-05-29 13:49:21,2017-06-06
ef2570b7f7f75c08b117f1d8db2a030e,306a3c60e7ec65507ec50047f66b01f9,completed,2018-06-18 12:18:58,2018-06-18 12:37:30,2018-06-18 14:06:00,2018-06-29 19:47:33,2018-07-30
14fda766f6a1e0a37886b3e8fcf8bde1,0e1cf9332ab9b502f469458da2a5e7e9,completed,2018-04-01 22:38:52,2018-04-01 22:50:16,2018-04-04 22:10:53,2018-04-11 14:48:22,2018-05-04
0c9b9834c09d4fbf6bbadf2b3fba9828,2a7650b65bcb266e812c0408d2bc2414,completed,2017-11-25 18:24:33,2017-11-28 03:19:09,2017-12-01 21:51:56,2017-12-10 18:03:29,2017-12-15
c9c47f859e747812a921562c2f874229,6425d1369b270b096dfcbce176e3c59c,completed,2018-05-14 17:04:59,2018-05-14 17:30:12,2018-05-16 14:49:00,2018-05-21 18:12:17,2018-06-01
dc32acbe8d41196887e5d7ac6c2972bd,1fcb9f10321dfd890dd7153a7dfcc890,completed,2018-03-07 15:24:48,2018-03-09 02:10:25,2018-03-09 20:58:30,2018-04-12 20:52:41,2018-04-03
8c8ab4a6c61aaea6eccaed2958c36231,4b4466ba57ada97066e473b023c99db9,completed,2018-08-15 09:27:37,2018-08-17 03:10:22,2018-08-18 08:54:00,2018-08-25 00:11:48,2018-08-30
c9fc6a8e6b1fe646f9358b9ea7b1a446,57bebcfe34e11956f3252325dd271c1d,completed,2018-01-24 10:58:32,2018-01-26 13:39:30,2018-01-30 18:45:03,2018-02-21 20:18:36,2018-03-02
53b28c9fd34d5fa0747bfc3032b0a8e7,405caa28d9c6401723a5a6a42af30545,completed,2017-06-04 22:40:48,2017-06-04 22:50:17,2017-06-07 15:53:09,2017-06-12 11:24:36,2017-07-10
744bb613bca97aa5b1e31acbe8d2215b,a812d9a36cdcf09a31b8ef2be22654f5,completed,2017-12-17 15:52:59,2017-12-17 17:30:27,2017-12-20 14:43:06,2017-12-29 20:49:11,2018-01-11
fd0bc348f5162c5aa0fa41a9fef61c3b,2a9383dc7b74510d78fe5208adbc3fd9,delivered,,2017-11-29 19:30:26,2017-11-30 17:23:28,2017-12-08 22:43:45,2017-12-21
8d2277f13f62b13b16b95ad41120decc,9216338e390b878babc5ff9b0ebb10de,delivered,,2018-05-15 15:56:18,2018-05-17 08:25:00,2018-06-04 13:48:28,2018-06-04
2777d11affc76c7163a6c3e0e739aa56,da134898266eacd500b876754de64a37,delivered,,2018-04-28 02:51:39,2018-05-09 12:12:00,2018-05-15 17:48:52,2018-05-21
0a0b0479c9e05814f250c7bea5b1a95c,bcce684969990851024216985d1a9b5c,delivered,,2018-06-14 21:36:48,2018-06-15 12:43:00,2018-06-21 19:52:01,2018-07-16
d4174eb830aa8dc92a23395da7d5012b,703cd2dc00359d094d521dfb00186250,delivered,,2017-06-18 11:15:18,2017-06-21 19:03:09,2017-07-03 12:37:46,2017-07-21
989788f1c17a087572e29eb4fc130983,ea307d84349255edf7b95f7a6f53dc98,completed,2017-02-05 11:09:50,2017-02-05 11:30:12,2017-02-07 15:20:54,2017-02-13 18:40:11,2017-03-01
aaf8c4fd10324c24379e08159ce8489e,0a9901c032c4007854dfe4f67b42ab68,completed,2018-05-15 10:54:37,2018-05-16 02:55:18,2018-05-16 13:15:00,2018-05-18 14:33:32,2018-05-23
551ac5ff66bff1f852bc0b36eb22e162,2a50e9151ecf1b477d053cc68820a5a4,completed,2018-08-18 11:09:38,2018-08-21 06:09:51,2018-08-21 13:23:00,2018-08-27 16:07:00,2018-08-30
e4a4be9057b0723c5014f56c6d4ba6ca,70866865cfb7a386f82220cc07856c8a,completed,2017-09-18 12:16:24,2017-09-18 12:30:18,2017-09-18 21:12:40,2017-09-20 18:25:57,2017-09-28
f3b3c5a3c5223b95a6cffe4f2108375b,245100aafd9804af7306b43e763be87a,delivered,,2017-12-01 09:30:48,2017-12-06 16:52:26,2017-12-12 18:39:19,2017-12-26
aa4eb242ce9038844369a880da5ceb5e,540e52299d869bd74c555a17a5c6696d,completed,2018-02-22 18:24:20,2018-02-24 02:35:47,2018-02-27 15:53:03,2018-03-06 19:15:37,2018-03-14
73d5596cd40ea2ece8accb9b4e5fc938,e3249491f80e1cdd4afbaf3bcc428862,completed,2017-10-25 13:54:04,2017-10-26 03:08:51,2017-10-26 20:42:31,2017-11-01 20:16:47,2017-11-24
b35a771164a9defa3b4767f1b66918b1,db72b1bc11dfa3a7d4dc04332a77b651,delivered,,2018-07-25 02:50:18,2018-07-25 13:32:00,2018-08-03 10:03:31,2018-07-31
08915d73ff742886f0b4c9429af3c959,cd1e26832990fe789ebf64b0bd3de6c1,completed,2018-04-22 21:23:13,2018-04-24 17:11:29,2018-04-26 07:49:00,2018-04-27 13:27:37,2018-05-11
b6b88bb7090445219baad4d67eda6ce6,3e27365a6edfc3cbb04903981b4d9460,completed,2017-05-02 14:07:29,2017-05-02 14:22:41,2017-05-03 08:37:32,2017-05-15 12:42:09,2017-06-12
f1693d9efbf6b7da21de720cbc7d6d54,199e8647aea028002d817f8aee8b0570,completed,2017-03-12 12:50:52,2017-03-12 12:50:52,2017-03-15 11:29:55,2017-03-17 12:38:02,2017-04-03
f7975233cce5d29114cc23919f1cc8d4,32479f82a2d9369832b89ffd4d5194f0,completed,2018-04-09 16:12:20,2018-04-09 16:31:24,2018-04-11 12:31:24,2018-04-18 13:32:35,2018-05-10
31ca199ff8e0748b9d065f1bfa90450b,f8a3f90054427bb63eed0ec42ed00e70,delivered,,2017-08-05 02:50:11,2017-08-07 12:18:49,2017-08-12 16:27:29,2017-08-29
3e452a4a4bd5289e081ae210352500bd,4233f25ca89c268e03b0f3b87f767f9e,completed,2017-11-24 01:43:41,2017-11-24 13:11:46,2017-11-29 13:27:03,2017-12-11 23:35:23,2017-12-08
a30c457db31be821e75d2d690067559e,4f1f2b13805c2ab2ce70a6cad8001b18,completed,2018-02-04 07:44:16,2018-02-04 07:55:27,2018-02-05 19:37:35,2018-02-09 20:27:51,2018-03-06
02f2f6063eb01b5e6e29bda347635389,92ac4160874c75b187c8222aec92e1a6,completed,2018-03-19 19:36:41,2018-03-20 03:10:37,2018-03-20 19:12:46,2018-03-24 00:38:35,2018-03-29
35dc5c3a87f9e9cf93676b98d4bc35a2,be59c56551fe3cef6d7019c7ab1fddb0,completed,2017-02-14 14:26:02,2017-02-14 14:35:22,,,2017-03-15
b48a3d26eeef8f09cc2bde23ab930234,ab7afd365252d4948e7c65f64e3eee3d,delivered,,2017-05-24 16:15:14,2017-05-25 08:33:32,2017-05-29 07:03:14,2017-06-26
fc22b5be95b78b75981e0941fde2d34c,5ea2072bf6d8282cf452c471506c54a3,completed,2017-07-15 11:56:44,2017-07-16 12:02:50,2017-07-24 17:51:58,2017-08-02 19:52:06,2017-08-14
36fb716af0b33abaac585787ccd0c0af,589b394c269c9debfc7c47e5ed514dc9,completed,2018-05-27 12:20:21,2018-05-27 12:35:13,2018-06-02 09:05:00,2018-06-06 23:42:05,2018-06-20
fd0342fda6ba083712b6ed0d4e6ac483,1d3e643209846ffadac771cc5dc1ed4b,completed,2018-07-23 16:24:27,2018-07-23 17:21:07,2018-07-24 15:28:00,2018-08-01 23:46:21,2018-08-14
ea2885f040ff7729e3d94488802e2917,667851f75c78e125a443fece275f310b,delivered,,2018-05-13 17:33:36,2018-05-14 13:57:00,2018-05-17 17:18:48,2018-06-19
1de11af0216efe10b1cbe006026cf569,48b2b8eb61d2ae8ff26cc726f4a48894,delivered,,2017-10-13 14:14:48,2017-10-16 22:14:58,2017-10-25 17:48:10,2017-11-06
af93e16ddf586c99d807b5b6a68903ac,e4382ec62fc7e2f00f5728c2a5395c11,delivered,,2018-01-04 14:49:26,2018-01-08 16:45:04,2018-01-12 23:02:54,2018-01-29
bf1972c220f071324a3032cb351479b2,787f528eec3152f3e24739e172fcffad,completed,2018-02-07 14:42:31,2018-02-07 14:55:42,2018-02-07 23:33:58,2018-02-20 22:23:21,2018-03-05
9fcbf999818b2fdac16197fe22bd2bd1,082805d32249e17183cfb56ccb67b5cf,delivered,,2017-12-06 02:37:01,2017-12-06 23:16:58,2017-12-15 19:24:42,2017-12-28
77670d903936f910039e218bb3ea400d,1efc9d3e28764888317beabc11686b06,completed,2017-11-26 14:00:32,2017-11-26 14:12:32,2017-11-27 22:17:12,2017-12-05 15:03:20,2017-12-18
2f5521a15f1ab0eb646209fa271d9de4,8253eb6666e74b699841a5ad240bfcda,completed,2018-08-13 10:19:13,2018-08-14 05:35:17,2018-08-20 13:44:00,2018-08-23 19:22:29,2018-09-04
f4b91a4e2130d850b29e9a6cf4fd9eed,aafa4d2f21382110f2ddf3ce2efe1328,delivered,,2017-08-08 18:50:23,2017-08-09 15:10:20,2017-08-12 14:26:37,2017-08-28
3f57a1ad072ee53003ec220f50445342,fd354b19b1fd11c045837f4beda41f6a,completed,2018-01-12 09:05:41,2018-01-12 09:18:00,2018-01-24 11:04:02,2018-01-30 22:21:33,2018-03-26
017c16deefc1868a33a5966485ea4721,e7e0438494f6fd05d28210e8c6bd02a6,delivered,,2017-11-18 20:46:08,2017-11-22 17:38:40,2017-12-01 22:26:43,2017-12-19
7666bec3cfaed721d5fe9f2159f61575,80ae28c4554af2188467f02733411c07,completed,2018-07-06 19:23:26,2018-07-06 19:35:14,2018-07-10 14:33:00,2018-07-13 23:40:49,2018-07-25
7dd0ef49824aabc4264669d087b1f8a7,08181bc3f3c2efdef8dca2720d20b874,completed,2017-06-04 18:53:47,2017-06-04 19:05:18,2017-06-05 19:13:55,2017-06-16 15:51:55,2017-07-10
bab8a3c77d39678185f390e2317418dd,7f858b13b6bc5add18230f1efbd7b6e9,completed,2017-03-21 16:13:29,2017-03-21 16:13:29,2017-03-22 12:36:46,2017-03-27 12:15:40,2017-04-24
b871405a198da4b2817206ce2a13de0b,12ef94446bb39eb7506941f858526d29,delivered,,2018-06-18 12:19:01,2018-06-18 14:10:00,2018-06-25 13:23:13,2018-07-18
7701acffdc4a67fac70f9ba0d45cdf41,2c3e6d34925ae17def03b796b63e8dfe,delivered,,2017-03-28 21:55:20,2017-03-29 15:47:41,2017-04-04 17:36:29,2017-04-17
c7792e68d2b059a30e1393cf164f9adf,d26ca867b1550906d9277386f53216aa,completed,2017-12-02 18:50:34,2017-12-05 06:51:40,2017-12-07 14:07:02,2017-12-14 21:06:37,2018-01-03
65480799a0ea99cc43f86d3af16e9d1c,ee4207b3a04cdbfdbd567e3e34748851,completed,2018-08-05 20:30:35,2018-08-05 20:44:33,2018-08-07 14:25:00,2018-08-10 14:32:37,2018-08-22
27d168c6a89ffc87604d2e42c7761956,01e466f5fd2937b4ea4a18eb9963f9ea,delivered,,2018-08-15 19:45:14,2018-08-17 11:23:00,2018-08-29 17:31:48,2018-08-30
94b90e43b3cec4251776edad146a8538,274f733b44442179c0372bcb387ad203,completed,2018-01-22 00:10:59,2018-01-22 14:04:59,2018-01-24 16:14:57,2018-02-05 21:35:17,2018-02-19
2de8cabf193c1a1753f62d87ac8499bb,d27c4b391a768fbd66b80ffaa2ea4306,delivered,,2018-06-12 09:02:12,2018-06-12 10:08:00,2018-06-20 22:08:57,2018-07-04
35bc592a16d6706d14d29f07ed1d13c1,b88a511344b8b49a02bca030ace61ef6,completed,2018-08-11 15:41:42,2018-08-11 15:55:15,2018-08-15 10:17:00,2018-08-22 17:18:51,2018-08-28
3d6639fefdeff87974b80dc3da00bbec,4b5024c158d2e12d3868baa977c6f181,completed,2017-09-04 20:41:08,2017-09-04 20:50:18,2017-09-05 19:08:02,2017-09-13 14:02:55,2017-09-21
b6c8f27c95a4bcee39ea806f4e059ce9,5dd942894bdbcdaa6721a9f078741749,delivered,,2017-12-19 09:33:30,2017-12-27 21:03:24,2018-01-08 20:57:35,2018-01-18
42ed2aeb956c92e3c3bb6933ecea1d89,7e176ddb04e521f4e57421aa4ab5d5a2,delivered,,2017-07-25 10:50:16,2017-07-26 14:53:36,2017-08-03 22:13:02,2017-08-24
77304ef3716289811c5b5c9c3fe0e4e8,add3d3a4d039ba16f2afc1376c490ccb,completed,2018-06-16 20:34:02,2018-06-16 20:58:10,2018-06-19 08:17:00,2018-06-22 21:08:42,2018-07-16
c12dc1b88c47c377eecc9384a4b1c7bb,f6a4a4a7fcddcb80f6852853efee923d,completed,2018-06-24 23:35:31,2018-06-24 23:57:47,2018-06-25 14:39:00,2018-06-26 18:52:46,2018-07-11
3810ddb734405f64afc7638fd96c9cb5,db424c2dcde1c67aec5681756060f0a8,completed,2017-03-29 23:48:57,2017-03-31 02:15:19,2017-04-03 17:00:21,2017-04-06 13:28:49,2017-04-18
a68c330c22c204ef5283a562bed75b97,6d6335349686a400eac6839dd1d060c3,completed,2018-02-20 16:06:21,2018-02-20 16:15:30,2018-02-28 00:42:56,2018-03-05 18:18:56,2018-03-13
ae58081c0be4ca730f53473f8f5d5df7,6a0ce72a507b9ca7bdf5ab4f1a875a46,completed,2018-04-13 18:45:26,2018-04-13 18:55:20,2018-04-17 18:20:55,2018-04-18 19:14:24,2018-04-30
f52849f04dabb7e33d5ac651293386e9,f1eecbba10e1689e4fddaae036b8a85e,completed,2017-05-07 18:34:36,2017-05-07 18:45:17,2017-05-09 08:12:28,2017-05-30 12:23:17,2017-06-08
1cbee9a2dd4b2a7e2c95a4b9ef21bd0a,4ef856387129b1a15b95c15e91768007,completed,2018-03-07 20:55:23,2018-03-07 21:10:30,2018-03-15 01:44:32,2018-03-31 13:36:48,2018-03-23
a3fa2b20c0df9c8279c4441905471140,e012ec724eb09748bfe4dc58facabfff,completed,2017-08-03 18:05:05,2017-08-04 15:50:20,2017-08-09 14:53:01,2017-08-21 21:03:18,2017-08-31
d916bc63daa29deee391ab3e479e2923,0abfaf23dee18e9e25cac561ed01e909,completed,2018-04-24 17:09:20,2018-04-26 03:51:39,2018-04-26 13:22:00,2018-05-10 22:38:23,2018-05-25
a67eb7e1e345d47ea191f88d20b02f48,7e526dd26eefd38eaf8e3aaffa569ddc,completed,2018-06-04 10:00:29,2018-06-04 10:10:35,2018-06-04 15:15:00,2018-06-05 18:45:33,2018-06-28
bedff73fa5a137527ba9314cac93b7b3,78e1490a885fe6e9680acc9efc7af380,completed,2018-07-18 12:00:35,2018-07-18 12:22:20,2018-07-18 14:35:00,2018-07-20 15:53:41,2018-07-31
3f7a6450c7d9e47a7132abfb18aac99a,2bbabbf597ca99ac722589475da05e71,completed,2018-05-05 21:43:43,2018-05-05 21:55:16,2018-05-07 13:16:00,2018-06-07 14:03:35,2018-06-01
c54d822dcfd0f7c672574a607c9403b3,9c55979e022c8dc16611eed6a1c61a97,completed,2018-05-28 10:48:10,2018-05-28 11:13:41,2018-05-28 11:59:00,2018-06-05 01:22:47,2018-06-28
1297e99de06a5ee4ea9c4b403fa8831b,5d5f4314bd3d8f1d64addd338404fa61,completed,2017-02-07 19:44:09,2017-02-09 02:42:54,2017-02-09 12:24:57,2017-02-20 15:05:10,2017-03-15
c202b43b446af71cf281f8d5e0bab42e,6bece35cd8a5c807a7046aa864977e83,delivered,,2017-10-10 06:34:15,2017-10-11 19:44:01,2017-10-18 20:39:58,2017-11-07
1b147191d6c1f8ce8f2cf5d52f3e9c49,84f4d00f0e0abcb7c517b950857b4728,delivered,,2017-06-21 06:35:12,2017-06-27 16:32:41,2017-07-27 16:08:40,2017-07-18
4497ba9d409157ae7bc8aaf8fd113307,a3b7f155a78c8d463ba072cb1a11a3ed,completed,2018-08-07 20:19:43,2018-08-07 20:35:14,2018-08-08 13:33:00,2018-08-13 18:51:49,2018-08-14
f6bf536c581306c6334e82ca15d7bea5,26088294bb55860ca38501a1182dce6b,completed,2018-08-07 23:40:20,2018-08-09 03:35:18,2018-08-13 15:11:00,2018-08-14 19:36:36,2018-08-17
c8a2a495848f547a4a4a26597ca9190b,886406e39c7527f64f34223f444bd4c4,completed,2017-12-29 11:29:05,2017-12-29 14:37:31,2018-01-02 21:28:41,2018-01-08 23:23:38,2018-01-18
c07e1447e2887a9588ca8fbbe9d3c549,0d573cb6681904906ea6b9ea47662c99,completed,2018-08-06 08:58:30,2018-08-06 09:10:14,2018-08-06 16:46:00,2018-08-10 11:02:44,2018-08-22
4d31272d8cb07c4ab84562c8ae2e0fdb,6d8b84bc65ad63bb703b96c994e3f18d,delivered,,2017-07-11 06:43:42,2017-07-11 21:47:59,2017-07-25 19:28:50,2017-08-03
98088a1ebcfd4dc68d3fc0bbc0d2868d,a725b2c98789502697eea419bb58c498,delivered,,2017-12-19 10:11:33,2017-12-19 21:13:11,2017-12-26 22:34:50,2018-01-16
9200d381e7e305ff1079ef9b1d9d975c,9f58c564d66cb668a955aadb89ef6580,completed,2017-11-21 14:24:08,2017-11-23 03:08:26,2017-12-05 23:46:48,2017-12-07 13:17:47,2017-12-14
c488a16bc2a85f7f72b6d05b6556c279,97e17c94edf715be814f6c0874177f19,delivered,,2018-02-20 16:00:20,2018-02-28 19:33:59,2018-03-16 02:13:37,2018-03-12
a037897ffc90e9b89c16d0b6c55e9a0d,a1a53a206a8e0b78b9787416f9614ebe,completed,2017-07-06 11:24:40,2017-07-06 11:43:35,2017-07-07 18:32:20,2017-08-02 15:37:51,2017-08-09
696a92d8c4f0b9ad34106f5caa0813f6,72a8edc8e8a114c2ac359da8623154d3,delivered,,2017-10-30 19:31:44,2017-11-03 22:38:54,2017-11-11 18:58:53,2017-11-17
3f5e0a232057280398c649839e3fc4c7,51fa33cd27ea50e70804ba9599ea32fa,completed,2017-07-14 19:56:13,2017-07-14 20:10:13,2017-07-18 16:49:09,2017-07-21 19:37:36,2017-08-14
cf8d72f2d5f3f85c3b72a64842862842,74e3e0cdfd168eacecf2e86a6b2b5723,completed,2017-11-19 21:34:58,2017-11-21 03:46:12,2017-11-21 18:24:35,2017-11-29 22:02:42,2017-12-08
3394ec2a7a1a88bffa56fb92311d8134,cc47c20437a014d9a61422d37359408e,completed,2018-05-31 15:27:31,2018-05-31 15:51:47,2018-06-06 12:20:00,2018-06-11 20:53:36,2018-07-04
c6a73b421eb3e92ce86dbfbbd3530a8f,7df4315a9fdab8e44d6096f553838f4d,completed,2018-03-01 22:45:34,2018-03-01 23:09:37,2018-03-06 14:41:39,2018-03-13 17:13:17,2018-03-19
45dbfcedafb7b44504dfb439ae973db0,f1fe2ea8c27448f0ffd2ecc33db10897,completed,2018-06-24 11:35:54,2018-06-26 05:12:59,2018-06-26 11:59:00,2018-06-28 14:07:36,2018-07-20
29dba01f92da927e611d340bc135f679,11eb7497f0981fd5b7cb235f4118c034,delivered,,2018-04-19 08:12:45,2018-04-19 19:06:35,2018-04-27 20:12:48,2018-05-15
7ed3c93013239ad16de7ae81826a2afc,7285d15435fa94f928c3038f8dc075c9,completed,2017-06-06 11:18:31,2017-06-08 02:55:22,2017-06-09 08:35:22,2017-06-21 15:41:18,2017-07-04
30772e8067a521b283ee42a65370a040,f07b4ecc1fd5b9d86e247df2fa58e2c1,delivered,,2017-09-16 09:04:19,2017-09-21 14:41:44,2017-09-25 17:22:50,2017-10-04
248c46bb0e95b62198fe84442400b7f4,c7f0d256e0f8039292b3ce5fc27ab310,completed,2018-08-11 13:16:54,2018-08-11 13:30:16,2018-08-13 15:26:00,2018-08-16 16:02:43,2018-08-28
487ebdc91b499c9442c96f81d71dcf7d,323fb14f29f27f4f2f321e3b6e4f1dbb,delivered,,2018-02-17 21:55:34,2018-02-20 20:42:05,2018-03-05 16:22:54,2018-03-15
1534266375dc7e304dd7e81942cb25cd,b00080f3c4006f00249fcd2bb7998fe4,completed,2018-07-04 14:05:12,2018-07-06 03:11:23,2018-07-06 11:09:00,2018-07-11 20:38:48,2018-08-08
42f588ddba9adc3d28e2f48face444fc,5f607465fa3e0b7cd83633f56e81ad8c,completed,2018-04-24 10:15:21,2018-04-24 18:23:09,2018-04-26 11:06:00,2018-05-03 19:37:42,2018-05-21
c0bd1839e07d2c2eb2f047b50da39f2e,310509e891b9c8d01507a2acd753324c,completed,2018-02-26 09:41:18,2018-02-27 04:41:14,2018-03-05 20:53:34,2018-03-15 01:31:00,2018-04-05
90832f698bb7128cd0138d5ceb042379,d35a4c322a7babfd1615d34f8df16b1b,completed,2018-01-22 11:29:34,2018-01-22 14:22:49,2018-01-24 21:28:47,2018-01-31 15:22:53,2018-03-05
fe88495263d9d9e9d2cc17b4815a6dfa,36782456de7dde717a84a07d7448ff61,completed,2018-07-28 05:08:36,2018-07-28 05:44:18,2018-07-30 13:50:00,2018-08-01 00:28:34,2018-08-06
9afd8793167c97876e93424de3f01498,7d2b61cc089a1692568ad66cd27c8cbc,delivered,,2017-08-08 04:04:41,2017-08-08 18:04:26,2017-08-14 18:55:59,2017-08-29
ae92c15a8c95d6f23e9fa43b0f3c0c43,2a60c86a0f370e71921436d238e148bf,completed,2017-06-05 14:48:21,2017-06-07 02:25:08,2017-06-07 18:40:08,2017-06-12 12:15:28,2017-06-28
acc5c9844167d3c176f5f31fb0b06bce,4ff7f668c597d7e4538c5ec4d4fe7b65,completed,2017-11-09 17:16:38,2017-11-09 17:31:12,2017-11-16 14:13:50,2017-11-23 20:45:24,2017-12-01
140d5c0a692987d62971b1e5f8c02397,8daa0cbca8c06a53c19cdabc1361e0a5,delivered,,2017-10-02 21:24:56,2017-10-04 14:10:59,2017-10-09 18:36:55,2017-10-24
e2a97d88537ca889f9faa4c14d5106c2,440a012333fbf98bc85a2120cebdbd87,delivered,,2018-03-28 10:28:49,2018-04-02 21:12:34,2018-04-29 12:37:33,2018-04-24
155bfeb20a3f085ab900c872c084dfe6,6c7a009150d757987ceb07114bf7e763,delivered,,2017-11-29 10:30:27,2017-12-04 21:48:49,2017-12-08 21:57:03,2017-12-28
b3aa45b7ba0f950a1b163a9f85f613de,ff4dfb2525a749384a0e31d68625443a,delivered,,2016-10-10 03:15:41,2016-10-15 12:41:12,2016-10-19 19:05:42,2016-11-30
0a8fa135a7aa265638024d7c4af050f7,996ec92b257a060a8a66ed7d14befba6,completed,2018-04-25 21:40:21,2018-04-25 21:51:23,2018-04-26 13:34:00,2018-05-03 02:52:09,2018-05-21
85e82878a7121ee2d2018b2299b7915e,43a020387d119fbe1f461e6473f3dfe5,delivered,,2018-02-27 18:50:32,2018-02-28 18:09:02,2018-05-08 15:40:58,2018-03-16
ae181b10c96125c3d1bbe9d7dfc1e830,cdf22d44bff4f1fc02ef48a306038252,completed,2018-04-15 16:04:21,2018-04-15 16:15:29,2018-04-16 13:36:35,2018-04-17 13:14:38,2018-04-27
0bb931d01ae91d63c98608e9125c1c1d,98bab3333501e5426408e5f68c63d972,completed,2017-09-12 14:40:50,2017-09-12 14:55:21,2017-09-14 18:04:02,2017-09-19 14:07:38,2017-09-28
365929ae2a3877d3590589ad75b39d20,fae73a7c700511a73d47915d118e5ba6,completed,2018-05-08 20:00:17,2018-05-08 20:54:48,2018-05-10 18:29:00,2018-05-16 13:09:45,2018-05-25
7fadb5fea409b4722158492cd408177c,8e37355e9bb38531c7c64f24c9134fbb,delivered,,2017-04-22 19:05:12,2017-04-24 15:19:09,2017-05-02 14:45:52,2017-05-15
80cf8a8487e5b2664cc0bacc1a57063f,b1790b3975230983ee9b9d6f3e5a9f62,completed,2018-01-20 13:59:20,2018-01-20 14:31:03,2018-02-17 01:33:59,2018-02-20 10:55:00,2018-02-22
f2006b46b9e70d59e442b6da97cd35fe,a64c4b3ab7406e717790566ebf570407,completed,2018-02-10 11:07:40,2018-02-10 11:47:41,2018-02-16 18:52:02,2018-02-28 16:03:10,2018-03-12
1e98e92bd0537e1655291d3361217a87,43c25909e5bc84761daf594a893254dd,completed,2018-03-13 21:29:15,2018-03-13 21:48:04,2018-03-16 17:42:16,2018-03-20 00:18:43,2018-03-29
0045e3085f083f0f38d24bb3f22e6593,eb729faa993caad20442243265804a7c,delivered,,2017-08-11 07:15:16,2017-08-16 18:27:40,2017-08-29 20:03:08,2017-08-30
ce9924e409dde4b753e2893f0835ba62,34425af515e189a4aa18e67c29f44e38,delivered,,2018-05-15 04:35:00,2018-05-15 13:05:00,2018-05-21 23:16:45,2018-05-28
718cb93721e3506215a31dae8d73074a,fb257c9f93cfef413f43afb0285a5819,completed,2018-04-01 13:13:28,2018-04-01 13:30:13,2018-04-04 03:37:51,2018-04-24 19:42:42,2018-04-23
67604c69e12e3ff76b5a2379ba3abc51,3e4f8cbda256cae7b9772c5bbf951c34,completed,2018-03-19 16:21:13,2018-03-20 03:50:30,2018-03-20 21:55:44,2018-04-04 20:22:36,2018-04-11
2645613a9e103fee7499d4f4016b9586,c769d261fe94fe9791db6a2ec569efd9,completed,2018-06-01 00:39:55,2018-06-01 02:33:09,2018-06-01 14:33:00,2018-06-11 17:12:09,2018-07-04
84fb07b1184d14c73d4062470315b61b,b2d6caa5f3a72fa199a4815a4678c82a,delivered,,2017-10-29 21:04:56,2017-10-31 15:12:18,2017-11-01 21:32:57,2017-11-10
1f631e0e2cea6a8604ce260aa970bb09,b2a819daa05de0f9eef4a08c85f0079f,completed,2017-12-23 13:37:28,2017-12-23 13:50:39,2017-12-26 18:22:36,2018-01-12 22:33:34,2018-01-26
6750058e05720fff77d640735d0802d4,af3ca90e850b7552dc08d42a09b8144a,completed,2017-07-31 09:45:12,2017-08-01 09:55:09,2017-08-07 17:17:39,2017-08-14 16:18:08,2017-08-24
449d3d757b5497469456e89730d0641d,d34a9309d583ff9da2a8d725f4cae78b,completed,2018-01-04 11:41:52,2018-01-04 11:49:22,2018-01-08 18:29:32,2018-01-26 23:25:47,2018-02-07
732c9ceb9786952e76768c9f913bca03,ee24608e86f735974b14388a6d14e969,delivered,,2018-01-06 22:07:25,2018-01-10 17:14:43,2018-01-23 02:25:19,2018-02-19
e2d4372ffb3a4fa7986212fbee364dc1,3381fb0c5b8d17961ef1413f3e3ae155,completed,2018-03-09 10:23:05,2018-03-10 03:55:35,2018-03-12 19:02:14,2018-03-14 12:38:32,2018-03-21
1e27216416d628fcdc4528fe1cae4c0a,f390a84b4a9ed2f684bfe1f0add8b50d,completed,2017-10-22 15:13:24,2017-10-22 15:28:19,2017-10-24 20:51:24,2017-10-26 18:27:57,2017-11-09
60c903f5cb6055bf5a3b4f09ba288c9c,ff94ffbc7c413bbda6c825d3b7344065,completed,2017-10-02 22:14:23,2017-10-02 22:28:20,2017-10-03 16:47:07,2017-10-16 20:43:44,2017-10-26
989771e34a670ec77e1f406c05ce66b2,9307ff2c06e933b792862b5dc55d25ce,delivered,,2017-08-29 19:00:11,2017-09-13 16:43:47,2017-09-26 18:47:31,2017-09-21
a38aeb63e6290170677c4cf2ab4c0f7f,62e1860ef3884fd9e103e75783dca1c0,completed,2018-03-26 10:14:31,2018-03-26 10:31:11,2018-03-26 22:12:20,2018-04-02 18:34:32,2018-04-17
ad7e012867d486bee881d0a10df0399c,ff5731378cb5629a451019021cc4cbbf,completed,2017-10-10 18:10:44,2017-10-10 18:27:41,2017-10-16 19:33:58,2017-10-27 19:52:55,2017-11-03
6f847f9ac6e3766bd689f8761043795a,d4f4fadb21d0971a79cbbbd9bb66cea5,completed,2018-02-10 20:25:47,2018-02-10 20:40:47,2018-02-15 23:27:49,2018-03-15 22:24:39,2018-03-13
808c4b75909ba91f23c1ef928f396822,9861f511b87644ae160dc9c9a0174596,completed,2018-03-05 22:44:55,2018-03-05 22:55:33,2018-03-07 18:10:19,2018-04-10 19:58:44,2018-03-26
e11f0b384abcb645f460256db2f8795a,71a019df9723b570800021d598d2b096,delivered,,2017-07-09 11:50:12,2017-07-11 15:57:27,2017-07-14 19:29:43,2017-07-28
a5844c6ba1c0c2464b56dc6fa879b9bd,e988c9a3c46e62ceec5ce41fb13c1e4e,completed,2018-04-25 19:02:45,2018-04-25 20:35:15,2018-04-26 14:01:00,2018-04-27 19:15:34,2018-05-08
bb8d02c6bd5c148f41176b66ee1ae726,2ab6da3352a583231f68a16897fff0c6,completed,2018-08-02 12:07:08,2018-08-02 13:05:24,2018-08-09 14:39:00,2018-08-24 22:42:04,2018-08-24
9f2940e7c87aa56f8dab37ac0be23138,7b29196772d29a64d56a75a9b3e8b5a7,delivered,,2018-03-22 14:09:14,2018-03-23 11:28:48,2018-03-26 22:16:54,2018-04-04
e3bab59cbada81d5a3df124e0a95442e,7fda0b995d02b9df9f470da7c65729f5,delivered,,2018-05-17 20:51:58,2018-05-21 14:46:00,2018-06-04 15:34:50,2018-06-14
852908bf28a385d07db3148958c5a778,5081b7e78aaef36dc7407c9935fd6de1,completed,2017-09-16 23:29:54,2017-09-17 01:10:36,2017-09-19 13:38:01,2017-10-02 18:22:31,2017-10-09
5b7aed674843fc9b20d1c4cef543a761,d53c6b90e37d56179bc7524f9570c4fa,completed,2018-05-09 17:23:45,2018-05-11 03:50:17,2018-05-11 15:35:00,2018-05-18 20:18:47,2018-05-29
934c31cc6ed6a0aa597cf0ca07682dbb,751cfe7493f5c120bdee116e34ec8fc5,completed,2018-05-12 09:09:31,2018-05-12 09:32:11,2018-05-14 11:55:00,2018-05-17 19:28:47,2018-05-29
ce385b0dc002b5dc50eb3e5faf0350b2,ef360e23b75ef84593c8811138651af3,completed,2018-07-17 16:59:49,2018-07-17 17:15:10,2018-07-18 14:58:00,2018-07-23 14:06:37,2018-08-01
7cdbe58528dd6084d383d0e2e891f3fa,dd06ec756fb54d70e970c932b652d9eb,completed,2017-09-03 11:49:53,2017-09-03 12:04:00,2017-09-04 21:48:04,2017-09-16 00:22:47,2017-09-27
2bba38e2a9893d1126b133f189ee66f3,1c90d2c27dabbe23f3e469b3776499be,delivered,,2017-11-26 19:12:22,2017-11-28 22:03:42,2017-12-08 20:51:42,2017-12-20
4b0c92c783fce531bb5b76d0bb2636ac,fc3fe781283a400950dd7702b8a4dc28,completed,2018-06-19 08:36:42,2018-06-19 09:18:27,2018-06-19 15:06:00,2018-06-28 15:03:04,2018-07-24
d9c97ab2098fe0b71eb51aa660f74fe2,45a918e53c2777929c7e00a148e6f4ab,delivered,,2018-02-26 20:28:49,2018-02-27 19:33:47,2018-04-02 22:50:03,2018-03-23
c8f4027dbf44d9747152dca781b0cc37,60c1ae14f523c5e43ddf237644b7571a,completed,2017-12-20 12:59:30,2017-12-20 13:13:50,2017-12-20 21:52:30,2018-01-05 18:19:07,2018-01-17
a30b65719297f5afcb931bcad170cb7d,d2d82b8e87143477f9a27e005f4b87f3,delivered,,2017-08-31 18:05:11,2017-09-01 17:32:30,2017-09-06 18:33:03,2017-09-19
d5321e92460be827bc174a460ee24e6a,60f018d77f575b756da78619e783ef22,completed,2018-05-17 16:56:25,2018-05-18 00:55:34,2018-05-18 11:59:00,2018-06-08 00:36:43,2018-06-08
fa0705d5bfc72c07badff6fcffd697f6,8355182f364d22c4bb1ed8e4e82f8f1a,delivered,,2017-12-03 20:59:27,2017-12-14 22:15:25,2018-01-03 21:53:23,2018-01-04
c4fc1de96bdade6bff864108f4887d3d,53f5602be13a814f32672184120febca,completed,2018-03-11 12:58:50,2018-03-13 04:30:36,2018-03-14 20:59:58,2018-03-30 00:52:36,2018-03-29
cf6908e8b524d8fac0d70a5cc8bd749b,c85ab216eceb57e7059d16f16744b513,completed,2017-08-29 13:58:48,2017-08-29 14:10:16,2017-08-31 19:37:26,2017-09-06 22:34:49,2017-09-20
ddb4b2115723295bbe34444bbcb2c1d5,382b155c9a94793ddbd99d8f8b0887f8,delivered,,2018-08-11 00:05:18,2018-08-21 14:07:00,2018-08-29 14:46:56,2018-09-20
bedf0a24ebbb0d930f1849c2999c53b3,1e2c9f28b5796d861e2c7edccee8b25e,delivered,,2018-02-07 03:10:19,2018-02-09 00:03:20,2018-02-23 19:47:20,2018-03-07
9814faa42d794c0595af95705ab9c7a4,a304e4e04c9d21275b98859228fcf445,completed,2017-12-14 12:18:48,2017-12-15 02:16:44,2017-12-18 19:58:38,2018-01-22 19:36:35,2018-01-09
5f1b7704047e1c4de739797c27c6c45c,b7ef6615929779df90c8404205b319e0,completed,2018-04-10 15:20:29,2018-04-10 15:35:18,2018-04-11 01:08:37,2018-04-17 00:10:51,2018-05-04
86788916a1e9d8582d4ebd46320c7fb5,d1d85b5b8fdcbb6f1bec2fe66df90f67,completed,2017-03-07 18:12:40,2017-03-07 18:23:29,2017-03-08 14:23:04,2017-03-14 12:34:50,2017-03-24
8fda9273c38415c07bd4923de4cd82c8,f2bbc389bab7bc8962b59274eed01d09,completed,2018-04-25 11:43:29,2018-04-25 11:55:17,2018-04-26 08:53:00,2018-05-02 16:36:45,2018-05-23
5268a1e490656ed41fa8b107305fc319,87741719427bc441de713ce2c175bf9e,delivered,,2017-08-29 16:10:37,2017-08-30 14:52:36,2017-09-04 17:22:49,2017-09-19
f2125ad278ab03d4779ded7001337ee1,f231bfa6a643f23fa187394cf9a8c98d,completed,2017-12-01 16:51:00,2017-12-03 16:53:45,2017-12-06 18:17:03,2017-12-19 18:09:25,2018-01-08
c6a45cf151fdf09625a38f65bddc3082,00bad631eaa8723983a6c7e2f910dfca,completed,2018-08-14 19:30:11,2018-08-14 19:45:18,2018-08-16 14:58:00,2018-08-20 21:03:45,2018-08-22
9d57c2295efd51a11106d2d8175c676a,09fb0a39eda61227d0a8c0627a01b9e9,completed,2018-02-25 10:07:24,2018-02-25 10:28:47,2018-02-27 23:34:50,2018-04-10 13:38:30,2018-03-21
a4d9bb727014ddee359b4bdd5c9791e7,aed96da3ee455d1f6663d8eb27989887,completed,2018-03-08 10:47:40,2018-03-09 02:31:29,2018-03-09 17:11:32,2018-03-20 17:03:29,2018-03-27
d2ce3fa6247aeec43a75906e36600045,abd7ad911ae4873b985373889e5ba60a,completed,2018-02-28 22:21:37,2018-02-28 22:30:45,2018-03-01 18:57:19,2018-03-09 23:56:54,2018-03-22
b168d329f34145f3b1bd2d09ba74f0a5,36ad893b6f3eda60c48afadbdff160d1,completed,2017-12-08 13:01:50,2017-12-08 13:14:27,2017-12-12 21:03:31,2018-01-19 02:28:22,2018-01-04
2776f1ccb5f02e632cfad6beddf14af8,be406ce36b2efbc9236b45307af60349,delivered,,2018-04-05 08:30:19,2018-04-07 01:16:31,2018-04-10 00:28:40,2018-04-23
5a00cce1aa1bcbcfb4b1f88cc126afb2,b4fe49de4099d1696f0d7d6d00abda0f,completed,2017-05-03 16:29:08,2017-05-04 02:55:40,2017-05-04 14:08:19,2017-05-18 08:47:29,2017-06-07
3c0a8fee9785ffbf4381ff1eac0d220f,32b1d8089a0d72d4c54f9617d432ddbd,completed,2017-10-15 12:28:54,2017-10-15 12:49:12,2017-10-17 13:19:47,2017-11-04 14:22:41,2017-11-10
9a3dd3cc9b84a29bcd07f44f82866ce7,b7f8ebb0fe3e37a0d1b43b7b565af0fa,delivered,,2017-09-19 07:10:15,2017-09-20 21:42:22,2017-09-26 22:44:53,2017-10-06
dde21840bf52f7327e815543b86afacc,3428f4c30457380e2fed1f1b46120813,completed,2018-01-23 15:55:32,2018-01-25 02:57:31,2018-01-26 06:32:43,2018-02-01 11:22:44,2018-02-15
32de90a35e2a57a276be3e36d3c51ed2,20d3e36b53a68bafc960d7af18c91d85,delivered,,2018-04-01 18:15:17,2018-04-04 18:54:45,2018-04-10 02:32:19,2018-04-30
a14d7576c8e4ff4378798287af2faffb,d8c88eafe65e8e7210a84872fd488edd,completed,2018-06-10 13:34:49,2018-06-10 13:51:36,2018-06-11 06:47:00,2018-06-18 15:58:28,2018-07-26
78a4201f58af3463bdab842eea4bc801,d39c97549a412a82dacf30fe5f144cb0,completed,2017-09-04 15:17:12,2017-09-05 15:24:13,2017-09-06 20:17:46,2017-09-20 22:24:03,2017-10-03
a3158596d75b867b743226ce715f340f,accdf10d0b06f66eed89b656dbec776b,delivered,,2018-03-22 16:50:35,2018-03-23 18:48:49,2018-04-03 17:07:33,2018-04-11
e21f1d324fae5b5f66b4f4347503fe40,2090ba0c4f3d786d822c4a4ceacea7f2,completed,2018-04-30 08:42:58,2018-05-03 04:35:18,2018-05-03 12:36:00,2018-05-10 19:40:43,2018-05-29
4bd99e53cba81bfc30dea95659b864e7,a5bfea387ffb4b85ef0e5f849d2ceee2,completed,2018-04-16 15:03:22,2018-04-16 16:00:42,2018-04-19 01:50:54,2018-04-26 17:42:09,2018-05-11
6727a4e9eed7135cefc6d0f9de7f88a3,ce9c84a5a9d089aee9b8fa2a5fe5bf77,completed,2018-07-23 08:06:43,2018-07-23 14:31:35,2018-07-24 08:11:00,2018-07-27 18:58:20,2018-08-06
ef800505ac201cb58850d693b4de0512,7a0a0dff83aeefda89b6ee6d372382b9,completed,2017-07-21 15:44:37,2017-07-21 16:05:38,2017-07-24 19:22:48,2017-07-28 18:06:04,2017-08-16
bde70300820015633b5e34e0bda10360,b1d878bd985be25da3e8661e49f79319,completed,2017-10-15 18:44:10,2017-10-16 19:26:49,2017-10-17 20:48:42,2017-10-20 22:11:55,2017-11-01
79f87452881d9d524d6b06c3541f6e2c,e93530ef9ecbc8bc987f9a8fd1752a4c,delivered,,2017-05-02 15:30:23,2017-05-04 13:22:04,2017-05-11 23:33:00,2017-05-29
ccb5c19912ff449794d696899012aa3c,aa29463de3a2b83553ee6fd9efd7ef74,delivered,,2018-08-20 12:30:11,2018-08-21 15:22:00,2018-08-23 18:07:02,2018-08-29
4f917f92cc24478eff10b08c7a8d0d3c,e94bc388ebb638442a3002cb89b303f8,completed,2018-08-14 06:25:24,2018-08-15 03:05:25,2018-08-15 08:52:00,2018-08-27 20:41:47,2018-09-06
6edc82aed8285a03faae5a51ed36eb0e,bb10386818dda2842a580048ccb08fe2,completed,2017-05-05 00:01:41,2017-05-05 01:25:29,2017-05-05 18:09:44,2017-05-17 13:49:59,2017-06-02
ab07b6c48672e9876b9f11c746d98d3e,b1d1ede48fb8245ecb50d744ecd46068,completed,2018-02-06 17:15:04,2018-02-06 17:32:27,2018-02-09 16:28:47,2018-02-14 15:15:21,2018-03-05
b5b103fe531168050d785d5b8de74174,c3ab6358d2556844d38ed5dbab0b41ce,completed,2017-01-30 13:13:59,2017-01-31 13:33:25,2017-02-02 09:37:34,2017-02-21 12:01:26,2017-03-21
08f6cddc0499702a4dbbd26f2b04b986,8ba3070c820fce3edee16917b2ef6de9,delivered,,2018-07-25 02:50:16,2018-07-25 08:49:00,2018-07-31 21:12:26,2018-08-14
56609bbe4e49470d654680a5c0a03c85,9f72d50077337c7f7b8e507da76a6426,completed,2018-05-07 17:53:48,2018-05-09 02:35:10,2018-05-09 15:42:00,2018-05-14 18:37:29,2018-05-29
f58228001d45c09c8447ef1f2fa6a2df,2169bbd3d372562128f8af6eb7b9317e,delivered,,2018-01-17 14:15:31,2018-01-20 00:52:42,2018-01-26 10:47:54,2018-02-23
ce4c70f737d1a9edba23290f6031d076,3e4b0745edd000022ba7bbeb4918104c,completed,2018-04-04 10:39:30,2018-04-05 02:28:06,2018-04-06 02:46:29,2018-04-10 16:37:57,2018-04-26
72a055afec5322997eace70e9f743482,54da5dbc494349153af7466f6e030d7d,completed,2018-02-24 20:04:09,2018-02-24 20:15:27,2018-02-27 22:09:30,2018-03-21 23:52:38,2018-03-16
33d89aec64b61f0dbd880fa8d8dbec5f,5833a641a3ec9e804da73d17e57ebca5,completed,2017-08-30 11:45:20,2017-09-01 02:24:31,2017-09-01 19:03:55,2017-09-05 21:42:36,2017-09-12
1a7c68f8b0d5a140d89aa6ab7f7b4409,f3aba96f3eceba3cdf6bd72d2bccb867,completed,2018-06-26 10:48:18,2018-06-26 11:18:07,2018-07-03 14:41:00,2018-07-07 16:18:27,2018-07-30
5285adf1727ffbee7efefc81c465393f,be170bc588de8c9e15587dc0d6ba25d0,delivered,,2018-06-21 07:16:35,2018-06-22 13:34:00,2018-06-29 14:25:29,2018-07-19
8d69a304424d2948038f16d6a73209ae,2289a9558ea36b40edd3c8a83194f701,delivered,,2018-04-14 13:31:41,2018-04-17 16:03:23,2018-04-25 00:58:57,2018-05-11
62492d216bd7ca39cab1f24109b6bfd7,0eeef532854817bddb1fe6fea6c20b6b,completed,2017-11-05 08:26:50,2017-11-09 16:07:14,,,2017-11-30
51bc785c184f3d80c5f0505a63712fa1,f84175c9fb5800838c57a1676f9d9e29,completed,2017-08-10 11:36:24,2017-08-10 11:45:16,2017-08-15 15:33:45,2017-08-16 18:53:48,2017-08-23
119b654c77fbffcad6cdb07398506c93,a1674724305cdde2e900f8f50583f764,delivered,,2017-04-20 13:22:00,2017-04-20 15:44:29,2017-04-26 08:56:43,2017-05-12
591c776946bf5814d5438574a5b42327,2e6ae98da5c04efadf7992e149fd1155,completed,2018-07-31 15:48:32,2018-07-31 16:44:09,2018-08-02 15:29:00,2018-08-06 21:46:42,2018-08-15
dce5adb99dbd09afb1a7b9a402df9f98,217fd8f56b30bdad4ee2d74dc623ee13,shipped,,2018-03-23 02:10:53,2018-03-23 21:43:54,,2018-04-17
eea3254200d621b24b7741950693e956,717745a08d23a23e66d92be837d3719a,delivered,,2018-07-28 02:45:09,2018-07-30 14:26:00,2018-07-31 16:16:34,2018-08-03
d62dee82fbbff8937958215d8eddf5dd,0131193f8b1b149f85f1326ac337effb,delivered,,2017-07-10 09:05:18,2017-07-12 20:03:36,2017-07-21 12:44:38,2017-07-28
3d76808da6242e8c7476a606fb6b5935,1a2c6469954e0f56da59bf0ac75007ed,completed,2017-08-07 13:01:04,2017-08-08 04:04:48,2017-08-09 12:20:03,2017-08-15 17:27:37,2017-09-08
362e782b3f0873199d38f62772c2c882,1db1cf9ec037c7b4d6f48b33a9cad90a,delivered,,2018-05-03 00:12:56,2018-05-03 15:34:00,2018-05-07 17:53:02,2018-05-24
2d1532a0e5de7237f34903019cf8f3d3,af17ae87ef93470274e600086e3949bc,completed,2017-05-07 21:35:30,2017-05-07 21:45:16,2017-05-11 13:44:57,2017-05-19 13:44:14,2017-06-02
bbd8f1074f27019f9acf680f5fbab20f,4325c54ed368291d45bb4e42dc2a15dd,completed,2017-08-22 12:03:53,2017-08-22 12:15:20,2017-08-28 18:27:58,2017-08-31 19:32:04,2017-09-18
49fa096844c2241fc5db183cc11bd550,668719742fade470e60fa657269c7784,completed,2018-02-15 17:24:18,2018-02-15 17:35:27,2018-02-17 01:33:29,2018-02-22 13:48:50,2018-02-26
79ef4ff8ef06547d209ceae576bf9f52,59ee1a82b5aa6bdbc05816e55414b562,completed,2018-06-17 20:07:20,2018-06-17 20:17:56,2018-06-18 14:55:00,2018-06-19 18:28:30,2018-06-28
21799a54bd487cd78f616aac588377de,5f939670e359f53676cdbdee12e5e2dd,completed,2018-08-23 10:22:59,2018-08-23 10:45:36,2018-08-24 13:52:00,2018-08-30 21:36:39,2018-09-06
59be4c2310298e01725dd55622c4f038,bb5b450ce69fa8c16e0e26a68e04f56e,completed,2017-09-23 13:53:09,2017-09-23 14:10:16,2017-10-06 17:33:56,2017-10-11 19:04:01,2017-11-30
3f76c80c72931658268f24765a09ebae,adc505e7e2e015260f92b0b2aabc3e0f,completed,2018-01-31 23:30:07,2018-02-01 03:12:23,2018-02-01 20:44:52,2018-02-02 21:42:09,2018-02-16
0db053a048333680c09114ac4f231a79,483bee82533502236b68f79d985e327c,completed,2018-02-26 19:25:21,2018-02-26 19:35:24,2018-03-01 18:22:22,2018-04-18 20:24:31,2018-03-23
95d8d3c4c0f3ac475f40696807344776,27f70c74b4da9a594a8eb1624cf5bc03,completed,2018-07-05 17:55:26,2018-07-05 18:10:50,2018-07-06 15:10:00,2018-07-11 16:11:02,2018-07-30
e163e5d0bd1d8d33300401819c279e06,2bc5c92da6f86fad8ec9dfdd63a2b8f2,delivered,,2017-09-24 20:15:12,2017-10-04 14:06:13,2017-10-09 20:36:58,2017-10-27
30df106d8b4158732fbd567a8a81b08d,dac63a8c4ccb25d6bb1500bd5159f4f6,delivered,,2018-05-18 13:31:19,2018-05-21 08:36:00,2018-06-05 18:44:28,2018-06-06
023a60303ff8d9e08b99e7474f7416ce,3570b59a7408f4a3aaa95d2c0485f243,completed,2017-06-12 21:16:00,2017-06-14 02:15:17,2017-06-19 11:52:44,2017-06-28 14:27:54,2017-07-07
2c7f30a5aa9213081d9b5fd15877ebf9,7c298b47184d0cd18d4bf469bb5e1328,delivered,,2018-02-08 19:30:39,2018-02-09 20:07:18,2018-02-23 00:52:51,2018-03-08
e12e00057650090fead5dc4e44cdbd0b,a3ec634b294a29ac054260888614fd40,completed,2017-04-25 02:42:23,2017-04-25 02:55:10,2017-04-27 15:48:08,2017-05-09 09:51:41,2017-05-12
3e10fb31e08ba1bc6103b56c474610a6,541e9e847262fc7a495e3e595195d693,completed,2017-04-02 20:13:33,2017-04-02 20:25:11,2017-04-03 09:41:33,2017-04-06 15:03:33,2017-04-26
dbb763c04b5beadac2bbd9d8560f8728,e8eca07ef914ed5dc59f011540237b2e,completed,2017-05-31 20:24:40,2017-06-01 20:23:11,2017-06-02 14:20:00,2017-06-13 16:27:43,2017-07-05
2850436e0937a8f3408d9b9929a455dc,88bd3bf7091b8694cc99610181ffb91b,delivered,,2018-05-01 05:32:46,2018-05-02 14:37:00,2018-05-03 17:17:39,2018-05-11
2af130bb551b499de50516b1cd687d0c,3f3c8874a3892a68229b6a07ba06a0a2,completed,2018-08-10 10:03:27,2018-08-10 10:15:16,2018-08-10 11:53:00,2018-08-21 16:51:02,2018-08-24
b94d017913e0b697201de9ec22c23f46,cf48656f8158483ef39e8c31b49d7033,completed,2018-08-16 10:11:23,2018-08-17 03:31:08,2018-08-17 14:50:00,2018-08-20 19:54:35,2018-08-22
9406240a4e41945ba492020a2702f757,8b11a6a651a679c460d857345bb7dade,completed,2018-02-27 10:55:44,2018-02-27 11:09:56,2018-02-27 23:56:46,2018-03-13 21:32:23,2018-03-29
7ba156322cab03ab9b1d3ecc8cd31d33,c2a9cd46541874a32b92b152f093c098,delivered,,2017-08-30 06:44:53,2017-09-04 21:25:54,2017-09-12 17:55:33,2017-10-02
a0cedd10b5dd769809832f5b1cfddeaa,91e4d048963e92e24b9376fdb5fd421a,delivered,,2017-05-16 20:05:24,2017-05-17 10:21:14,2017-05-21 10:47:58,2017-05-29
34ae480fe2cec3fa921d33b72b32572a,696519087c698748e61374ff4f3f2624,completed,2018-08-17 11:15:25,2018-08-18 02:50:04,2018-08-20 15:54:00,2018-08-27 18:07:35,2018-09-24
0110688c40ff035d672af3aac1f38f10,f66684cd226d7d5cbbc43491ac08390a,completed,2018-02-01 14:20:22,2018-02-01 14:35:32,2018-02-02 20:03:15,2018-02-27 23:34:13,2018-03-01
4c5db134eb6b1acaccc406e82f34b09f,357c3f43a28dfb459f87e0ddd599f0bb,delivered,,2018-01-26 01:19:23,2018-02-07 16:52:49,2018-02-16 21:25:10,2018-03-13
a8d0b508b8328e380a5bf1ddc810b911,bd9dab220a858d41057ab2a01737851e,completed,2017-10-24 11:17:01,2017-10-25 15:27:38,2017-10-26 17:13:28,2017-11-10 12:55:32,2017-11-29
2ebedf24a4ee36078226242023978247,27ae6db6c6302444d88b728297180dac,completed,2017-12-05 10:40:02,2017-12-05 11:23:08,2017-12-07 18:28:06,2018-01-10 22:58:58,2018-01-03
b8b9d7046c083150cb5360b83a8ebb51,ec271753df25bad1135a375ed6d7f113,completed,2016-10-06 12:51:54,2016-10-06 16:05:19,2016-10-15 12:24:17,2016-10-18 13:24:17,2016-11-28
ebdf9151853ce53a5b0606bcaecfa496,3693addb34dbece0338f511bf16bb99f,delivered,,2018-02-15 04:10:57,2018-02-15 22:41:44,2018-02-21 18:34:14,2018-03-05
f1a325f15bbf16509adf17167330a905,6b6250301e22444b703a4d0c5c9c099c,delivered,,2017-09-23 15:15:14,2017-09-26 00:11:43,2017-10-05 18:43:04,2017-10-18
b030a71673f17a9eebed29d9a7dfa2d8,276d837f05f017a708409066dff401a8,completed,2017-10-11 19:36:31,2017-10-11 19:49:12,2017-10-13 14:27:55,2017-10-16 12:37:56,2017-10-24
e30a7c7a102b26de0c86e424f9eada78,c21ba0e1437939ee2572b055ac33a307,completed,2017-09-24 18:37:18,2017-09-24 18:50:10,2017-09-26 11:44:31,2017-10-05 18:58:48,2017-10-17
3b0e2a09a2ba5ae468fee216d5cd1a22,afac7ff50ffd18212de3818f997d9f63,delivered,,2017-04-11 04:02:01,2017-04-18 17:00:03,2017-05-06 06:49:57,2017-05-15
789f80b9a080ec60edf11f458b268b01,14df7c5740124d76b693cda86ce46b86,completed,2018-02-25 18:57:26,2018-02-25 19:27:46,2018-02-27 16:55:52,2018-03-01 19:05:02,2018-03-12
30b7a7da48765c0f01627fe593e88358,cf8f5aa07d29c71ffbfeb95f3ac3f39e,delivered,,2017-05-23 08:22:48,2017-05-24 07:56:17,2017-05-31 14:24:45,2017-06-16
d1139f6bff6d301aca5bed7bfe9e7574,30bf53ce083c9ae5e77f2e9c7b3dfb3d,delivered,,2018-01-08 16:18:27,2018-01-09 21:53:58,2018-01-11 19:39:32,2018-01-24
a42e0d143aa73cfc5268d6756f36e7cf,7eb37bd5885d04ea620b7b832152e1f2,completed,2018-01-08 20:49:43,2018-01-10 10:32:43,2018-01-10 20:56:33,2018-01-17 20:58:47,2018-02-05
5b30af3b150295616c6564e91b8ec214,d0a0d79eda588379e44274ebe88f9b0a,completed,2017-07-22 16:49:50,2017-07-25 03:50:20,2017-07-25 21:47:42,2017-08-04 18:39:44,2017-08-11
fc8a722f0277169552e46a0e91d7f0b3,3718162f0a9e4fbd9569501905e5817c,completed,2018-06-04 23:34:33,2018-06-04 23:50:21,2018-06-05 08:39:00,2018-06-13 18:08:58,2018-07-11
53022bc7203c0c8ce655a82521c8867c,1343e92bc9b2136df6dc8172d1b5b6e8,completed,2017-09-26 15:00:41,2017-09-26 15:14:17,2017-09-28 11:53:42,2017-10-06 18:12:17,2017-10-18
8f4af0beb1760e835b5a30e97e8920f5,c25e0f563bb2655bc1328ec49a60b540,completed,2017-12-14 15:44:30,2017-12-14 16:11:51,2017-12-18 19:29:00,2017-12-30 14:38:08,2018-01-16
2972bf7609b0a30508f2a31d49bc6f84,923d0e3c2ccf0e2a6b23bbad552934dc,completed,2018-01-12 12:12:02,2018-01-12 12:19:32,2018-01-16 18:16:58,2018-01-19 02:19:17,2018-03-08
d6cd6f2a2537414f83cadc49e6e02e3f,03d68326e3785e49748a00805e89e61c,completed,2018-01-18 00:25:51,2018-01-18 01:30:54,2018-01-22 22:37:02,2018-01-30 15:41:58,2018-02-16
67d53222525b2b5b1e913487b953e2db,a78a279f5cf0cf0f217505c4fe856432,completed,2018-02-14 22:36:40,2018-02-16 14:29:50,2018-02-15 19:25:54,2018-02-28 23:58:37,2018-03-15
0f9dcd718955037bf65c97edcee390ff,1b0a218005553bbb622b569970807457,delivered,,2018-06-27 01:35:26,2018-06-28 14:35:00,2018-07-03 20:16:46,2018-07-25
778b33a6ecdeb14d0fc40bdd972787bb,717c8184897190478e794b2f0a2ed22f,completed,2018-02-06 21:31:25,2018-02-07 03:10:14,2018-02-07 22:29:54,2018-03-09 22:44:27,2018-03-02
eafdf1e146bde4f014a36fe9312495c2,42cf7a27c6349fe903d03f309ab51e4b,delivered,,2018-04-11 19:11:10,2018-04-17 18:36:44,2018-04-26 18:21:01,2018-05-09
2df9e1004dbadccb93c8e2555f039053,2e1482ce4086b423493b5b5a488f17a0,completed,2018-01-16 08:42:46,2018-01-16 08:55:03,2018-01-16 20:12:45,2018-01-23 11:13:55,2018-02-06
03c8468d3001db38cadd59ac670341cc,ecb809e65ff4dda823037481d5a64741,delivered,,2018-07-27 23:31:15,2018-07-24 14:02:00,2018-08-02 01:46:31,2018-08-07
8207dc60d7f55f4ac2b9601f02eeff29,93d5fd8f7db0fa4ca0ed24b83f12505b,completed,2018-06-02 19:52:07,2018-06-02 20:12:16,2018-06-04 14:02:00,2018-06-14 18:50:01,2018-07-24
a3ad5f7522d495d4d61684337167bdf0,970d1d8e9561b6ca86619acdbb7ed338,completed,2018-04-01 17:22:23,2018-04-01 17:35:09,2018-04-02 19:41:02,2018-04-11 23:15:18,2018-04-23
0b7d200784c21ea7b4f3484da9a4a484,dcff087012e7cf0b21e5aa1e83f12a20,completed,2017-10-05 21:02:47,2017-10-05 21:15:21,2017-10-06 19:12:30,2017-10-07 14:18:21,2017-10-24
99441b33a55fabb1cf8b56dc883a29e9,cf6abcbcfab5116f3123f0310101b7da,completed,2018-07-26 10:56:20,2018-07-26 21:05:13,2018-07-27 15:54:00,2018-08-02 16:26:44,2018-08-17
a0f1211e31ceacafc826779466a6d82b,a25cc1f847939083e2562d39a02cf4be,completed,2018-05-03 11:47:28,2018-05-04 11:51:44,2018-05-04 14:34:00,2018-05-11 02:06:58,2018-06-08
1f6cad97a0aa4e6f24ed24bcbf098a98,29897a8ad8b964a9103acfcd3a0b9372,delivered,,2018-03-18 18:47:41,2018-03-19 19:21:07,2018-03-27 21:17:26,2018-04-09
9ac3e0dd6aeb10079e605b2e0f1cd7de,020c87503e1eeb262f17c9e7c0b556b5,delivered,,2018-08-12 00:25:12,2018-08-20 12:31:00,2018-08-24 15:16:37,2018-09-06
eee7aef88b4727c5596766f256bb4267,2e52ccdd230e847b69e75252e2e193c6,completed,2017-04-28 22:48:11,2017-04-28 22:55:07,2017-05-02 13:33:53,2017-05-08 07:09:27,2017-05-31
4603709e5e41c0247684e02398ef89ba,db722d5d0a94bf93c8a0a000a4dae533,completed,2017-09-10 22:15:02,2017-09-10 22:25:20,2017-09-12 12:57:01,2017-09-21 20:13:29,2017-10-02
bcdbeb106ccaddd04d88f709dad0f169,56d732fd476e4dbe6a73a180fc3d5ea2,completed,2017-12-06 20:10:13,2017-12-07 07:11:01,2017-12-14 19:35:00,2017-12-28 15:08:13,2018-01-30
196427c776696ff46b1edcaf8f000dbe,4005256fc4a95f24f61fb7dccb7d6b97,completed,2018-04-10 08:17:31,2018-04-10 08:30:16,2018-04-12 17:12:16,2018-04-19 15:55:43,2018-05-08
90daf8a4be0209f5561c754e9461925f,51722798df7658e633810cc6e0fa40a1,delivered,,2017-09-06 12:35:18,2017-09-08 20:51:21,2017-09-21 22:18:00,2017-09-27
073f64b0ac2c4ba51efd4327faca2d39,cf59457e10b5553577503d3039b1ad7f,delivered,,2017-08-05 18:03:29,2017-08-07 17:52:01,2017-08-16 19:45:42,2017-08-29
ffe3153dcf1c03911848f64ed557764b,9e73c9ebfd2c3c58898f89e7d0409ea4,delivered,,2017-04-11 03:55:09,2017-04-13 07:56:06,2017-04-20 06:42:41,2017-05-08
3e02b2b05d2244a9fb8f748eaf4ab3ed,0df7ed475af4782bbba1363517a9ec16,delivered,,2018-05-04 15:35:14,2018-05-08 13:34:00,2018-05-11 23:28:43,2018-05-23
c79bdf061e22288609201ec60deb42fb,fe4176df564772c058286208c0daa2a8,completed,2017-05-01 18:58:54,2017-05-01 19:05:20,,,2017-06-06
2446d3b0814e1baa4253e67f59f9c509,32cec5605991647cfc79741f0aad7279,completed,2018-02-05 21:05:31,2018-02-05 21:15:30,2018-02-06 22:48:34,2018-02-26 21:05:18,2018-03-02
c239d27bdaa2e41d739d0497a59900a9,940c14f5ac010931aa658e14bb9c6cbb,completed,2018-06-17 15:40:05,2018-06-17 15:55:17,2018-06-18 13:21:00,2018-06-19 20:04:11,2018-06-28
0067c6030d65af0ff98790158ddb0020,a780c20430b67279f7a0b43cf94b1738,delivered,,2018-04-27 21:52:36,2018-05-02 14:41:00,2018-05-07 19:42:40,2018-05-16
281ed84706b4bd965fcc7e842394aaa4,895fcef12a75ffc54d655f9c1a58a49d,completed,2018-05-14 12:24:03,2018-05-15 03:35:13,2018-05-15 11:33:00,2018-05-30 20:20:55,2018-05-30
82f4e36c3e5c7a517807137477657336,068e1b93e18127f5d03e95308211c438,completed,2018-05-17 16:59:11,2018-05-18 00:55:33,2018-05-21 07:09:00,2018-05-25 16:43:47,2018-06-06
991822bb734dbc3bbda5554397c3d957,f55791b5a2b3a4f027ad2523dbdf7b2f,completed,2018-06-21 22:14:25,2018-06-21 22:38:24,2018-06-22 14:08:00,2018-06-29 15:22:57,2018-07-18
614c5cb06a982f6034ec63bb29030868,33be2c117b7d66949a335c3153d3bd9a,delivered,,2017-09-18 12:45:53,2017-09-18 21:18:35,2017-10-10 16:03:17,2017-10-05
e309cad34ebb9d0ac6278ca36f3dd286,3831925c77c419ed9abd8dd139ead3f0,delivered,,2018-01-10 10:32:13,2018-01-10 18:10:54,2018-01-16 00:34:50,2018-01-31
207899590ac0ec260af0446b68101b21,a890c03e9d0445e3f23f331a4fa21a1c,completed,2018-02-25 21:43:00,2018-02-26 21:48:16,2018-02-27 23:53:00,2018-03-27 18:56:49,2018-04-12
bcdc0a3ff14ce03999d56620cb4e1a01,69bf47236b3b6d2da24ec0a6df47e9f9,completed,2018-07-25 10:19:30,2018-07-26 05:35:18,2018-07-27 14:09:00,2018-08-01 21:52:44,2018-08-10
7af818e6d3ff877a6fd091e86a17a285,4b1cd5f6a4b5face33e57509a38b3c57,delivered,,2017-09-26 04:14:13,2017-09-27 19:53:21,2017-09-29 14:52:18,2017-10-16
30b3bd0e05a2c3cb7022f019e9798a57,f6a7ff431d7ed9734bde2600bff37a2f,delivered,,2018-07-02 21:30:26,2018-07-03 14:16:00,2018-07-06 18:35:38,2018-07-25
255f9d6c9f38ecc3ad31ef908b7a2e7b,13b9dffa5f31e11219f201acf338c7d6,delivered,,2017-12-13 22:09:59,2017-12-15 16:51:44,2017-12-28 20:27:30,2018-01-15
e1367e30165c3d215977f5caebcc299d,e8a2219b2fd553c95a488a4e041e3bb6,delivered,,2017-11-11 12:06:41,2017-11-14 16:22:06,2017-11-16 13:07:46,2017-11-23
d8fdce7c3ba072263bdf443e1d906778,0d597964dad5f9770e7922ae7a64a21f,completed,2017-04-21 18:56:39,2017-04-21 19:10:13,2017-04-24 08:46:28,2017-05-05 15:53:32,2017-05-24
27240c0c08c0744d4070effa2394ba4c,07430e92e9f370ce78184e10a07b3493,delivered,,2017-08-01 15:30:18,2017-08-02 17:33:30,2017-08-15 17:08:14,2017-09-01
f05099a928d90c394963b1f0d8360149,511f8f1b15ae846f219dde14f0fbfd5f,delivered,,2017-08-16 02:45:10,2017-08-18 17:42:21,2017-08-21 22:12:20,2017-09-08
48d59c59c85665b1dd3b1f81d0f48016,71382913537508eefcfd40340460e9cd,completed,2017-11-12 17:31:53,2017-11-14 10:27:38,2017-11-14 23:18:37,2017-11-28 18:09:11,2017-12-05
a9cc212b2e3530acd23bbe976dbdede5,45335c34e07f52e1a564973cc7c66165,completed,2018-04-16 22:13:21,2018-04-16 22:32:18,2018-04-17 21:51:04,2018-04-27 12:28:37,2018-05-09
bf0143e772b21f9410ee818a9150d6c4,d7cba2f0fbc165d2ec78666bec4d9075,completed,2018-02-18 10:27:38,2018-02-18 11:26:58,2018-02-19 22:19:05,2018-02-28 16:23:13,2018-03-15
edc89efa4164df7e21f701a9fb88bc98,941dd76598eae1249d47b6036a19b3c6,completed,2017-11-24 23:27:21,2017-11-25 01:34:26,2017-11-28 17:29:06,2017-12-12 14:38:42,2017-12-15
6a3c85b24c7f08b934356ece860e4439,8bbdaabf7966228de0c72193b2cde7d9,completed,2018-01-22 13:53:31,2018-01-23 18:56:21,2018-01-24 17:18:10,2018-02-14 22:36:24,2018-02-16
b15c7e972c74684414fb2e659fce916a,7d03bf20fa96e80468bbf678eebbcb3f,completed,2017-05-10 15:05:47,2017-05-11 04:10:25,2017-05-11 13:36:23,2017-05-17 09:05:00,2017-05-30
fad1f2027ab155751ea0746b70f81921,a22d55a6ebd23e2239a3bc5de97c7036,completed,2018-08-04 18:43:08,2018-08-04 18:55:19,2018-08-08 06:26:00,2018-08-13 19:41:33,2018-08-16
e29fb26d6a4f5223efae23c2b0bdc72b,3a5e81ccdd6a11b04200f1d660c6d15c,completed,2017-04-18 15:27:38,2017-04-18 15:45:28,2017-04-19 15:05:45,2017-04-25 11:35:41,2017-05-12
001b76dd48a5b1eee3e87778daa40df8,a62843b08086d1629415a203a7fd419d,completed,2018-03-26 17:42:53,2018-03-26 17:50:17,2018-03-29 23:32:44,2018-04-06 18:36:23,2018-04-27
24c087010167127767add9f02f8b2019,d2a90be3e7253852568d80763b2df91e,completed,2018-03-19 00:06:31,2018-03-19 00:15:37,2018-03-19 19:24:50,2018-04-04 00:53:23,2018-04-09
d744afed01f7a27ac2864f952a787ae0,2eb1a6686d8b3a677937ef0fb70ab984,delivered,,2018-05-22 02:15:41,2018-05-22 14:04:00,2018-06-07 16:24:32,2018-06-12
3e46d4c127db26ad30843bd14fcb98f7,e74a6338773e24b2e8a94d82cab4ea45,delivered,,2018-04-25 03:55:26,2018-04-25 13:49:00,2018-04-30 17:17:45,2018-05-17
a90caee2f02cc59cf28469ec71681116,e50de73a50d0f161a8a40eee5e0faa94,completed,2018-08-17 14:36:33,2018-08-17 18:10:16,2018-08-20 13:30:00,2018-08-27 16:28:31,2018-09-24
dde8fc032fcad6d3247ce0f0e99472d0,0722f25bcff38c4412bde18b1f87076c,completed,2018-02-07 13:26:08,2018-02-08 07:35:26,2018-02-10 01:33:14,2018-03-02 21:23:52,2018-03-14
4c27ea95884450945b1cb30e6fccdd71,3b144e19efcbef5c244929d2524d0b74,completed,2017-08-21 12:54:51,2017-08-22 04:16:20,2017-08-23 21:45:25,2017-08-30 22:19:10,2017-09-13
35bd296a8ad55ea37b88e2d4c04dca4e,0618ac28167d5d02f1135f98d3d4166c,delivered,,2018-08-07 15:00:06,2018-08-08 11:44:00,2018-08-13 17:51:24,2018-08-17
b642a3e08bfd10119c9b7e948c936e93,f623e071624706724ec88fbb991b6833,completed,2017-02-03 01:03:44,,,,2017-03-06
a54247c75dbedef28cd7bef1314b5403,31c37978fdd6d7179196ca3a7937d1e8,completed,2017-11-24 13:50:23,2017-11-24 15:57:39,2017-11-27 17:28:49,2017-12-14 22:39:40,2017-12-18
bbf6f71330cce4afde803651c4f05e54,4c932732dbaccc94a29104748b603548,delivered,,2018-03-08 16:56:03,2018-03-13 23:16:27,2018-03-27 17:03:17,2018-03-27
4b4a19bd8b1065ce9a4f227eff142150,68e39b15a421a9bbc7df0dd39c3a2bff,completed,2018-02-16 15:07:18,2018-02-16 15:26:52,2018-02-21 10:04:14,2018-03-14 20:36:23,2018-03-15
844cfd170bcdbf34353a0f09b860b61e,62f47d0e6762623abef35d72603bbc5b,delivered,,2017-12-12 03:49:47,2017-12-13 19:17:43,2017-12-26 18:56:03,2018-01-05
08a2535facf687274c238d2c9f59b7ce,679ffd2f67c23646db9095fa12b8052b,completed,2018-01-12 09:15:42,2018-01-12 09:28:29,2018-01-13 01:38:12,2018-01-26 19:08:52,2018-02-08
205b109336cc8efa4ff08f231919f4bc,469c87ba0d5db4884464ef9280f67efd,delivered,,2017-07-07 02:44:10,2017-07-07 19:14:52,2017-07-24 18:22:32,2017-07-27
02a266b82c117c3bffd894e713438484,a3babdab81e0ed5d6e68bb564cc2eeaa,completed,2017-07-15 19:19:53,2017-07-15 19:30:19,2017-07-17 18:12:02,2017-07-24 20:19:31,2017-08-14
4bea5620ce57685aba59eec6ee1237d7,28290f0535157d1ffb43629e3a790c4c,delivered,,2018-04-10 04:11:00,2018-04-11 02:32:21,2018-04-27 00:54:32,2018-05-02
a92bb0beb3fd226d50671cf17587f289,0b42763d66e65a34f6e2978facaf93da,completed,2018-07-26 14:26:07,2018-07-27 02:15:27,2018-07-27 14:26:00,2018-07-30 20:58:41,2018-08-07
605c8d6c4fd713a7d4315efb447367ef,c8c2748acf09a4d9bde389cc2d54fa05,completed,2017-07-03 10:25:36,2017-07-03 10:35:16,2017-07-03 16:40:52,2017-07-05 17:27:19,2017-07-18
a96417d157bd97f6b47643a7ffbcd8dc,32a0f9a935752b492144cefe01ec5da3,completed,2017-03-24 15:37:08,2017-03-24 15:50:18,2017-03-27 14:56:58,2017-04-03 13:33:32,2017-04-17
7b0bb21c6157ceaf36546fe736cea57e,93d5c28a557158561f6ce4c7a5f7001a,completed,2018-03-12 12:35:39,2018-03-13 04:28:08,2018-03-14 19:24:50,2018-03-22 12:16:46,2018-04-03
3d078f07196f735d7513cb6df317e1bd,13709817a93e72b8a9752298c2e00580,completed,2018-03-18 12:22:33,2018-03-20 03:48:54,2018-03-20 18:17:29,2018-03-21 19:23:40,2018-03-29
fddb3d597fc61e3f11ce9e3e8e7a3706,67aac83578d8da73ae7d09d981ce8487,completed,2018-02-20 10:34:07,2018-02-20 10:50:35,2018-02-21 20:06:30,2018-03-20 20:38:56,2018-03-19
d7bfe7ef14d1debee523b680ae421489,4e5aecb5ec6b900f8de063308bbc55cb,delivered,,2018-05-01 23:12:20,2018-05-03 16:10:00,2018-05-15 20:49:11,2018-05-28
83b38224c814740db730aad1c72c7a3f,6a6e92b4be5eacb3d7abed3f73d20276,completed,2018-08-07 10:19:28,2018-08-07 10:30:14,2018-08-08 14:06:00,2018-08-13 19:19:36,2018-08-22
3c0b55362db9e4d58bc57e08f27bc7f7,810a1114071535cd94e036517d4f95d7,delivered,,2018-05-24 10:33:05,2018-06-04 05:22:00,2018-07-11 15:54:47,2018-07-02
f38ae8b796d52858ed18b394908209d8,3e03b26920dd91486f3ef212fa8a0854,completed,2018-02-01 17:43:27,2018-02-01 17:55:31,2018-02-07 22:33:02,2018-03-07 19:53:27,2018-03-01
1bf5ad2a94cb784f7e27820ab656c398,14e618e8adb379c1d9727e4cfb189daa,completed,2017-05-14 01:23:01,2017-05-14 01:30:19,2017-05-16 09:27:52,2017-05-24 11:48:06,2017-06-02
f4efba146388fcb18269422b1a903e86,b7164596fbd6190df097094046cd37ad,completed,2018-02-28 12:04:20,2018-03-01 11:55:35,2018-03-02 00:15:04,2018-03-13 01:38:36,2018-03-28
330ef8edb124bf5c3b94880749245bc9,fdc6b4e1b72c9caa7ab4a9a5c89ba7ae,delivered,,2017-03-21 22:18:57,2017-03-23 11:46:03,2017-03-27 10:17:54,2017-04-18
2eae2166259acdfb17496cbcbf41959e,19a5c4ac80ca76b9e7c32e11eb398889,completed,2018-05-06 14:27:12,2018-05-06 14:53:14,2018-05-07 15:09:00,2018-05-10 12:27:56,2018-05-25
27dfa7167b8ea894c7fdd9ed01338ce1,afdd96a697543b2f5503ec2ac4498377,delivered,,2017-12-17 18:55:31,2017-12-19 02:37:21,2018-01-03 22:16:54,2018-01-19
a63e4b82c362c488802abe5a133440aa,5fbdd1b9e8e20339710a695b1806021c,completed,2017-08-03 23:18:08,2017-08-03 23:30:13,2017-08-09 18:28:05,2017-08-11 19:34:37,2017-08-16
ed8e6636ff843d46e3b40fcd46743130,700cb2e278d3529c6ec72f823e51669f,completed,2018-06-28 12:38:19,2018-06-28 12:50:37,2018-06-28 14:12:00,2018-07-13 17:16:50,2018-07-31
b4263e5939fdc4a2875947661ea8e7a6,5b66bf489a54ed20f6f3945bc460a03e,completed,2018-01-09 22:06:35,2018-01-10 10:32:03,2018-01-10 18:58:44,2018-01-30 22:08:12,2018-02-05
7515c1d8cfed88ade550c3fb589598f0,f315c4f97490c871a95658402cb49d73,delivered,,2018-05-18 05:16:19,2018-05-18 14:02:00,2018-06-06 15:22:22,2018-06-12
f989d3ba2acbcf3d6168a67eef142f3e,91aff227ee2a5b65210e8f03fd8f46fe,completed,2018-07-21 20:00:37,2018-07-21 20:15:23,2018-07-23 07:53:00,,2018-07-31
322ab6e86e8e7fe738d8dc82ae1afb10,7ee2727255fb492c3bc059cfe72e01ed,completed,2017-09-12 08:34:10,2017-09-13 03:44:56,2017-09-14 16:36:02,2017-09-19 18:03:49,2017-10-05
943625151a5d8d00da80e96a90930e03,2953e41dea84f8fe69dc569138b6002f,completed,2018-02-17 09:59:29,2018-02-17 10:10:26,2018-02-20 16:48:58,,2018-03-06
e1e8e3bca903de27e9a1c72b5a5795e0,3ec8c253718f538974f4d7f65ccb2a1e,completed,2017-04-16 06:31:08,2017-04-16 06:41:44,2017-04-17 08:27:46,,2017-05-11
4a6f0a7bedd3542b8dc4900bf2a2b2ae,12b24ddf53996d91d74fd610fd1d5da0,delivered,,2017-10-29 18:05:43,2017-10-31 13:12:30,2017-11-06 21:08:46,2017-11-21
e17520d47c20264779c7c12601388aba,9a356286cc68f7fbe87599a35240bf51,completed,2017-04-14 18:37:14,2017-04-14 18:45:09,2017-04-17 15:10:49,2017-05-02 16:08:57,2017-05-25
8e084e8efad16f27d7f26e71af985ce2,bd3d0f3d1788cdcc21aa86f223d60b7b,completed,2018-03-07 22:11:46,2018-03-07 22:28:33,2018-03-08 16:38:48,2018-04-12 16:03:37,2018-04-03
b8dc70a6cd6d0673592fae22d170ea14,9c9c804a8e2c77375f87427dcbbd54af,completed,2017-10-12 18:33:39,2017-10-14 10:05:58,2017-10-17 18:33:08,2017-10-25 20:00:08,2017-11-01
222078339afa2788819420928e8b859c,ede477621ede321053765e5e58995ffb,delivered,,2017-07-20 02:25:47,2017-07-20 17:32:46,2017-08-11 18:12:29,2017-08-10
fc6909c54f7a6688147a7fd0a29cc30c,63517b90494b139470fa05260a7e04ec,delivered,,2018-06-29 03:07:51,2018-06-29 14:04:00,2018-07-02 17:15:07,2018-07-13
8213bc96304fc0881189c4525f3002f7,77069f163bef4933c6efeea244b3f606,delivered,,2016-10-10 11:03:35,2016-10-14 11:03:38,2016-10-17 12:03:38,2016-12-02
394dd790418f78501396d1a2912d74ff,47b778190ffdaf6fd31dc28330aeecd2,delivered,,2017-10-19 03:27:27,2017-10-23 22:27:33,2017-10-25 16:20:05,2017-10-27
e43abf9982299e5688c4848401c0fe83,a2fec579a2a42e83cc3779891266ce5a,completed,2018-06-27 19:07:12,2018-06-28 08:50:59,2018-06-29 14:11:00,2018-07-04 19:53:19,2018-07-16
2ec0b57f8588d1cc98ac3aee116d2023,95168a30ca453d4be99e6932ab886616,completed,2018-06-16 00:32:50,2018-06-16 00:59:53,2018-06-18 15:37:00,2018-07-03 21:45:44,2018-07-13
c3b6a8b065e2dcb86aba441017c019dd,cde5dd7d22c875a27d9878f02f6bb843,completed,2017-05-19 18:49:04,2017-05-20 06:35:18,2017-05-24 09:52:39,2017-05-29 11:01:36,2017-06-08
f42d66ddca55a1f750b6797c4269cb30,ae76f0fb2677aaf0d173213de80ec257,completed,2017-07-20 21:06:38,2017-07-21 21:15:11,2017-07-22 11:14:48,2017-08-01 20:05:55,2017-08-09
a53804de1ac644981653f01c6f34a876,90ad95dd6fc0a81e5c3d5c652daa3502,completed,2017-11-25 14:51:18,2017-11-25 14:59:27,2017-11-30 13:48:54,2017-12-12 18:24:27,2017-12-20
f666c9c1aa6328ce383253d83cd2a675,12faddf62f37091f5e6fd99f47c601e0,completed,2018-03-18 23:42:07,2018-03-18 23:50:27,2018-03-29 23:13:23,2018-04-13 12:11:32,2018-04-30
6f52898ca671b45edbfd101358850658,8681e534f3d51266c69704526a986c47,completed,2018-03-17 23:01:56,2018-03-17 23:15:24,2018-03-19 19:46:31,2018-04-09 18:48:22,2018-04-06
81e2f3f9f9ab4dea091b20c7a652290e,f90b90ce47228752be8ef845070cddca,delivered,,2018-05-14 11:14:11,2018-05-16 08:14:00,2018-05-21 15:41:47,2018-06-07
c00241b8d22988b4f305a817f47bee80,75ce1bb178b20194ab00843a85daae8f,completed,2017-09-16 15:59:21,2017-09-16 16:10:11,2017-09-19 13:19:50,2017-09-23 17:50:15,2017-09-28
b422d4bf31b728380653b1ce72e011b3,a212a6ed52c9cc7ec1c4aad6bc66f546,delivered,,2018-03-07 02:49:01,2018-03-15 19:06:31,2018-03-22 20:27:41,2018-04-02
887e4a59707e96b2c7b7112201a4db47,943e8299a7de534ab4c8d6db6cb62f47,delivered,,2017-12-04 16:49:20,2017-12-05 16:45:16,2017-12-19 15:36:55,2018-01-09
221b863362f9e6ec4ec0a4f08608a69b,a317108e17ac2499f40ad853aa533810,completed,2018-04-27 22:30:19,2018-05-01 05:54:26,2018-05-02 14:05:00,2018-05-09 20:40:52,2018-05-21
a0ac0049119c70e88509f0c8e30564e8,b62f3146b3166158dcb3e9c1f54f5dc2,delivered,,2018-07-20 05:03:21,2018-07-25 14:29:00,2018-07-27 12:31:39,2018-08-06
076008aa37f0393fff972b8b0121fd94,7f2bea5e1e2401a11a15c1e666445196,completed,2018-06-08 19:05:44,2018-06-09 19:10:56,2018-06-11 13:12:00,,2018-06-19
df23ed2daa7af696a5334c284dbc13ba,2b929021a055399bece4bf1464d20343,delivered,,2018-01-16 17:37:52,2018-01-17 22:19:34,2018-01-28 17:02:51,2018-02-07
1c036a86b23c31b9383c1e6f67a94652,4f2861247d5aadcb075836a5e43bed28,completed,2018-07-18 09:16:18,2018-07-18 09:30:15,2018-07-18 13:25:00,2018-07-23 15:30:02,2018-08-01
ec0bc44edd6eff22baea2a84bf6c0404,33693eda66c5b67355e658c96a35c49c,completed,2017-03-20 09:09:50,2017-03-20 09:09:50,2017-03-20 14:27:03,2017-03-23 10:14:01,2017-04-06
8bebfac09d9574a3739d28cca22a213b,e5d57b03c5c860a05939cc4ce173af6a,completed,2018-03-19 20:44:44,2018-03-21 15:35:28,2018-03-23 00:54:48,2018-04-20 20:32:06,2018-04-24
400aa5c769fda1017c9b3a3075a8aac3,a0e82528d5112c47eed2ecb84f6c55b7,completed,2018-08-19 22:20:49,2018-08-20 13:35:19,2018-08-22 12:47:00,2018-08-23 18:50:46,2018-08-24
9ccd75b5f3444a2dbf104b9cdc1183a1,f2e6426b75732148c1fceb5131c79ac8,completed,2017-07-25 23:49:05,2017-07-26 00:45:07,2017-07-26 14:28:35,2017-08-03 17:02:57,2017-08-16
91260d5d88d51354a02afecbec80995a,ac45967813f56118b67f7f5f4ef687be,delivered,,2018-03-15 03:10:27,2018-03-15 19:51:47,2018-03-26 17:58:59,2018-03-29
1fe609182aee60558c018f43975cfdd6,3651330d739846f56c063a957dc3a312,delivered,,2018-04-18 08:36:25,2018-04-19 22:38:29,2018-04-20 14:44:40,2018-05-02
686c017e3f991d5b96cc80cfb89d7d4f,cb81c00a40f9a727ec1962ef6b18a495,completed,2017-02-23 17:14:36,2017-02-24 17:25:09,2017-03-03 13:51:29,2017-03-06 15:18:27,2017-03-24
f71915184c3ccd8f36251500f01de53a,9cb217017421d848098b2087a6b97f35,delivered,,2017-11-17 03:35:41,2017-11-22 18:08:39,2017-11-23 17:53:44,2017-11-29
f4c004e98b41b61d8b656fed541bbd99,4acb0997ad21d8f66d203e0d3c566993,completed,2018-07-25 17:22:27,2018-07-25 17:35:17,2018-07-31 13:26:00,2018-08-01 13:44:51,2018-08-06
4e36ca9de4b97cb87ff2c474107c28f1,577ece54796bd0f230d4df152b53536f,completed,2017-11-25 15:00:59,2017-11-28 02:53:42,2017-11-28 21:52:57,2017-12-04 20:42:25,2017-12-12
acdaa16a13bbe2ca9983c730d0e29c2c,52f53291ff1011cdb7d19e97f2648974,completed,2017-07-28 15:45:36,2017-07-28 15:55:16,2017-07-31 16:10:54,2017-08-01 18:29:52,2017-08-10
ac9389991e196542581dc80f6be7e5fe,d5d2b40c4f46a961dd499fcf5541ffb8,delivered,,2018-01-01 21:18:27,2018-01-05 22:11:00,2018-01-13 01:29:12,2018-01-31
90375c2818679d0acd512c173b31a0fa,b15c0c3759725fa232822a4ac78f5f6e,completed,2017-08-10 00:49:16,2017-08-10 01:05:10,2017-08-10 19:38:05,2017-08-17 16:13:44,2017-09-01
2f16a08a008440d69c339763a4024226,dca8d3f7703ea5066661fe1014e2d9d1,completed,2017-05-07 21:00:57,2017-05-07 21:10:14,2017-05-10 13:01:07,2017-05-15 16:26:42,2017-05-19
c0341f028a07cb3196e3bf4e850066bb,b3cdb244706fcba3d2bcd907b082ce1b,canceled,,2017-03-23 18:23:19,,,2017-04-11
36ff0e6c1dc200e440f805f289b4be74,cba5db913b6e4038845aee284a7407c6,delivered,,2017-09-24 14:55:15,2017-09-27 18:41:17,2017-10-11 16:03:32,2017-11-01
78b7aeae3630346231847e749bfd8a18,064ece0e47fb67c948399c1c0f481695,completed,2018-02-18 14:10:25,2018-02-18 14:46:33,2018-02-19 17:45:06,2018-02-26 20:43:14,2018-03-09
cb53f0b6e8f9082a9f5a113765dd1236,035c08a68b237ef4afc82109e61a7380,delivered,,2018-06-03 22:50:09,2018-06-04 15:15:00,2018-06-05 21:52:02,2018-06-28
04f1827088d972a62224f5203a071500,03c1a904f35ad2f91e103b348cf53c3a,completed,2017-12-10 20:42:05,2017-12-10 20:50:26,2017-12-11 21:09:32,2017-12-29 19:18:54,2018-01-09
7c08af2aea8bd8a8fccabe5b004650b7,a497336d756539a3080b356583a5f945,completed,2017-06-10 14:28:44,2017-06-10 14:42:37,2017-06-13 14:00:12,2017-06-19 21:27:47,2017-07-05
2560dad7258f094d3b637e3d65cf6a06,5184f33091b396cb111120bda63a9332,completed,2018-01-14 18:08:10,2018-01-14 18:15:28,2018-01-15 15:32:56,2018-01-25 19:08:55,2018-02-19
d0e7c11999696d6e68df274547d2bd99,47c285be8b7e2871b65807d42e6827df,completed,2017-05-21 15:02:39,2017-05-21 15:40:06,2017-05-23 14:42:07,2017-05-24 08:25:34,2017-06-02
4c5fb984844ad48dc34f8acf42eb0eda,14e4fd056129b209f512b1070b405ccc,completed,2017-03-26 16:45:59,2017-03-26 17:02:14,2017-04-05 16:54:52,2017-04-19 09:39:03,2017-05-05
615d69cac226ded6b44842350797744e,542db4871a9bf57277abb73a1b3305ae,completed,2018-04-09 22:47:50,2018-04-10 01:30:59,2018-04-10 18:51:31,2018-04-12 19:56:24,2018-04-25
24bec7bd3d098472031fe54a30488c3b,0ffe361717c277fb8ea8c2dfc8f5601c,completed,2018-08-19 13:46:30,2018-08-21 04:35:23,2018-08-23 14:25:00,2018-08-24 19:59:01,2018-08-24
43df08b645b3c5d452c2b73461c3259c,d480aa85f10251c22f1c805b7b86afa6,completed,2018-08-24 23:42:21,2018-08-24 23:55:13,2018-08-27 15:18:00,2018-08-30 22:49:32,2018-09-04
1c01cd54510efa1db113ee8354518f20,b04cc8e48980db67f9b78779e4265ba1,completed,2018-02-21 10:58:09,2018-02-21 12:27:42,2018-02-23 00:16:53,2018-02-26 23:46:28,2018-03-07
f03d4c42614d34cdb6c5717fc24032aa,d03e9645f1b0c62634f4027fa3ca4999,completed,2017-04-11 14:47:37,2017-04-11 15:02:09,2017-04-12 16:08:28,2017-04-18 14:54:49,2017-05-03
18fc3dd5faa2ffbb3d8c6b84e8a3726b,1c0581eab1e3711b45b750357554895a,delivered,,2018-06-03 20:09:32,2018-06-05 13:44:00,2018-06-08 16:58:22,2018-07-05
ce6f76eb40949df0b5b6ef6936848d9b,0ed3394970c378e9243c2b7fb8efa496,delivered,,2018-07-26 23:24:09,2018-07-30 15:06:00,2018-07-31 19:26:37,2018-08-06
95811675a89b66659996da5285a021db,5885969ba920706beb8d5381a2ba981c,delivered,,2018-08-09 15:25:22,2018-08-09 13:37:00,2018-08-14 16:21:43,2018-08-23
cf0d7785ec55eefbe15fed83be6655c6,f5d67d80ea93e8f9d93b3813c7f1b89a,completed,2017-08-23 15:00:06,2017-08-23 15:10:21,2017-08-25 15:43:16,2017-09-01 20:04:49,2017-09-15
3c13ca3111b1b5f67cc6bae982e812d2,7ab1e0974193f60d5db1140b566919bb,delivered,,2018-06-10 20:31:57,2018-06-15 13:34:00,2018-06-20 14:31:38,2018-07-12
bf45b8917f0c4bba2d29256fdbac3d04,2f856641aee6cb4e633a72f2f2fe0e64,completed,2017-03-25 09:43:20,2017-03-28 04:03:07,2017-03-29 12:22:51,2017-04-07 17:03:50,2017-04-18
7fd1ad3183dcd535e1fbbd709f095a4a,e108cd9fef87ab8a6d33ff941da84e27,completed,2017-10-15 23:33:59,2017-10-17 03:56:29,2017-10-20 18:57:42,2017-11-01 19:09:58,2017-11-10
c282af09e5db227f93b1f3175aba57e6,43de04dc7e0cdc9aa53547832a059ea8,delivered,,2018-06-12 05:36:46,2018-06-13 14:38:00,2018-06-16 20:38:46,2018-07-05
e127e496849462216ba78b6dfe0c48ed,4e1eea7b0e7ae6e0ed69d9017f4641bc,completed,2018-05-01 17:38:20,2018-05-03 04:12:48,2018-05-04 15:46:00,2018-05-14 19:03:33,2018-06-01
e4f0fb907ebf79c450a8646d85c36d62,974f9c5c29d6eedcbe11b1b76ef43553,completed,2018-02-01 16:37:28,2018-02-02 16:00:44,2018-02-06 18:37:02,2018-03-19 21:46:51,2018-02-26
309d9fa2b3c76ea52c4ab89132f38adb,bdf4339fff7a233baab4173fcc20bb8b,completed,2018-05-17 16:53:40,2018-05-18 00:55:16,2018-05-18 14:53:00,2018-05-20 17:19:36,2018-05-25
37439c69cc9254ad393066b4061ae5f2,667a6188019456a8aa6bba524a82a321,completed,2017-12-30 13:35:51,2018-01-03 04:29:31,2018-01-04 17:41:53,2018-01-18 17:33:17,2018-02-06
2abac84637c5e0ddd2923f22ba61a96a,d3343ef400ee50f5a78951026cdec7aa,delivered,,2017-03-30 01:22:35,2017-04-03 15:40:19,2017-04-17 11:03:11,2017-04-26
72729c533aa3957ddd96bcbc9237a49b,28a760962f6a7ad17cfa070eeceae1ea,completed,2018-07-23 10:23:27,2018-07-23 13:20:19,2018-07-24 11:36:00,2018-08-02 20:14:37,2018-08-07
f1cd9d30a289847f9a18900d191a4f05,7d49f4183bfb4a71d4148ac24749473f,completed,2017-06-04 18:58:07,2017-06-04 19:05:14,2017-06-06 18:21:40,2017-06-12 13:41:41,2017-06-28
b68aee1125f73ebb79b5283c7498650f,4cb050250b34dd44139b172407f60739,delivered,,2017-07-06 15:50:27,2017-07-10 12:22:12,2017-07-20 19:53:41,2017-08-08
5401b21170f8bcf7136ecd5cda29009c,e282755182438a82582d2bceb0e358a1,delivered,,2017-03-13 07:26:25,2017-03-14 10:58:03,2017-03-20 09:43:51,2017-03-31
b66034dfd4925b13cbe0fad3f068e618,36a3814f42b8e1e33c12a1cc26c4c161,completed,2018-08-08 14:01:48,2018-08-08 14:10:19,2018-08-09 15:24:00,2018-08-13 19:24:45,2018-08-13
9afd9ae98cb2fcc3bc5b893594ccf663,3ff32929bc801d5539d94bede606fea8,completed,2017-09-15 14:45:57,2017-09-15 14:55:25,2017-09-20 19:08:08,2017-09-25 20:58:47,2017-10-06
f9a799d2f679685212cad64ee906048d,9192efe29732cd3f91347e6cba770ce3,completed,2018-03-07 12:43:02,2018-03-08 02:15:42,2018-03-08 23:16:20,2018-03-22 19:39:01,2018-04-09
88c6c911e3d4308b3f355533115275c3,dce9263e5c0f7448aff75f3f347ec481,completed,2017-09-09 16:46:09,2017-09-09 16:55:12,2017-09-13 21:46:55,,2017-09-28
3eb107cde8cec14d216034ea9fad2866,05973f8c1b234868c8c1397d05d979e8,completed,2018-01-14 20:06:35,2018-01-14 20:18:21,2018-01-17 19:19:07,2018-01-29 16:46:59,2018-02-05
abf60bca751436919479c6ad94cf5c0b,28a1088aae1930e4e87d05707d06e4fd,delivered,,2017-08-20 17:45:10,2017-08-22 16:18:55,2017-09-06 20:39:57,2017-09-13
dd79da6ae3b43617470e33f38ebeed76,f2cc7f918e73d124e0712cb7dbff41cb,completed,2017-07-20 17:35:30,2017-07-22 02:15:09,2017-07-24 18:23:03,2017-07-25 22:58:32,2017-08-04
207d35e4a69118f2f9422aa1949043f7,09becaeb993ca4d7a5c0ea6eb2afce30,completed,2018-05-29 10:19:05,2018-05-29 10:38:49,2018-05-30 13:34:00,2018-06-12 17:52:44,2018-07-12
f78331069dda1305cb2f9c835e08b12c,0d8eccedaf47f542b23025203839164d,completed,2017-07-09 20:43:15,2017-07-09 20:55:09,2017-07-10 19:11:53,2017-07-12 16:52:20,2017-08-04
66d4f650ce4c149081143ab7444a2e3d,492cce5bb321af16f1c89feae21a0f3f,completed,2017-09-14 20:34:09,2017-09-15 20:44:29,2017-09-18 16:47:54,2017-09-26 21:15:03,2017-10-10
40bf8d4d61d22711253ecc21d0a2e442,a45aea2d812b88b18d3b5a84fae5a3a9,delivered,,2017-03-06 13:15:14,2017-03-07 11:36:13,2017-03-13 08:32:20,2017-03-29
1e62cc7c75b9ab770d8ade06089fed44,c01f50d3efd1bf4bc960ac76cd51c7ac,completed,2018-02-19 18:56:21,2018-02-19 19:55:33,2018-02-23 20:17:49,2018-03-01 00:54:46,2018-03-09
58f608b30531278060213cc7926bc6f5,95682accaa4aa7184a16bc3ee1392129,completed,2018-07-05 14:30:48,2018-07-05 16:05:59,2018-07-10 17:37:00,2018-07-12 20:36:27,2018-07-18
f60f24675fc59697853e289b853f5cad,7ac9a9cae93273d303eed9a24dc2ecf9,completed,2017-11-26 23:14:40,2017-11-26 23:32:44,,,2017-12-26
fbfa10bf164dfe834823b4a02cd0ae1c,f2c3ad2403328933c71e5f18282cd23c,completed,2017-12-22 15:17:39,2017-12-22 15:34:35,2017-12-27 17:58:06,2018-01-09 14:36:16,2018-01-22
ce0a53468ddde09e79f73edba370ceec,be661c8beed58e228518d223a539700e,completed,2018-02-08 16:39:22,2018-02-08 17:29:35,,,2018-03-08
2928aa9673f513fc88b34511dcc6e005,90809c53d3918301ed947a0af65043b0,delivered,,2018-01-29 10:39:08,2018-02-01 01:13:15,2018-02-16 18:28:57,2018-02-21
9241b8242fcfa16437e5eb1136ff9d1e,70ff28da691fcd6722d037a4eeee3bd6,completed,2018-03-20 09:52:42,2018-03-20 10:08:09,2018-03-22 20:17:30,2018-03-29 21:16:41,2018-04-13
d008e845c1ba7ffcf8fbf42c4e412cbf,75c12b4d4f984ae51c153fed33e1b4eb,completed,2018-07-31 12:24:44,2018-07-31 12:44:31,2018-08-01 15:38:00,2018-08-02 22:34:54,2018-08-03
905d014ca3c264f56ba4f6a34f358bba,e33f822bccbf6bce25484ab577ce3bed,completed,2018-01-13 14:41:47,2018-01-13 14:51:30,2018-01-18 21:52:47,2018-02-03 12:12:08,2018-02-16
06e83e2884ecfcff09067ddaef752b49,180f88a79ebd4137eb2fd98525bcfff2,completed,2017-11-27 19:23:26,2017-11-27 19:38:57,2017-11-28 19:28:30,2017-12-11 20:03:14,2017-12-22
2938d86c8e6e92fb089538f210e7761b,11da7ae61e194967bc6225ef4a5022f6,completed,2018-01-15 16:11:21,2018-01-15 16:31:13,2018-01-19 15:08:48,2018-01-26 16:24:49,2018-02-08
c412ea96a1bc4eb7f1a96cd61bbdc6b0,a58f63c9d52e1c3f3a753987d21d62a2,completed,2018-05-14 10:26:58,2018-05-14 10:35:17,2018-05-14 13:31:00,2018-05-21 16:42:45,2018-06-06
a5903a529b9519a24ef2252f50a19cbe,02d683623fe8a7afb049181a823afefa,completed,2018-06-02 10:26:07,2018-06-02 10:51:14,2018-06-05 08:08:00,2018-06-12 19:12:17,2018-07-12
c2411b9c7822d227e3e48018405a0594,464ad1fa19f2a649e39193e5c98b8300,delivered,,2018-01-25 23:35:37,2018-01-26 20:19:09,2018-02-02 21:19:12,2018-02-09
5ce15ec3d65174e3ebfd1d12ee096fb6,405835f2dd9f1e03e48f2531ac2018f0,completed,2017-02-24 09:27:44,2017-02-24 09:42:55,2017-03-02 17:43:36,2017-03-14 11:47:29,2017-03-27
2ad6335dcfe920814c1cb0404c2bbbf4,3d2f1b957f2ab1d9e0355ba357544765,completed,2018-05-08 22:14:57,2018-05-10 03:36:38,2018-05-11 14:13:00,2018-05-16 20:08:42,2018-05-25
ae30244c8470e653da0ebd82be453b8e,0d96322bbb3ebb688fc30c1a1aba3e5c,completed,2017-12-11 21:50:38,2017-12-13 21:49:08,2018-01-09 18:36:47,2018-01-19 21:48:51,2018-02-05
2da95ed34624aa01afbd04c55751b73e,99a92cc95d27398c24ca29ff27e74fe9,completed,2018-05-03 21:29:51,2018-05-04 21:33:31,2018-05-07 15:35:00,2018-05-14 19:48:54,2018-05-25
802e3d87f22a8d09eb0248bfcd916f28,3c2e9edfc1bd76d707bc1b189b870b1d,completed,2017-06-08 13:19:18,2017-06-08 13:30:27,2017-06-09 08:48:01,2017-06-16 15:19:40,2017-07-03
63c5f492ab4ee6c249acbb4cff61ae3f,68cc585accf5d04953cb570e563ee5a6,completed,2017-08-30 10:07:44,2017-08-31 10:10:14,2017-09-04 16:12:46,2017-09-08 15:47:04,2017-10-06
4b12f358f41e11521989fd788736079b,f45a36b54f5904bcfcee15a6fc08fb16,delivered,,2017-09-28 03:07:16,2017-10-03 16:28:16,2017-10-06 19:28:03,2017-10-19
d194fbbc2e37d685b6adbf21897ed49d,171345b7d45c10d2ff1a8cfc52c163db,completed,2017-04-17 22:17:24,2017-04-18 22:25:18,2017-04-19 15:40:16,2017-04-27 14:51:43,2017-05-10
19230cac8f45f89fc992b4048422b72e,f859fb23e2e8315da5d17d72d4f372f5,delivered,,2018-02-25 17:30:27,2018-02-26 23:44:18,2018-03-06 18:41:30,2018-03-19
ed6a5bda2bc5622a2aa6c590eb109444,7d4ee92a956f343ad327176573f038e5,delivered,,2018-04-24 18:52:59,2018-04-25 00:36:34,2018-05-02 17:32:13,2018-06-04
0c28b673ceff9e07c5de4539bb0d4ed2,bc11dc645f9b9b92ae2581fc582cff93,completed,2018-01-22 15:13:40,2018-01-22 15:38:09,2018-01-26 21:58:06,2018-01-30 16:33:56,2018-02-19
e524a1d7796e94896f17636abddaafe5,7fce02f8a58a49cf0daa5ea11fcefb28,completed,2018-07-13 09:58:40,2018-07-13 10:10:19,2018-07-19 09:24:00,2018-07-26 16:38:57,2018-08-15
b786694b440fb6943dad1dcbffb42da9,0cd37b96e1f5c5d8152914365a58ba0a,completed,2017-10-22 13:01:29,2017-10-22 13:14:47,2017-10-23 20:33:36,2017-10-30 19:34:06,2017-11-13
3cabf3e464629648b819dd1bb6899bad,45ac624cab170d0d09a891f877d9d89f,completed,2017-10-27 17:43:14,2017-10-27 17:55:21,2017-10-30 13:27:45,2017-11-03 16:36:51,2017-11-22
e330a36de2a3f72b1322612a178d613a,cfec5c07d9fc968c605373142960cbc8,completed,2018-03-03 11:51:36,2018-03-03 12:09:01,2018-03-05 22:43:32,2018-03-15 21:38:37,2018-04-05
7e1090f3947562c4ac55c5ec2387ec9c,b65415e1afa271900dca60ffeb28a8b5,delivered,,2018-04-14 02:15:20,2018-04-25 13:32:00,2018-05-04 16:53:53,2018-05-15
f9cfd7e4eb2776cec1a63a59a1305e9a,dc837aeb1f809812f4ba96906c33a528,completed,2018-08-22 11:28:14,2018-08-22 12:04:23,2018-08-24 20:05:00,2018-08-28 18:45:29,2018-08-30
e7cb94c5e7b7ce7ea2e83e7e461662f9,757be9f0f57d1863fb62a6d4b08ad287,completed,,2018-03-29 03:28:48,2018-03-29 18:28:46,2018-04-02 16:56:53,2018-04-09
dd8f044a145ebf7152fc8a718cbd3412,935b0e35c27eff20b89b6dfe7753d31f,completed,2017-09-03 10:41:08,2017-09-04 10:50:12,2017-09-06 20:05:10,2017-09-12 03:21:16,2017-09-25
59dc078740135e14b746b30b397545f0,9dd86fef44195e98360aad111552c390,completed,2018-05-07 12:02:26,2018-05-08 04:14:53,2018-05-08 16:46:00,2018-05-10 20:21:54,2018-05-17
04b16351c3a70c83b9f8f1fe295cb450,bf5c3a54675e9a5b3dd58af952adeaff,completed,2017-04-22 14:49:56,2017-04-25 08:02:54,2017-04-25 11:30:35,2017-04-28 07:33:27,2017-05-15
aaa63c36d6b3e5379a0839588ccd8c01,754dd36ae2b2ab467f800bc8e37f18b5,completed,2018-05-16 16:46:36,2018-05-16 17:21:32,2018-05-21 14:47:00,2018-06-07 17:28:41,2018-06-18
cd39022e5751efdf258a1052e7e9bc70,99edb37901193efa5288192326767ad9,delivered,,2018-01-17 03:38:51,2018-01-17 19:59:12,2018-01-18 16:28:35,2018-02-01
110db9a85229d82cf8223a0315afaf8f,5870764232b1c85c58f471bea1c2f982,delivered,,2017-08-04 06:45:21,2017-08-04 18:23:45,2017-08-11 13:32:37,2017-08-17
b81909d99454a0227bc01cc241ef921a,ac58c7cb6aaceed8322a359c2c9e9596,delivered,,2018-06-07 02:55:02,2018-06-08 14:23:00,2018-06-14 18:21:58,2018-07-16
c608468eb1bf28d4f4e70d4f38157357,3a6c7b8aaaec44a52ea5d490b67f3dbb,completed,2017-12-17 17:30:08,2017-12-17 17:39:23,2017-12-20 14:49:07,2017-12-26 20:24:35,2018-01-11
1aa9e8f35ac38d8a10b41441e1faa0a2,e02bd72de8a4b5f8ce982f24a4688b8c,completed,2018-06-11 18:32:17,2018-06-11 19:01:16,2018-06-12 15:09:00,2018-06-19 16:49:35,2018-07-04
c5bc8257538b2c4e938a4e8836aa70b5,9a72067ed588f17196e71c5b7758ff25,delivered,,2018-05-13 15:11:45,2018-05-14 14:51:00,2018-05-24 19:54:40,2018-06-19
1190d4d9e67a90f9de44a7db2a0ceb52,02dd0797daa7b1b91de2b24bd6dfbba3,delivered,,2017-04-20 22:41:24,2017-04-22 08:41:44,2017-05-03 12:05:43,2017-05-10
2f530dde74c88c4df00b7767e76f7542,6c0aa6b885517e59eb6755b70476f174,completed,2018-04-02 13:35:16,2018-04-02 13:50:01,2018-04-04 19:02:35,2018-04-05 20:14:55,2018-04-12
27d9d312e04f1893b26836442d680000,56041b9a34fcdf3368352cbb4fa67432,delivered,,2017-07-04 13:43:49,2017-07-05 09:14:09,2017-07-11 16:12:52,2017-07-26
25de47610b1fe93d066d999828c0fe57,11370ea4b3f9179755b40b090ff69cc2,delivered,,2018-03-19 10:14:45,2018-03-19 20:14:41,2018-03-21 22:08:38,2018-04-04
a03dd4329530db7fc4201347345864c5,90dfcc00d7ff2daeab34bb3790a0e462,completed,2017-12-01 10:57:07,2017-12-01 12:31:34,2017-12-07 17:36:00,2018-01-11 19:07:04,2017-12-29
f8ed26e5b5bcfb0d20833e3996b5e426,c3c004b865c6a674a7b4567088f2dbc6,completed,2018-07-15 12:24:42,2018-07-15 12:35:14,2018-07-16 14:24:00,2018-07-20 20:51:38,2018-07-30
e9a203017644039168e4c5b62e6ec9c8,7863d0291e39b9afd4f996796f01b811,completed,2017-09-22 22:31:11,2017-09-26 06:35:20,2017-09-26 15:13:08,2017-10-02 18:13:40,2017-10-18
0c2bbee72e02611ffd7ba4c1b30b7a18,d3a6688ba3e7d1f5775d0ae9b2992712,completed,2017-11-23 21:49:07,2017-11-23 22:07:55,2017-11-24 21:51:34,2017-12-02 17:13:28,2017-12-07
68f47f50f04c4cb6774570cfde3a9aa7,0378e1381c730d4504ebc07d23b5bda1,completed,2017-04-16 14:56:13,2017-04-16 15:05:14,2017-04-17 10:44:19,2017-05-16 09:07:47,2017-05-18
d31a9548ec43f1d8973413419706be40,90399069cc6b8c165d4ae2da3343e6dd,completed,2018-01-15 12:19:51,2018-01-15 12:28:21,2018-01-17 18:33:00,2018-01-22 16:52:21,2018-02-08
101e824cbbf87e5511fcdb89150363d1,eea014c782415250bdc329e49382557d,completed,2018-03-06 01:42:29,2018-03-07 02:10:29,2018-03-08 01:09:53,2018-04-09 16:48:41,2018-03-29
b0c9b865f0a55ad23c74dea02e570349,060011f2db60964bc59850b81b148351,completed,2018-04-19 16:53:53,2018-04-19 17:07:34,2018-04-20 22:08:43,2018-04-26 20:12:16,2018-05-07
92ad41ab284aef4e8500e91e427ba943,b0d8ffc1f570fed9489662b5a0378bd9,completed,2017-04-21 14:22:09,2017-04-25 08:25:14,2017-05-09 10:23:17,2017-05-15 14:04:45,2017-05-29
306d73cb716b08d3525396fb16493d3a,02419e623129afb04b8cc41e737d2702,completed,2017-09-11 22:32:54,2017-09-13 12:44:26,2017-09-15 21:49:52,2017-09-20 21:33:20,2017-10-02
4e1f85dd4d12e685a7cc827f2341e25c,e65b1829e83ccd4edf454c68d6b87e65,completed,2017-12-04 09:42:14,2017-12-05 11:29:57,2017-12-06 23:15:02,2017-12-20 12:18:33,2017-12-28
0eeaf3619d35e90b2430da57d351dd01,47582d9527dd8483589057d536cab7ae,completed,2018-06-07 20:40:40,2018-06-07 21:35:54,2018-06-08 14:40:00,2018-06-15 20:02:46,2018-07-05
a23316a0b0209f50c13935e4848e6b68,9ed949e2c8a4babd308ecb886f58dae2,completed,2018-04-22 12:30:43,2018-04-24 17:47:28,2018-04-23 19:28:50,2018-04-24 19:47:43,2018-05-07
2a0f332fd6b3b477c16619a99313d29c,2596ba7fc52317caa07f81aef3f42911,completed,2018-07-03 15:56:18,2018-07-05 16:32:59,2018-07-04 14:06:00,2018-07-05 17:31:46,2018-07-16
032de52b21013e176ee997c8f210dd66,dd810dd0a6c0af12c6450f51f139a2bf,completed,2017-12-07 09:32:16,2017-12-08 02:54:15,2017-12-13 00:27:01,2017-12-22 21:35:23,2018-01-11
43815de1cf66f1ea104e0d114b8e1564,ad364862328f1b3bf6c9cedbd9f4ab80,delivered,,2018-04-11 22:50:20,2018-04-13 17:58:35,2018-04-20 16:19:27,2018-05-10
2c23086c23ba12b76e8312efa418c62d,e0e226f1c923bbf1ddfff85365e8933e,completed,2017-04-04 22:12:24,2017-04-04 22:22:44,2017-04-05 16:07:38,2017-04-17 08:05:11,2017-04-25
d6433f92f95904f2d4a77beb2769e8b2,13ba8801cf584ba4d16ebee647f2dfd6,completed,2018-05-05 19:09:55,2018-05-05 19:33:29,2018-05-08 13:39:00,2018-05-11 20:34:43,2018-06-04
3ea45d5f974b611d993c786591f2c6c5,448c72f07cc0cc6295bbc4d4d7e2c14b,delivered,,2017-11-10 00:07:06,2017-11-17 21:46:51,2017-11-28 23:57:11,2017-12-04
65d1a82f9ce69290556d70fc555cba43,e5f657faf489a605ece3d14855b8f2c4,completed,2018-04-18 09:26:43,2018-04-18 09:35:18,2018-04-18 18:28:49,2018-04-26 18:19:25,2018-05-16
9f3f85ddc354be372be6cde53a577cd5,acc559579aefad3c725ffb1b7c7e4c45,delivered,,2017-07-06 19:55:21,2017-07-07 20:24:45,2017-07-12 12:52:56,2017-07-26
3ec8d477ad3b18290ba325fecaf053f3,722a4e948bc8a8a02e9f1ea192e2052c,completed,2018-03-05 09:37:06,2018-03-05 09:48:27,2018-03-06 20:49:01,2018-03-08 14:58:37,2018-03-21
a43da589ba6d3c9eb959a36699088162,af7d5016eab3b7c8f3e6b4f23cabe253,completed,2017-11-09 22:49:27,2017-11-09 23:06:32,2017-11-16 21:22:56,2017-11-22 21:13:36,2017-12-04
4f798d08a26169482935550e67126382,eec6ac37b5e2ee144615361f466cb0cf,completed,2017-05-09 21:15:21,2017-05-09 21:25:26,2017-05-10 11:29:46,2017-05-15 15:48:03,2017-05-25
7166be578429d02a7a8b066cfd4a7969,d7c21e2c3bb8f78c8bc0e18fbe065624,delivered,,2017-12-26 16:28:08,2017-12-27 21:32:30,2017-12-28 23:19:20,2018-01-15
b47238f009b4f97b2676067d6c0c0386,d848c524b1e0639c9bfde8852bd810e4,completed,2018-08-14 09:58:07,2018-08-14 10:10:15,2018-08-14 14:39:00,2018-08-16 20:52:02,2018-08-21
b0edc0b20a380c879d0775721c5b5b20,209e672c1927a0fb4362d09d0f3971af,completed,2017-03-14 17:21:08,2017-03-14 17:21:08,2017-03-22 10:55:51,2017-03-28 13:21:53,2017-04-07
28a58d10c5ce66e99e4edf25548e1a0f,d120c21be52a1136c423dad6a50a75a4,delivered,,2017-05-04 15:03:25,2017-05-05 16:26:54,2017-05-21 08:37:37,2017-06-08
28cf6655a339bec298464ed6ac5b4550,3ab22580c82d3db7531aba1fc5fe49c1,delivered,,2018-02-25 14:50:36,2018-02-27 21:37:56,2018-03-20 21:28:51,2018-04-02
5a911c89527605e73569727488b5468d,2f354a7f80d67c7a475622acf2692026,delivered,,2018-04-28 14:35:17,2018-05-02 08:00:00,2018-05-14 18:44:49,2018-05-21
5dd757355fed8ec589b18d6d5c47e6a2,5403307de6fa27256a706e5fc1624531,delivered,,2017-08-12 17:25:11,2017-08-14 16:32:54,2017-08-15 19:06:47,2017-08-25
2e23e1f7d2c2bd9b1926b5e071d4cf18,a00f18ff5bcf5a06aca882cf83f57127,delivered,,2018-02-14 13:47:20,2018-02-15 20:13:34,2018-02-21 23:43:43,2018-03-06
ea048e4dd31fbc0e639a1aade37c7f3e,4b3e7362d1817574e08899f1f72db97e,completed,2017-07-03 12:26:12,2017-07-04 04:24:39,2017-07-04 16:03:18,2017-07-20 17:26:58,2017-08-04
32ef0e6f75975bbd710fb93a083fd58f,0fddfe15afd87240227d687cc9f46b65,delivered,,2017-05-30 22:50:16,2017-06-01 13:07:43,2017-06-16 10:34:10,2017-06-26
061cc2095125b495f7221ed85a706c07,208abfb07a2f4c1de66445c9286f5c33,completed,2018-04-13 19:43:09,2018-04-13 19:55:14,2018-04-16 23:07:37,2018-04-30 18:53:48,2018-05-08
7526e6e32c9eb710b8afc4c01dd785d4,957f824cc80070650b329d52de1b8d07,delivered,,2017-10-25 02:26:13,2017-10-25 18:59:35,2017-10-26 20:58:03,2017-11-03
cc18507fa6f7e2becd46712b03d1f51c,71f26a95b92285223eb7663ebc8ac5ab,completed,2018-08-10 11:44:54,2018-08-10 11:55:13,2018-08-10 14:53:00,2018-08-17 18:04:42,2018-08-30
7b232b239a1cddecaf6d757b4bb3a0ae,da0da702d34fb95a5be2d516996d6082,completed,2017-08-16 13:35:48,2017-08-16 14:24:32,2017-08-17 19:53:13,2017-09-04 19:59:45,2017-09-14
f4fdb235ce7c1f7d3eb1b2fdd3a4f610,841583c9439180dd784a95ad9498e34a,completed,2017-10-27 12:50:10,2017-10-27 13:07:28,2017-10-30 21:03:41,2017-11-07 20:18:42,2017-11-14
bceae68488231cae8418713a4f1a5a99,2c3a6ec473549cb156fcf3756a60cbd6,completed,2017-09-26 12:02:18,2017-09-26 12:14:21,2017-09-27 18:20:23,2017-10-18 22:10:30,2017-10-20
3d5f593a3675d379285142d8c932bb6e,f656ac8f37b7201ead107c3dd7e82a4c,completed,2018-02-05 11:39:46,2018-02-06 11:35:43,2018-02-06 22:38:25,2018-02-15 15:22:44,2018-03-02
ad635e6771f7a11f6ebac2e8a4260bf9,3b97b6044056ec33bfcd32e29de651cd,completed,2018-08-10 11:23:10,2018-08-10 11:35:19,2018-08-15 14:15:00,2018-08-16 19:38:45,2018-08-24
a994ff8265aed38e21cb63b2d8402b09,bc8d0eaead98c6ac8afc8ef41f1f483e,completed,2018-07-01 10:38:02,2018-07-01 10:50:13,2018-07-03 13:22:00,2018-07-10 19:21:25,2018-08-14
546f64a5981ba2d29b0a43a6ab6da440,267145a43451296f39cc6560c50a9f8b,completed,2018-04-01 10:39:41,2018-04-01 11:27:48,2018-04-02 19:05:19,2018-04-07 15:28:39,2018-04-18
1bf389bed4651ac01500f40b2dbc7f0c,069f1deff35f9752a09c02f3642b14db,completed,2018-07-16 09:58:46,2018-07-16 10:10:11,2018-07-16 12:29:00,2018-07-24 21:22:10,2018-08-16
3f5ff6ee2cdbae33ef3b6aa6a193f9f6,72fbfb632e6357d45a3a96a755cfd9b2,completed,2018-06-12 15:48:00,2018-06-13 09:00:35,2018-06-13 14:57:00,2018-06-19 23:06:39,2018-07-16
98484b32a3bbf287f3347e001275ed21,c156d63bdfce1d456bd43cf1c4dadfca,completed,2018-07-21 08:04:54,2018-07-21 08:24:16,2018-07-23 11:58:00,2018-07-24 17:17:30,2018-07-31
4d25e18ac18c41c5b22edfd17ecf8ae8,7147d53af4cee2254efd0c3f201ca1a1,completed,2017-05-03 21:20:32,2017-05-03 21:30:17,2017-05-15 07:13:04,2017-05-18 14:03:54,2017-05-26
4072fb31a37a095cf5c6efcc068d4f5b,4d5d221f42822e2d35af67da7b2ebb88,completed,2017-11-25 16:09:19,2017-11-25 16:17:22,2017-11-29 21:12:26,2017-12-18 22:10:38,2017-12-28
61eedf8710394769412bccced6288fff,d37fd6fd3173334ae9deee9569212ced,delivered,,2018-08-20 14:52:58,2018-08-21 15:37:00,2018-08-27 17:16:52,2018-09-04
058a48943f3034afea88ff56b960dfdb,ae42f7bb2b7fd41673207c4a4903b919,completed,2017-11-02 17:25:13,2017-11-02 17:35:35,2017-11-07 15:54:58,2017-11-28 17:41:41,2017-11-29
2463eaec66167230ee0c637e3598e2cd,7170c802ec75e5fcb3792110e68ab323,completed,2017-09-03 21:16:20,2017-09-04 02:32:24,2017-09-05 18:51:59,2017-09-13 19:47:53,2017-09-25
d7516b945750658964b64128d3de72de,5add23093af926ef474c767dd401ee6c,completed,2018-05-14 16:02:39,2018-05-14 16:13:56,2018-05-15 14:37:00,2018-05-16 17:24:34,2018-05-28
da28ac567f1bbe704eb39c1d21c53a0d,f1dbd5b4e2100112b354805ad704e604,completed,2017-03-06 15:55:08,2017-03-07 03:50:29,2017-03-08 11:14:37,2017-03-14 09:38:56,2017-03-27
04b9ffa87087a2450449da3911146316,fb26eff42e25a6ee635de85d8587b85f,delivered,,2018-04-04 09:10:20,2018-04-09 18:23:28,2018-04-30 21:18:45,2018-04-25
3cbfc1637c7e8b1fefc098ea8220a57e,8d8b42864e9c58a7c29ede290104b5aa,delivered,,2018-06-29 11:51:17,2018-07-05 06:06:00,2018-07-12 18:32:09,2018-07-25
8bf12a5b441bd86a1edbccb6137c9b0b,c466c7e0ab222e3ef6c8046e96128a8d,completed,2017-09-02 16:05:34,2017-09-02 16:23:34,2017-09-12 19:55:32,2017-09-13 18:05:11,2017-09-15
2dd1110225406663fec91a10b3c47c4a,240ab70435d02cd9730a051774515854,delivered,,2017-11-17 08:06:20,2017-11-22 19:07:34,2017-12-06 21:54:53,2017-12-20
55a54184af6cdb5cbd95d124883c2dbb,6633e658356d7a598fe1cd44a46cbf34,delivered,,2018-06-27 11:18:24,2018-06-27 09:57:00,2018-07-05 19:03:34,2018-07-26
bd6e00529da9ca228af97220e4ca308e,ed4195807797d36c737ccef3fc149543,completed,2017-12-12 19:34:26,2017-12-12 19:50:13,2017-12-14 13:28:36,2017-12-19 14:04:58,2017-12-29
b62490833ad4da4f0f696c9358737651,36a52cbef5f4a32aed0c0215995985d4,completed,2017-10-30 02:03:05,2017-10-31 04:30:15,2017-10-31 16:53:48,2017-11-08 17:54:43,2017-11-29
cdd2f841bc21ca6e8cb60fe51a640bd4,4721c721366c0149c5f5e89bfa7b57ef,completed,2017-12-09 21:16:31,2017-12-09 22:10:52,2017-12-13 14:37:59,2017-12-26 17:24:34,2018-01-10
d2f7f741c41b156c60f31e9d119dd22e,beb96061489f7c042c033ae76990e106,completed,2018-01-10 13:50:43,2018-01-10 14:08:03,2018-01-12 12:48:49,2018-01-18 17:24:28,2018-02-05
3503ca07647fc40291e999ca3e3ea490,cf0abe8b6ab8b4dc63116b7617efafa0,delivered,,2017-08-22 15:27:16,2017-08-31 23:26:00,2017-09-08 20:42:19,2017-09-22
49c06ec1bf8280d4a6ff6f3a70b59eee,c6026ed0b2168a33d2d720d2c1b7a83c,completed,2017-12-18 20:14:01,2017-12-18 20:30:23,2017-12-19 17:41:52,2017-12-27 17:07:44,2018-01-19
bb7f386eccdada8610770251d6698b13,c1f792df39a09f85c4ae6258e171e1dc,delivered,,2018-03-27 03:56:00,2018-03-27 22:15:30,2018-04-04 02:03:54,2018-04-16
2e7e996efcdd5363fe2dc812bf804e58,1c2e9eed38f46d24ee6afa2edd983dd2,completed,2018-06-15 15:58:19,2018-06-15 16:19:28,2018-06-18 18:57:00,2018-06-21 16:52:27,2018-07-05
74fd3f19e82d4dc348cf34d3870605c1,67c217f8637c4c1f72e8b54d2e5b0f74,completed,2018-08-24 17:53:18,2018-08-24 18:11:46,2018-08-25 09:14:00,2018-08-27 17:22:46,2018-08-30
0ef95a4e8ed73bc72863cca218c4791a,88fd1e7e8649557c4f7f06cca6ebf337,completed,2017-09-01 22:47:02,2017-09-01 23:07:13,2017-09-04 21:28:30,2017-09-11 20:28:59,2017-09-25
3ce0da4f1162078580b54661a488d80b,24d9d65af8e197f76dbcd99e99953862,completed,2018-01-08 14:36:39,2018-01-08 15:31:51,2018-01-09 20:19:22,2018-01-15 16:25:08,2018-02-14
e5700a52207ef266413e9f43a7b0d5f6,82f0b47bafae8118df842b125aa0fc54,completed,2018-08-14 21:21:39,2018-08-14 21:35:11,2018-08-17 13:25:00,2018-08-23 18:38:31,2018-09-10
fa511a915dea9b19df81ec0424400176,aee6a4b7dd37206736642224fba0de6e,completed,2018-04-17 10:23:24,2018-04-17 10:35:27,2018-04-17 19:22:07,2018-04-23 10:48:52,2018-05-10
713d50ddc8c1a4367d76bf00bdf4d150,8aa97fdffddd4bdca82542fc851250dd,delivered,,2018-06-05 17:54:03,2018-06-06 11:40:00,2018-06-14 17:50:02,2018-07-16
f802f0454d62d229a457b29f0dc41173,08a877734f7083608a6db968a06ebe8f,delivered,,2017-10-04 20:35:09,2017-10-09 18:35:14,2017-10-11 20:46:54,2017-10-23
660d34c91c18d67ef8ceb65f2c4c433c,a8b9ef5c2372a6355e6bb3cea1dac02f,completed,2018-04-07 14:17:29,2018-04-07 14:30:18,2018-04-10 08:58:27,2018-04-11 18:26:32,2018-04-24
d4550a84368a296d44630ab6e29c6999,1abfdac3f8679e9df8e679a10e7e392c,completed,2018-08-26 13:26:12,2018-08-27 13:30:20,2018-08-28 14:16:00,2018-08-29 19:41:30,2018-09-04
80b430d0029bb33110ac31d60e87e0b8,f29399e2ba4959552fe86d37c46bb8ea,delivered,,2017-11-30 13:56:33,2017-12-01 22:22:31,2017-12-07 18:43:46,2017-12-27
7d899835afebf887c5884a7d4f1399de,6ab3b8f014bd8e778319d7f92bdfc494,completed,2018-01-27 00:00:07,2018-01-27 00:10:32,2018-01-29 22:17:42,2018-02-07 22:28:34,2018-03-07
5ed751a2307994faf9dec6fea755e58d,8fbdc0ea3d82eccef184000af3dd06ec,completed,2017-10-13 09:32:25,2017-10-14 03:56:19,2017-10-16 22:23:30,2017-10-25 03:22:30,2017-11-09
5dbbced030c8556f919a3b392a589b7e,dad1e2ee878086780ede43f04ff07a53,delivered,,2017-11-04 11:15:27,2017-11-06 21:11:58,2017-11-29 12:43:05,2017-11-23
3b8574ac0df531f31f1bfc18f9d9bc97,727e298f03e45434a45a097b8fcedce2,delivered,,2018-03-13 13:08:14,2018-03-15 12:16:54,2018-03-21 13:34:31,2018-04-06
b1ab9ab628993453ae0b068d4a8fcf78,2b98b520582527503b1ccb5aec7949a4,delivered,,2017-06-05 17:45:16,2017-06-06 11:40:28,2017-06-09 16:42:16,2017-06-26
c879afbc0d85767d560c8ba52481a01d,e028afd98183a3e4c189bc75e65d1b22,completed,2018-06-01 14:06:14,2018-06-01 14:15:24,2018-06-04 18:11:00,2018-06-11 15:28:43,2018-07-04
28a32ec11abbac5c27adfa4d8cbc351a,57227045173898a44efa3707ce0d7399,completed,2017-11-26 18:33:35,2017-11-26 18:53:45,2017-12-04 21:41:50,2017-12-12 13:38:32,2018-01-02
768351bcdb7630b77da379eb5a54e9b3,22e7d05a63bb1bfe0b2eede7b74723c8,delivered,,2017-03-11 15:19:53,2017-03-15 10:00:34,2017-04-07 14:42:17,2017-04-11
f0acba5e31c243b3ba15fc908e1c0034,7c1566a8236807fdd72aaa3c44c1d3d4,completed,2018-01-14 15:14:16,2018-01-14 15:28:33,2018-01-15 21:21:49,2018-01-21 14:08:08,2018-02-14
6ae15bd9804be2bd1217f4583325802f,58eef387307ca6f5acbe151dbd4d1b10,completed,2017-03-15 23:09:18,2017-03-15 23:09:18,2017-03-16 10:06:56,2017-03-21 12:05:45,2017-04-03
f3d15fc6394b30a6a35e4c3886208777,e34d70554db55ce4dc72e27ebaa26a3b,delivered,,2017-07-27 10:10:08,2017-08-04 21:10:38,2017-08-22 20:43:10,2017-08-22
93feaaf6bcd5ebfd8e50ddca7a8e3d0a,3114d637f54a47ad83603a3cbfccb511,delivered,,2018-07-20 21:30:45,2018-07-23 14:13:00,2018-08-16 21:59:01,2018-08-31
f54b76164346da8a6015b7e92a645f58,607e0ec914dd874eb698c705093fa73f,completed,2017-11-27 16:02:39,2017-11-29 02:19:52,2017-11-29 17:18:00,2017-12-11 19:38:44,2017-12-15
52628d72feaca84428e9d902d3985605,a5e6bf4ac91d2a0df7e87ad00f4b35b9,completed,2018-08-07 14:52:44,2018-08-07 15:05:16,2018-08-08 12:23:00,2018-08-13 18:56:21,2018-08-17
160fec373d1524d70a0adcc4922e3f5f,2b1e47c1a29b1db00b326753395c08bc,completed,2017-10-31 19:53:44,2017-10-31 20:10:23,2017-11-01 19:05:30,2017-11-09 21:05:50,2017-11-23
07424cae1deed4169c2b56d1d150acf8,899ae8bcb4bbbafa09b4023c1777cd1c,completed,2017-12-05 00:26:38,2017-12-05 09:47:10,2017-12-12 20:26:40,2017-12-13 18:09:41,2017-12-27
6e094f9da57fda90223610bbba3d4c6a,09ebe1786d9aee6e06ef0fae650eea19,delivered,,2018-07-08 20:10:15,2018-07-10 11:01:00,2018-07-12 17:03:18,2018-07-25
ae938042ee33a2f3048cb2e4d25f9bb8,2f8c07cbd57c27226a1db824670fe3e0,delivered,,2018-06-26 10:35:28,2018-06-28 13:47:00,2018-07-03 16:07:15,2018-07-26
19cc900610a7e4a2d7691cc93384d224,b77f06832fda847b4b4604e82f075535,completed,2017-07-08 23:16:10,2017-07-08 23:30:09,2017-07-11 20:12:29,2017-07-26 10:44:39,2017-08-03
115b01b1f77f0e02812425b6f5cd8f2f,3a33c0707eef44f18059500427d00c67,unavailable,,2018-01-19 00:36:45,,,2018-02-16
5cbab05b634ce976dce3c53ebfad1058,f845a6b798ec0cd1f5fd81b8744c6e68,delivered,,2018-04-15 10:15:19,2018-04-16 19:41:20,2018-05-03 17:38:43,2018-05-11
2f7c478f21ac2d388886deb706e200b3,c725f6acf0e78328b3532826dccf5038,completed,2017-02-25 11:31:00,2017-03-02 04:10:21,2017-03-07 11:36:33,2017-03-14 12:05:59,2017-03-20
14896b78d03e4c9b80d6b32f73b2fb0d,0bc0850d0f0f4d17c5faac1f564e2a7c,completed,2018-08-23 15:16:01,2018-08-24 03:10:28,2018-08-24 12:35:00,2018-08-29 16:26:38,2018-09-10
5b5028d53cd0fe5647fe4968399194aa,51720e74ecbc9d52b02495f8cbe546d1,completed,2018-02-18 12:29:09,2018-02-18 13:30:31,2018-02-20 19:07:23,2018-03-16 21:35:48,2018-03-16
cd4264a49b0c7d241e0ba8e454586ec4,f5ec9d075724aa5e4ede6b3e8442440b,completed,2017-10-25 15:27:48,2017-10-25 15:46:06,2017-10-26 20:27:12,2017-10-27 11:32:49,2017-11-07
c0850e79daf52e54ddc594485a4819d2,199261b79f63b071d8c40c82607857b4,completed,2018-06-26 19:46:09,2018-06-29 02:53:13,2018-07-06 11:34:00,2018-07-12 16:05:38,2018-07-20
f2d1a5c559c8046860d9dd51077d1980,08dc787fbd670738dde6d2b5302c922f,completed,2018-06-17 22:03:02,2018-06-17 22:19:06,2018-06-18 12:19:00,2018-06-26 00:27:50,2018-07-17
ce32a1ef7b8affd937675b5aa005d877,bd9864145b8be857f5e35f239ef69601,completed,2017-11-24 14:06:15,2017-11-24 16:14:42,2017-11-29 15:33:26,2017-12-13 16:22:59,2017-12-18
412e78168592efba1bededb6122b7264,3f71ac4be023b21aba41f819458e9595,completed,2017-05-21 15:38:06,2017-05-21 15:45:17,2017-05-24 11:12:55,2017-05-29 11:16:39,2017-06-13
13a6b84d8ffc29e4607ddcb4170cd8a4,bce0adf484fdef747ca68871cd487d44,completed,2017-11-24 22:49:30,2017-11-25 01:52:46,2017-12-15 18:29:49,2017-12-29 15:34:03,2017-12-15
455bef37f8ae2d5a8d99c72a6ffdbb6e,b5c5be1de00553c776989382afa26cef,delivered,,2017-12-10 12:55:54,2017-12-11 22:28:39,2017-12-29 21:54:51,2018-01-09
6c16d886be4fe03174a289a4ca70a775,780b36c3e066c0251df695c5ce83994e,completed,2018-06-05 15:06:16,2018-06-05 15:31:39,,,2018-06-29
bdd6b2438d59a554a92624258e321354,925055020d3da2a5a903a5c08e0accd9,completed,2017-10-10 13:55:30,2017-10-10 14:41:27,2017-10-17 19:59:57,2017-10-21 11:55:21,2017-10-23
ef69d6f02be07ca6809eb8262e293157,40695e92613f8b181d9137e6491402e9,delivered,,2017-03-17 13:22:04,2017-03-21 18:28:04,2017-03-27 13:30:05,2017-04-17
b9aa04fee730826d066fd6b7f63def15,824586bf0c5be85cf4295256c5693f37,delivered,,2017-07-15 17:43:45,2017-07-17 18:53:04,2017-07-19 20:13:27,2017-07-28
8f0518f5d4437b43c4849faee7e6dacd,41c148813f6ddd461988059f73e8a24e,delivered,,2018-07-01 10:55:16,2018-07-03 14:30:00,2018-07-10 15:34:50,2018-07-27
300b99fa4ea75136af2879d2bf751d57,da89c31c33c817601217ebdc26e42203,delivered,,2017-11-30 02:25:34,2017-11-30 18:48:15,2017-12-12 23:36:49,2017-12-13
01677846a819fff5fc22d43d61e58367,d83f1643bc89dfc8516c6c2a11f46258,completed,2018-05-03 10:12:15,2018-05-03 10:57:01,2018-05-04 15:25:00,2018-05-10 00:36:54,2018-06-06
80848ca638a6e695838ebee7d2409893,99ad4cfc3a41b227def56de8ddf4f91f,completed,2018-04-25 09:41:44,2018-04-25 09:55:12,2018-04-25 15:42:00,2018-05-05 10:29:46,2018-06-05
2c61d0e37fba7aea7d8b7f27091be232,cfbae2eff9ff8c8331a20155e3dbcc01,delivered,,2017-08-08 16:00:09,2017-08-09 18:53:09,2017-09-02 11:00:13,2017-08-30
0f6ce0bef7443fbfd5076ab3abfceaa2,145ff990454414f00ef6c1ea1ba6f60b,delivered,,2018-06-29 19:11:40,2018-07-02 16:16:00,2018-07-07 19:15:34,2018-07-25
87a3e006d97c66817429be0d25039a7b,bec3214b41b011e0f2c974a2bdabfce7,completed,2018-05-22 14:53:49,2018-05-23 02:38:39,2018-05-23 12:46:00,2018-05-24 15:48:21,2018-06-04
3cda6f52ca254406b2c0ce1ae433a481,f89e4237764a0efd10acddd6f0bd18cf,completed,2018-02-13 16:01:28,2018-02-15 03:55:56,2018-02-16 18:46:31,2018-02-19 20:20:44,2018-03-01
f34f5fc0699f22c0ff25056c89074d28,ed5489d5d03cfe3a1748946164d02d79,delivered,,2017-08-02 20:23:40,2017-08-08 16:22:18,2017-08-11 14:49:31,2017-08-22
b9b862b71dd3a13f37bbb72f2addc949,948a5aa4913457adb9094c5f3f308ac3,completed,2018-07-27 13:46:03,2018-07-27 13:55:17,2018-08-09 14:19:00,2018-08-16 14:40:42,2018-09-06
8606d6c4cecb397228da8411e644a5bd,6a3d189d7d294b5cbce75f2fc1cb5f37,completed,2017-04-20 13:47:11,2017-04-22 13:35:07,2017-04-25 13:45:45,2017-05-05 14:30:22,2017-05-12
3660e114692157e805cdd9f04e83d9e9,4b81d3c91fed6cc8ff56c408caacb520,completed,2018-07-04 07:08:45,2018-07-05 16:31:51,2018-07-04 09:27:00,2018-07-10 12:18:47,2018-07-25
6bf198e21fd4b87c035d4e94da5d1f85,42e89706e18b5cd161f33ded3e9b379e,completed,2017-07-15 10:40:53,2017-07-18 05:50:30,2017-07-20 19:13:36,2017-08-02 17:32:31,2017-08-14
30ef7c120f099b71e0e0eae30f95c954,45ea718c3e7fb98d483c4a66455db9ce,completed,2018-07-20 20:12:54,2018-07-20 20:25:11,2018-07-23 14:58:00,2018-07-26 16:19:12,2018-08-03
dd50addabe54a9c924c82e73c4daac41,aa93b67bd6d5a770fde3735cb0e62b68,completed,2018-04-27 01:56:15,2018-04-27 02:41:09,2018-04-27 14:12:00,2018-05-02 21:16:57,2018-05-21
e05fcf75ddcb70932821597dd5b5ae7f,946a373432fa262b9918c26b85b51769,delivered,,2018-02-22 11:30:52,2018-02-22 21:49:07,2018-02-26 12:33:10,2018-03-08
4ff146e64dba229dfd00df19d2cbb570,3e8ea3c116928475eb1069b79e6295b2,completed,2017-05-15 20:14:12,2017-05-17 04:02:30,2017-05-17 14:42:07,2017-06-09 13:27:43,2017-06-14
d9bb9c8f757345967c226128c96bee43,8e1ee3cdc499889ab12cb38d1a8d9e42,completed,2018-02-19 20:31:48,2018-02-19 21:35:26,2018-02-22 21:55:54,2018-02-24 16:28:39,2018-03-07
1cc2afbca351a1423aeb95bd67821271,867b9351d211003a7ccb5bbfcd7cf2ec,completed,2018-04-15 21:26:28,2018-04-15 21:49:57,2018-04-17 22:06:47,2018-04-18 22:16:28,2018-05-03
783b1d8d1782290b10a4d8633721e26f,f1206f8f523e838e4f0f6a2122a415e2,completed,2018-08-22 16:52:21,2018-08-24 03:24:12,2018-08-24 08:59:00,2018-08-28 20:51:11,2018-09-05
b60cab8c479e1e80420cbe584d7aa9ac,0282e1d60197412167fbb0b111fd55e2,completed,2018-03-16 17:15:00,2018-03-17 17:09:18,2018-03-19 23:07:19,2018-03-21 00:03:18,2018-03-28
c518733b452a98377e02153098a0542d,4f9aac9e4ad8fe9d9c9fe19daf940134,completed,2017-05-10 17:02:46,2017-05-10 17:15:14,2017-05-12 14:35:58,2017-05-22 11:03:26,2017-06-02
64410a4fbf4904d3f9445bf58e9491b5,8f1d0358a348695533891708836a34d7,completed,2017-01-22 12:21:50,2017-01-22 12:35:24,2017-01-26 16:42:21,2017-02-02 16:09:42,2017-03-02
9e3a37ffccf4190a8b497c3e563fd95e,9d4a035a6e506fab0cd9f7daa355d48f,completed,2017-05-04 13:10:28,2017-05-04 13:30:14,2017-05-05 11:28:02,2017-05-15 16:07:07,2017-06-02
61fa6d238ae5d2e7063f2df458609c91,19accc9f4fa91716d819ab1cbf30a916,completed,2018-06-17 07:56:36,2018-06-17 08:19:29,2018-06-18 11:17:00,2018-07-11 18:52:39,2018-07-11
2e167a5acbb1c31fd50faac2ac3986d4,84d873e3af10030dbdf741e8dac59fd5,delivered,,2018-07-18 04:35:13,2018-07-18 12:52:00,2018-07-23 21:28:44,2018-08-06
5780d10774b33a1128ca4bcb46c055af,13a9f022db58ebf4d7dc4ba0c43824f0,completed,2017-05-12 22:41:20,2017-05-12 22:55:06,2017-05-15 21:19:41,2017-05-19 08:56:46,2017-05-22
1562a930fc574b55669f07e580d8f6ff,6037a47bede28d1b7157a6cefb512efc,delivered,,2018-05-08 04:14:47,2018-05-11 14:23:00,2018-05-17 17:08:41,2018-05-30
465a271ded1329037fb92a87a725c131,d4d520ede8c5bebd0a37dfdcc06164ba,delivered,,2018-07-19 08:45:15,2018-07-20 11:11:00,2018-07-26 19:05:33,2018-08-06
294d3b3083f03c4f2d187ff6373375e7,b86c39462bcdf90c5fddcd51b36e751e,delivered,,2018-01-06 15:31:33,2018-01-10 17:48:03,2018-01-17 16:59:11,2018-02-02
0c1c40ddebf6bcde950f7932248b2529,b38ed39dd3e8de29709dfcc59c3d7067,completed,2017-06-13 21:12:19,2017-06-13 21:25:24,2017-06-14 13:58:17,2017-07-03 13:17:43,2017-07-14
42da631a2f5302608f86e8cee55b8d40,6d1a335a66fe44759748471c86ea535d,completed,2018-02-05 16:42:37,2018-02-07 03:10:53,2018-02-14 17:47:11,2018-02-21 20:17:01,2018-03-01
8a1d9b0c823a8c653a9662d0a0759306,d83407c66c173399b2eaf6c429ed5e56,completed,2018-05-20 15:47:53,2018-05-20 16:19:23,2018-05-22 06:22:00,2018-05-24 17:32:15,2018-06-20
c1f9a3a835ab0d3d2975ab179f78ab75,6810c3dc47f641181fcc7f73275c3d19,completed,2017-09-26 18:53:39,2017-09-26 19:07:10,2017-09-27 20:30:03,2017-10-05 20:18:06,2017-10-23
bbccc293dde3a6b72a942c4117678017,fc817b66cefcd2a69c772be7aa07daeb,completed,2018-05-16 09:05:31,2018-05-16 09:33:12,2018-05-18 17:19:00,2018-06-11 20:21:36,2018-06-07
c28cc812db8e9acb713843bb0470b7cf,eb172b63b901dc5dd76bbb694ce13ff4,delivered,,2017-09-10 00:50:11,2017-09-12 19:35:01,2017-09-14 13:36:06,2017-09-27
80700def3189230fc60069139112527d,f81abf40350b6bbb272cb1e6d923f8a7,completed,2018-04-01 11:49:03,2018-04-02 17:35:15,2018-04-03 22:12:43,2018-04-23 21:55:31,2018-04-20
ee6a209ee9b43643f6910b4077ab5e3d,edf9b6ec2c47047c704a06a32396ed5f,completed,2018-07-31 01:15:48,2018-08-02 05:30:49,2018-08-02 15:30:00,2018-08-03 20:54:27,2018-08-07
f257772187b4e1bcb05ef74b3420ebfe,431c7b4412d3a64acfb653fb8259a50b,delivered,,2018-06-01 16:55:42,2018-06-04 12:18:00,2018-06-07 18:33:28,2018-07-23
826fc3782b3bbdfea8c82e11ff16fb9e,7c1604937b4870cb589b5fe2949deb1b,delivered,,2018-02-22 15:50:26,2018-02-26 22:37:10,2018-02-27 21:58:46,2018-03-07
fd7b5df31b1135f945600a23960438aa,dc17b8c70dee39149c5b8ec131a365e4,delivered,,2018-04-17 18:51:42,2018-04-24 17:39:08,2018-05-09 20:12:03,2018-05-14
1500f59278b33472734cddd11039033f,119462e9d287bc17dfb152ee17ecdc54,completed,2018-01-14 22:44:58,2018-01-16 10:37:45,2018-01-22 16:23:46,2018-02-09 20:41:37,2018-02-09
7ab737441b79ec93e9e9b1335f22a30c,bb7874514104785ce5b5abece4670a18,delivered,,2018-03-06 03:51:19,2018-03-08 21:18:24,2018-03-29 00:52:30,2018-04-05
90e4d4f7e2221bf7f81a4873e3161b96,03cc0d8c8f25cd1e7134599ffadc585c,completed,2018-07-18 16:06:19,2018-07-18 16:22:43,2018-07-19 15:07:00,2018-07-20 19:53:39,2018-07-31
63a1e75d65a3dcb40d5f452a248e9680,9f3ba8ca881a4d8641dae98f8bb8ee7e,completed,2018-07-16 17:18:25,2018-07-16 17:30:22,2018-07-17 13:41:00,2018-07-23 12:18:38,2018-07-30
e4471c01969de94c38f855a80f807490,582f764885a50acc20fafaf5f1f6a266,completed,2018-06-21 08:50:45,2018-06-22 02:59:29,2018-06-22 13:51:00,2018-06-26 17:54:30,2018-07-27
b364561ec1da2bd9c795360c47956c21,ede29b8f9090dbe09b81c45d9ef77792,completed,2017-07-25 12:48:50,2017-07-25 16:55:12,,,2017-08-10
b4ea6b63bcab8995631b98deef749657,cd76fc0e4f0234fc6bdf0bb3898f31cf,delivered,,2018-01-19 17:42:41,2018-01-22 19:52:55,2018-01-23 23:36:41,2018-02-05
a814c3bac8cee558887d1cd73a0696a0,e0232cdbaf4e7f5abe9cbc566a0e9022,completed,2018-08-22 10:41:32,2018-08-22 10:55:31,2018-08-23 14:18:00,2018-08-24 19:42:33,2018-08-31
9315e7a2e69ca1a49b3ba3c6e908ba2b,6afb012b0bf2e380c8d417d2ead4bd34,delivered,,2018-01-25 11:53:04,2018-01-31 17:59:24,2018-02-22 22:52:21,2018-02-26
b9a703ce4f5ae752f1ea894775d250ff,a905d4b3fe690160573204533764b6df,completed,2018-08-15 14:43:32,2018-08-15 15:05:13,2018-08-17 15:15:00,2018-08-20 11:58:29,2018-08-20
3644344c9ad371ecfc67c6cbeb93531c,286cd699eec7a6faf30e808b715f1180,completed,2017-09-01 16:54:40,2017-09-02 20:03:32,2017-09-07 00:04:24,2017-09-19 21:21:46,2017-09-25
e219ad747ae4defe726ae79c84ed3819,13de063b98a2469df1e3e21b5dea0a7a,completed,2017-06-18 23:47:30,2017-06-19 00:43:14,2017-06-19 20:02:46,2017-06-23 11:37:34,2017-07-11
2adb88df15a33d97f2990e59b1745820,584cd77e4f94956e942c28ea0eaeed5d,delivered,,2018-06-17 21:15:24,2018-06-18 11:17:00,2018-06-27 18:05:07,2018-07-17
bd982aee32cd290fc0ecf05ec77c326b,fe11d27a155ab2ad8d59cdcadde0d9f9,delivered,,2018-08-04 19:24:08,2018-08-10 11:45:00,2018-08-17 01:48:42,2018-08-09
5f9a2288d2f21704d5148aacbd3a4263,ea53ff8d1d4b00fdde037a071e637eb6,completed,2017-04-16 22:45:14,2017-04-18 04:03:00,2017-04-25 12:33:10,2017-05-10 05:40:03,2017-05-18
e009dde166ed889f54967499e49e3052,16195a3a52d14b7a0d2e4b60ab64e9aa,completed,2017-04-20 15:49:10,2017-04-20 16:01:54,2017-04-24 09:08:42,2017-05-05 13:44:06,2017-05-18
6949db3c04a148477159a00e408f448b,3dc0c2303d013b87d11d353c2b23ad80,completed,2018-05-04 18:57:34,2018-05-05 15:35:20,2018-05-07 14:18:00,2018-05-14 23:42:37,2018-06-14
030f7abd700a4ceae9a8c4cff4b3dc95,8e2d143438d380d522c2a4ccc781c6ac,completed,2017-10-18 18:07:13,2017-10-18 18:26:43,2017-10-19 23:05:05,2017-10-25 17:30:11,2017-11-09
f3d907ca2389186613781da85106e282,7623974c22b1c2ee440dd0ad932316d0,completed,2017-10-26 13:12:04,2017-10-26 13:29:37,2017-10-27 23:57:48,2017-11-07 19:07:01,2017-11-17
b0e1d9af1bfc3a4d96489c81cf10fe69,e6baa8613ec0f40b1c03a74b605dce5e,delivered,,2017-10-08 20:24:52,2017-10-11 21:13:00,2017-10-16 15:32:22,2017-10-27
c2d00a9eb60169824e8b8cd5b0baf2d1,7dac8705fcb9546ba4ee96aa9458de81,completed,2017-07-02 15:58:25,2017-07-02 16:10:14,2017-07-04 15:58:46,2017-08-04 12:07:37,2017-08-04
a74bd7028543600b2bf880c8b7040fa4,4cbd5670977afc1b847668f3263a3d4e,completed,2017-04-29 00:02:03,2017-04-29 01:02:59,2017-05-02 18:12:33,2017-05-09 09:42:29,2017-05-23
f76b26cd77226ba5e1e3c800cf1e6ff2,e517764f936509d128d13b3997f6f3f6,completed,2018-07-18 11:36:56,2018-07-18 11:50:10,2018-07-18 14:29:00,2018-07-20 19:28:26,2018-07-31
30ba86172fdf3caf123a7e424bcfb3a8,34db9ccc15a061318cdce4914490cf64,completed,2018-04-12 19:28:55,2018-04-13 13:14:15,2018-04-13 22:38:49,2018-04-20 11:11:16,2018-05-10
a1341cb83bbf1b47392f4a3685d56bad,a08a7edd638cbf99e97e2ed2d19483be,completed,2018-02-18 13:20:09,2018-02-18 14:27:21,2018-03-05 22:17:17,2018-03-07 00:04:53,2018-03-05
c1f1899f5b553547785b16b311b96867,b43e8b6cf1345320c36be9dd251513dc,completed,2017-05-21 12:50:58,2017-05-22 13:10:31,2017-05-23 09:11:26,2017-05-29 10:42:48,2017-06-09
b990622bf95aadc14c973b3e914444a7,b82d00b824e63056f1a7319aff2af070,completed,2017-07-24 07:41:00,2017-07-25 03:50:23,2017-07-26 11:12:35,2017-08-04 23:37:40,2017-08-15
4aea73f4a5803237a93ce646f0f91b16,7bdd1a8a8a27b40561a9ad6fc2889383,completed,2017-05-16 18:49:31,2017-05-16 19:02:16,2017-05-18 10:43:25,2017-05-22 13:57:53,2017-06-16
f84e76524c8a195a6b135461719b0c09,f25d251bc15adec897e5564fd00cf39a,completed,2018-01-31 12:39:29,2018-01-31 13:47:00,2018-02-06 16:18:32,2018-02-17 16:33:16,2018-03-06
c4d230f9c5f9e41364d44602902bdaa3,0ddb903f8377694b51104823502d3c48,completed,2017-07-16 19:30:43,2017-07-16 19:43:16,2017-07-18 13:00:13,2017-07-31 17:27:57,2017-08-16
2399cd92814172df4639c2347151dfd4,a0c3599b1d4051c520391ca3c6d2ac2c,completed,2017-06-23 00:45:51,2017-06-23 01:03:06,2017-06-26 14:50:09,2017-07-06 15:02:38,2017-07-24
a9d5f9803fe11291638577b7d108ff74,1c7f36f92c122f874c987ab492c26fb2,completed,2018-04-05 22:24:15,2018-04-07 02:48:19,2018-04-09 19:41:04,2018-04-12 21:32:52,2018-04-23
5297250ba3bfb18713834a6b28d6725d,585908a498f0b6ea9258ab3a3db3a9bc,delivered,,2018-04-03 05:50:30,2018-04-04 20:13:01,2018-04-05 20:59:32,2018-04-12
89386a239475a1cd440505e7519404cc,4448444be2b42c9c9c0aa77076d5117f,completed,2018-07-25 21:44:39,2018-07-25 22:15:14,2018-07-26 12:23:00,2018-08-02 20:18:56,2018-08-20
024319cfbf2156b9b8a0a50c3aef45b7,f100dca2fea4be39e1547226e3cb3c45,delivered,,2018-06-08 20:49:40,2018-06-12 16:07:00,2018-06-18 20:38:38,2018-07-26
4b2626de72497770ddfa81a533f70c76,dd542dd7b8a8a90fed3b4f6b85ec45e8,completed,2018-05-20 16:26:06,2018-05-20 16:59:20,2018-05-21 17:35:00,2018-05-22 19:05:25,2018-05-30
7f93d00f6512fe25e73b5de688cd5677,402f75205b75b521681f67add1bf1b7b,completed,2017-04-14 21:58:15,2017-04-14 22:10:16,2017-04-19 16:24:50,,2017-05-08
973099d5fd52c77163406f2eba72dfc6,4118b74a807396d8c976e9cf09b632e4,completed,2017-12-07 08:01:35,2017-12-07 08:32:03,2017-12-08 22:54:35,2017-12-15 16:49:32,2018-01-12
782e3d360043ba18b527832597a53543,fd7805bef7bf746ef67207171ed7606b,delivered,,2018-06-02 16:11:41,2018-06-04 10:05:00,2018-06-14 18:36:27,2018-07-11
eb0e37706298fb26e054a09981cf50db,1593ca7390c815671208260c2e1a281e,completed,2018-07-22 16:45:13,2018-07-23 12:32:35,2018-07-24 16:58:00,2018-07-26 19:03:26,2018-08-09
2026183f154b1d672b4bd513fde144c3,a81eecabd9afa9b7ab654422b6e79f3c,delivered,,2017-05-17 21:45:10,2017-05-19 15:12:00,2017-05-29 11:23:43,2017-06-06
e0491d5fa20ffe7ac96ccfdb874a8dc1,2074276f1cbcee59fc01ab7b591d017b,completed,2017-10-28 22:10:51,2017-10-28 22:26:17,2017-10-30 21:33:44,2017-11-07 00:28:41,2017-11-23
010d14f76a229c295260e4ca4744acc7,02e460a9db12a0de7f952f8facb66312,completed,2017-12-01 19:46:28,2017-12-01 19:57:26,2017-12-04 18:07:08,2017-12-18 16:43:33,2017-12-29
c462a724e0a22bbc88bdecbed3ca72c4,b129c5e7449bfea86f4bef20e296c0ce,completed,2017-11-23 08:23:33,2017-11-24 03:12:50,2017-12-08 16:48:29,2017-12-20 11:14:50,2017-12-13
1233838f2d670d7e4d115557ddcc52bb,6daa07361d72c59bd20fae597b1afb42,delivered,,2017-07-25 10:05:28,2017-07-28 15:03:08,2017-08-04 19:19:09,2017-08-18
5fd085507aff13c4bf822411202b4757,91f350582b34e0392b3726353d5550af,completed,2017-12-12 10:45:52,2017-12-12 10:56:37,2017-12-12 20:43:27,2017-12-28 18:52:41,2018-01-09
0492eead55cd90ba9690387cca2baa20,821cfae6c6dc3f7fa663f1716f837f0e,completed,2018-07-22 21:40:20,2018-07-24 11:32:21,2018-07-25 13:37:00,2018-07-26 21:08:46,2018-07-31
3df9a0706897e062e91f253fa132b6dd,04c834ed53ed3ebdf68fa561bdc20e5e,completed,2018-08-16 12:49:01,2018-08-16 13:05:15,2018-08-17 15:32:00,2018-08-20 20:33:08,2018-08-21
7b5073d707fbc74f030710dbbd069ef8,c50a983bbba0fa121f0c93886dcd5915,delivered,,2018-04-05 20:08:56,2018-04-06 23:48:28,2018-04-12 00:52:09,2018-04-30
906a4ea26826c20b9b184b9e7c92c7b2,7466e5f152d3e7c316e2866f8c42e433,completed,2018-03-05 13:27:02,2018-03-05 14:00:24,2018-03-07 20:04:54,2018-03-23 02:22:28,2018-03-28
7e25a1c58e68fa94300358caad65b944,7a2dd5bf1d279c000fa08063cdf2e080,completed,2017-08-28 09:04:54,2017-08-28 09:15:13,2017-08-31 20:36:43,2017-09-08 17:21:38,2017-09-25
31dd19623d916b1848334732b797d5f5,55e7cfd6e28d2fbfbf01477c1d6171e2,completed,2017-06-25 17:50:06,2017-06-26 17:55:27,,,2017-07-18
0e33201d95dd99ef2fc82d81732957b2,07b545f78bd2ddf9040417ad6eb72292,completed,2018-07-23 10:58:50,2018-07-24 11:35:32,2018-07-25 15:41:00,2018-07-31 10:12:05,2018-08-06
b5ee3b06caf9f3c1c7ada2bdf482bb8b,4956e3154346abda5d7f2b155d2923b5,delivered,,2018-07-21 14:55:19,2018-07-24 14:10:00,2018-07-25 18:22:33,2018-08-15
26343f9d74c00cf82b588331730367e9,0d47b685e9e483c338f38fac97429145,completed,2017-08-23 18:46:17,2017-08-23 19:05:42,2017-08-24 13:22:53,2017-08-25 22:50:22,2017-09-05
c59679b415e5432675f2d3e88febaa7f,d0bb01793503cda781a4a5fb7c8aeea8,delivered,,2018-05-02 08:09:15,2018-05-05 08:40:00,2018-05-11 02:14:42,2018-05-17
bfdf4bee2bbeba55c7055d95d79f4304,f4d9f21684c6295872200e1548aa10f6,delivered,,2017-08-15 16:35:26,2017-08-16 14:04:55,2017-08-24 18:49:57,2017-09-06
da8bc2d014ed786a33f34355399d6735,a17e02e035f20f2bfe624c5e7282f494,delivered,,2018-06-08 22:18:43,2018-06-14 12:42:00,2018-06-18 15:36:46,2018-07-05
e3433a7caf6767057e8df08f1ac6d457,980b20bc28f32a212225725533892531,completed,2017-02-06 13:41:28,2017-02-06 13:55:10,2017-02-07 10:36:19,2017-02-12 03:27:48,2017-03-15
8c23f60e51f9e3aec7d9e0c07fa3d8f1,1560fed88d27791ad7424cd066b3decc,delivered,,2018-03-04 19:48:46,2018-03-08 17:26:19,2018-03-27 20:50:29,2018-03-22
2140d49aa405c7c344212e78351fef98,ee5d56dc454b7fea73f0f8d016bcf387,completed,2017-02-08 10:07:23,2017-02-08 10:15:14,2017-02-13 08:37:40,2017-02-20 16:09:38,2017-03-10
d736ac2dcec087fda2b4ed1eb5a5032b,9e4ff81b50ebd36f73b2434f1ef1d4cc,completed,2018-02-28 11:31:39,2018-02-28 12:20:23,2018-03-01 18:19:33,2018-03-28 00:08:44,2018-03-28
13e1891808a2b6afe2585a176433637d,ce248bfc47e8ff2f5eb99214e99f412c,completed,2017-06-02 21:55:08,2017-06-03 22:02:17,2017-06-05 14:05:56,2017-06-06 15:26:09,2017-06-16
38f48d4adfebeacd5c07311b4502498f,8584b76166e1999bbcb0347b7e8aa5ff,delivered,,2018-06-28 18:15:16,2018-06-29 13:08:00,2018-07-04 14:12:04,2018-07-24
b752083ab4f42064fbbc31167a97b32d,2719db22601e7614daebf04ad7bc104c,delivered,,2018-03-29 15:53:43,2018-03-30 00:28:49,2018-04-02 23:17:29,2018-04-10
28b031abc340760284a1398ab8f6fd4c,7466835454af2415d592e2fe41a09c37,completed,2018-06-22 10:18:45,2018-06-22 10:36:06,2018-06-22 14:04:00,2018-06-25 20:43:36,2018-07-13
a64ed3b52bdd8f1f7a42cf35e82db501,2a88d24a9b440d400002b6a32e35cb9b,completed,2018-01-05 09:27:20,2018-01-05 09:39:30,2018-01-10 20:18:49,2018-01-16 17:03:27,2018-01-30
3e5a5f26a57dc7918c951081887b0e88,f427fb5c3dde65b7d92a9bf57c2d9dd1,completed,2018-07-02 18:46:20,2018-07-02 19:10:45,2018-07-10 13:50:00,2018-07-26 17:41:54,2018-08-08
40aaae873a0360f8189aa9ad6a528fe5,02c3ef2028e6224433a0ed8c4aeb9ba5,delivered,,2017-12-05 04:11:54,2017-12-05 20:54:34,2017-12-13 19:25:27,2017-12-28
30c6565276e0294593392b8f18be62c4,e7c69a66bb533b0fd360a00c5f453ecc,completed,2017-06-16 15:24:22,2017-06-17 10:05:13,2017-06-26 07:59:46,2017-07-05 14:49:56,2017-07-11
9cdc72b55b79350079c72ed8a2e8ee17,0145ffd2fcca22ddeebbcd95f7ad890e,delivered,,2018-05-09 16:16:28,2018-05-29 15:31:00,2018-05-30 18:48:23,2018-06-11
d5b7a3030feb818d49d955a32425d329,62189b05812bf34dc2aefcb4119080b8,completed,2018-03-29 17:40:36,2018-03-29 17:55:32,2018-04-04 16:42:29,2018-04-15 15:25:45,2018-04-20
637a3cd5ee5f1185db82f36c636a68e2,bfda6681a4a9cfdb7e8608c0a810b095,completed,2017-05-17 18:04:39,2017-05-17 18:15:10,2017-05-23 13:22:02,2017-06-02 11:55:52,2017-06-12
6f30719645a7c81a06ce38e29981b899,6e1ec2c5b36319affdac7ebccc601a19,completed,2017-12-14 10:38:28,2017-12-14 10:47:23,2017-12-14 20:14:02,2017-12-19 14:39:49,2018-01-09
6ef1df7600097569fe0e359bb6130496,05af4522d26d0a46926e0337ef153dd9,delivered,,2018-04-09 17:29:26,2018-04-10 22:07:45,2018-04-11 22:48:35,2018-04-19
cbf962ea0d3753eb77e28f576f636f71,ca010bab03307159bd329c6c806b98dd,completed,2017-10-28 12:31:30,2017-10-28 12:45:48,2017-10-31 18:47:26,2017-11-23 22:31:52,2017-11-29
29aa894dd1e254d4a65a409b917c9e87,21a29f39dd0e3f1b5837af591e068150,completed,2018-02-12 21:41:59,2018-02-12 21:55:20,2018-02-16 19:52:30,2018-03-01 00:43:05,2018-03-13
10cd85520165aa0f64d484b8f9bf60c4,ad417eed258291b622014bf443a0633b,completed,2018-04-27 17:06:42,2018-04-27 17:33:07,2018-04-30 14:43:00,2018-05-03 00:21:07,2018-05-15
1085720f31a2cf648549e3b8eee5db30,219f23d354eb4b07a861c97172f7ef73,delivered,,2018-05-22 20:37:30,2018-05-23 12:10:00,2018-05-24 16:46:30,2018-06-04
aeeb0a68040240daa8065187ca9d0770,6d1f22bd0825cf224f21a5e3a5f90dee,delivered,,2017-06-14 19:42:45,2017-06-23 12:52:09,2017-07-12 13:59:41,2017-07-07
0e391a35ebcc42be741987c538330764,1228cb8350751ff7a6b47e04910e4fb7,delivered,,2017-12-02 13:50:12,2017-12-07 18:49:54,2017-12-12 14:12:18,2017-12-29
431d5e312bed6ff804f464a5e0c63cf8,1d1675fc8bb113d2244bf8778d7074e5,delivered,,2018-06-13 21:59:26,2018-06-14 14:04:00,2018-06-20 23:58:37,2018-07-23
3495837ea2ea4a98c76ca37122b2a933,9ad2bb40f5ee7830938a7c6147146376,completed,2018-03-08 15:59:13,2018-03-09 02:15:45,2018-03-09 22:28:40,2018-04-12 21:27:19,2018-03-27
294d70a37f9e32ceb08958fd03ee49fc,6543393dbd7da4c36d67ab82914d750c,delivered,,2017-07-17 22:10:18,2017-07-18 12:28:39,2017-07-19 16:57:37,2017-07-28
abd354c184e0394672290b846384b3b3,f9a20af88c4a471038ee26f502abecc2,completed,2017-06-06 14:01:29,2017-06-07 02:50:07,2017-06-07 10:07:52,2017-06-08 13:37:31,2017-06-20
b6ab1ce66f41dbbd8e998bfb0eab8bd5,8d61d4e9db55270ed265a5def0d1b9b7,completed,2018-06-26 14:14:25,2018-06-26 14:34:15,2018-06-26 13:53:00,2018-06-30 18:18:32,2018-07-31
afed00b9cae687f1f1a07bad548aaa50,cc965eb87f92dbe0571ba70f96602e9d,completed,2018-07-02 21:15:37,2018-07-02 22:50:22,2018-07-03 14:52:00,2018-07-06 18:44:34,2018-07-23
aad5afa8c6f6c436e07eb1107d02f34e,d4aa5e0e3077341b5cb473ccba437951,completed,2018-03-24 15:35:10,2018-03-24 15:50:29,2018-03-26 19:02:19,2018-03-27 21:49:03,2018-04-17
1ac0eff2487c84f0181b8204a9bf6124,45cd1c128f672736618571f7b873ab73,delivered,,2017-06-14 13:42:28,2017-06-22 17:32:31,2017-07-05 18:44:10,2017-07-07
4048feff4f2e6e394bcaf4981d27a9bd,1549a2a8e05b28e7ba31eeb0ab1bd84b,completed,2018-06-25 11:59:16,2018-06-25 12:13:40,2018-06-25 11:56:00,2018-06-26 20:45:42,2018-07-05
cfaa877f09b4f4bc73fc768bf5817df7,bdc8a93d24ec975556babebc0bdfb9c3,delivered,,2018-05-14 11:58:32,2018-05-17 11:58:00,2018-05-18 15:32:05,2018-05-30
b63d5080c2de46861754004d25ae9362,9574415136385170a178cb4497477f0d,delivered,,2017-08-15 09:24:09,2017-08-15 14:33:17,2017-08-16 17:35:35,2017-09-04
7888cdac405b09671099be62efb2de3d,bfe0e1c002e75e57b057eef574261073,completed,2018-02-01 18:47:08,2018-02-01 19:37:36,2018-02-05 11:13:17,2018-02-16 17:32:33,2018-03-02
fd98db0c60caa964759465417876e390,887fa8c54c01aeec56fb2ed2f44d533c,completed,2018-06-11 11:52:05,2018-06-11 12:22:38,2018-06-11 14:14:00,2018-06-20 21:54:29,2018-07-12
c45965834bc929b4242b82f924d52c49,3f0b493fe107e4453cc7c9e7a8f57f29,delivered,,2018-06-03 20:09:29,2018-06-04 13:58:00,2018-06-08 15:36:55,2018-07-12
b52312202c9a950b9054cb94fd040440,bd9704a4da1d3d36e5eeec69f4b5af09,completed,2017-09-28 13:19:35,2017-09-30 02:14:41,2017-10-04 18:52:10,2017-10-09 19:51:38,2017-10-20
760209837cc5c577075aeb32eb2f219f,2e7a7949ed59755832f8877b154bb202,completed,2018-08-14 23:38:02,2018-08-14 23:50:45,2018-08-15 12:20:00,2018-08-18 20:08:55,2018-08-29
6dc6e99a01bde217886fd6fba71f91c8,569de3aecdacc79742e292a16a8aeeab,completed,2017-04-07 13:39:55,2017-04-08 06:35:16,2017-04-10 14:43:17,2017-05-02 16:10:13,2017-05-11
09b216c85c7fb2105c85987be09e7ec9,3c83de52146ed3ce7c9786f3cf800565,completed,2018-04-10 14:01:14,2018-04-10 14:10:23,2018-04-10 23:13:50,2018-04-19 22:44:47,2018-05-10
3818dcc3b7bd25996c0f1684437f019b,7fa7bd0cf78ec810d6a60fd27acf15a9,completed,2018-01-03 00:06:12,2018-01-03 00:14:28,2018-01-03 21:12:52,2018-01-12 22:10:26,2018-01-26
f9738bd11e7b55e079a85fd057acf232,51a4c0fe0a21d5eeba0b60a0de272051,completed,2018-02-04 11:16:42,2018-02-06 05:31:50,2018-02-07 23:08:40,2018-02-20 19:38:06,2018-03-13
07dacc7fe07040f20aac7d9510950eff,d2b324ed82defef43c4a555620013809,completed,2017-11-26 18:23:03,2017-11-26 18:32:51,2017-11-28 13:34:58,2017-12-04 19:24:43,2017-12-15
1f151cb71f4f48164123b34c0b753ddf,f7c37ea4c192ca34a41159557f27837b,delivered,,2017-10-13 23:14:21,2017-10-17 17:10:14,2017-10-26 19:22:32,2017-11-08
22543ab72b10fb061808feb20d9e7531,af3c71cdd7b17c594709c89593110601,completed,2017-03-04 22:19:42,2017-03-04 22:30:19,2017-03-06 09:35:30,2017-03-10 08:17:56,2017-03-27
446965992096e4620bf30d170edc3f9e,cd4939a4356f7857c5b698932ee3eeab,delivered,,2018-08-21 10:35:17,2018-08-22 13:59:00,2018-08-24 18:25:49,2018-08-31
bdc2873154c5a2699958e9246e2a4c1c,8871dbb26f82041149a34614183818cd,completed,2018-04-04 23:08:06,2018-04-05 22:29:09,2018-04-10 23:37:42,,2018-04-30
889d953454eb01607e1ded9e6c9e1657,febaa0b6a9a58299fe86ab3cc375080f,completed,2017-08-31 12:58:38,2017-08-31 13:10:20,2017-09-04 13:14:56,2017-09-06 20:28:42,2017-09-18
7f05caffe3d52e1a609b8dcb957024bc,6922c3afb2cadec30c156c781dcee406,completed,2017-10-14 14:46:54,2017-10-17 10:49:20,2017-10-18 20:52:51,2017-10-19 20:39:52,2017-10-26
4c3898f5e7ca29c2fe30781d80f88857,746e70218aa146b8a9b9fb2fc5101860,completed,2017-11-02 21:51:51,2017-11-02 22:05:51,2017-11-03 22:52:45,2017-11-13 12:17:40,2017-11-24
f13f5fdf45611c82c2e37a20c065ddd1,20256d1b88643a4f8efaae9213d04da5,delivered,,2017-07-10 21:55:24,2017-07-11 18:24:36,2017-07-25 20:47:47,2017-08-09
8a3c2c90a94d0d385e338f5765a86292,868abd036b449e8e53761765bf59bbbf,delivered,,2017-11-26 21:18:21,2017-11-28 18:51:50,2017-12-18 15:39:47,2017-12-19
b26530f9c2437788f9290f8339dba184,68d6a047603087e91e53b767332e917b,completed,2018-03-18 22:28:09,2018-03-18 22:48:20,2018-03-19 19:58:32,2018-03-29 16:21:19,2018-04-13
fa83e155dfa5da681c4754559e6d1043,4a0a9ff7be23502c8356f3b5fbf5472c,completed,2017-05-20 07:49:33,2017-05-20 08:03:19,2017-05-24 11:55:56,,2017-06-13
bfaf52f28000e56f19ad821354fa9cab,a1340b701298787cb1692c4890945dc9,completed,2017-06-22 17:01:36,2017-06-22 17:10:13,2017-06-27 16:12:57,2017-06-29 18:32:18,2017-07-05
7576a97a255ac81433d3932443db8fad,89636364bde857c5d73d2a64036cf3df,completed,2018-01-17 19:35:44,2018-01-17 19:49:56,2018-01-22 22:54:32,2018-01-31 20:08:00,2018-02-15
bdf15710eda59b7ede173c565c787a83,ba1bedb9aa95b7bb6afb499b3ea3b3e0,completed,2017-10-28 00:24:20,2017-10-30 14:31:58,2017-10-30 20:25:13,2017-11-09 19:59:01,2017-12-05
b050c4789515afbf9494031e52fcb0ac,f1c644808cff23dee2ab83dcc9368ff2,delivered,,2017-11-27 23:58:24,2017-11-28 16:46:56,2017-12-26 15:36:49,2017-12-18
1a15666c4d5cfc217337ceebd70c3884,f30d9fd20656414c2e1380cb9978d292,completed,2017-12-02 09:01:42,2017-12-02 09:12:20,2017-12-06 19:19:15,2017-12-14 23:48:47,2017-12-27
76d820534ecdb9ff90b20c635d1c593c,197b426cedb5936cdb34c7ac176d58b9,completed,2017-11-03 16:43:28,2017-11-06 14:33:03,2017-11-07 19:28:54,2017-11-08 21:34:59,2017-11-24
b6906ad8ffc10ced26f9f5850aabea27,a32f6f5b04da9aac4458faab366dbdc0,completed,2018-07-29 20:19:14,2018-07-29 20:35:14,2018-07-31 14:24:00,,2018-08-07
5543f968d44e1a22c64d1caf5eef5186,b77899db8038bdab58b749545d11fd88,completed,2018-03-11 20:51:17,2018-03-11 21:00:40,2018-03-13 17:48:44,2018-03-27 12:38:35,2018-04-09
a17d4b0709e6ac90ab18c03c61224c26,0223b85b1e7ae199e2336d4f8da036b1,completed,2018-06-25 10:23:15,2018-06-25 10:37:46,2018-06-26 14:19:00,2018-07-05 00:51:15,2018-07-17
32e761ce606f7a8625682e65990b94ed,d7ee3bfb60f039d94e21001ab6a9a7af,delivered,,2018-03-26 07:47:22,2018-03-26 21:49:04,2018-03-27 23:58:36,2018-04-06
efe25c5060f2a7fe3f1db0477f58b0dd,57d74bba7d8b5157d8b900559eaea3b3,delivered,,2017-06-24 02:45:15,2017-06-28 12:30:19,2017-07-03 16:05:08,2017-07-17
1faf2c3bb6bc67c10fdb7a7fcf3814de,b1765d36dbc9e11b7f0f68d2fce1d37a,completed,2018-06-02 09:22:04,2018-06-05 03:49:59,2018-07-04 06:38:00,2018-07-09 17:38:38,2018-07-26
3dcd704a7a3f197f6c974cc97e5a3313,d3d15f8ea937386cd303c296833ea313,delivered,,2017-12-08 15:38:31,2017-12-12 13:41:34,2017-12-18 19:53:18,2018-01-03
54ff026266225c4598536539a9648c88,0294d91f6bcc29bc9c30fae5872430d0,completed,2017-12-27 10:21:01,2017-12-28 02:37:39,2018-01-03 17:33:15,2018-01-04 19:43:49,2018-01-16
433069333714082fdb039d4a92682534,d709882bacabeecfcba6ed0cb415be83,completed,2018-05-11 16:40:39,2018-05-11 17:00:04,2018-05-14 12:56:00,2018-05-18 16:55:46,2018-05-28
258e4ed66ea8e2696f74f6fe835e7111,09083a83baee60ac3e4a9a3b43a2df49,completed,2017-11-09 22:28:11,2017-11-09 22:46:37,2017-11-16 21:05:07,2017-11-27 20:26:14,2017-12-07
8343719a3a2ba5f03b26696bccdc754c,1eda884faab2f84fa3f4ca19e7c28ba8,delivered,,2017-11-08 22:16:03,2017-11-16 20:56:54,2017-11-29 18:09:55,2017-12-05
db681ddec887abf991bac122d6c6d4e9,2b8bf31fbedc0d88ccb1f48c3fe903bb,completed,2017-10-24 12:11:43,2017-10-25 02:26:41,2017-10-27 16:35:01,2017-11-04 14:31:44,2017-11-14
e6ac453a32e67906ab8b3f79608341c3,251edc5a4d2b38f123ae7c16b6dff017,completed,2018-05-04 10:10:12,2018-05-04 10:32:22,2018-05-04 15:28:00,,2018-05-21
8643fbd2f309c5530887b6e3cbee56fb,2b22de01292ece3dd52531b13e8ddcb3,completed,2018-04-26 18:15:54,2018-04-26 18:32:02,2018-04-27 08:46:00,2018-05-04 20:04:58,2018-05-24
f53c55d69ec100514da4915a8a3d72b2,0dd1098b87c24451307ef832e71db6e8,delivered,,2017-11-01 03:31:21,2017-11-03 17:28:01,2017-11-06 21:58:34,2017-11-08
90346710cfeac855230fe9a162980274,178f9d5e3a867229bef0e5363833715b,completed,2017-12-16 14:11:37,2017-12-16 14:19:22,2017-12-22 01:38:22,2017-12-24 13:39:00,2018-01-11
18137b5db086c8612160066abecac8a7,97c905bbb48e654d4c54d35f094337b5,completed,2018-07-20 23:33:59,2018-07-20 23:45:06,2018-07-23 13:32:00,2018-07-26 19:41:31,2018-09-06
4cc2d69355f58ec964dfd4c0621b5a14,e2c09e699d1b2301790514ac52ca2e4d,delivered,,2017-12-27 12:29:11,2017-12-28 23:32:45,2017-12-29 18:34:33,2018-01-17
12038c61d2a50f95412b96ac0e47502d,0d1b3897d00258d347dcd93a43924123,delivered,,2018-04-25 11:15:14,2018-04-26 12:01:00,2018-04-30 21:21:38,2018-05-18
e068276f5e75a66212f75b84ebfeaccf,8b8e02be8fef10b7c6e2d210dbcfba7c,completed,2017-01-16 13:17:46,2017-01-18 09:35:19,2017-01-20 07:13:46,2017-01-25 11:00:16,2017-03-09
a186c935e0231e23f12de2e3c6443684,ad6fdc534e9acad243a6760379f3fe9d,completed,2018-02-13 18:18:25,2018-02-13 18:30:30,2018-02-16 00:12:01,2018-02-23 13:24:10,2018-03-06
6b1a7e1ba96a182c5eef89a67ef8217b,9eab694211f764b1e83aafaed16ac561,completed,2018-04-11 18:19:49,2018-04-11 18:35:19,2018-04-12 22:06:41,2018-04-26 19:47:06,2018-05-10
2d96648ebbad7ad9cfc40c4c9c820f92,5d152b976411db52ea2800964fd26cac,completed,2018-07-18 08:46:54,2018-07-18 09:01:59,2018-07-18 15:06:00,2018-07-23 17:16:59,2018-08-03
a17bd7f642968cf1b7e5d7b0d77c27a1,a96c1bb3cc69d70f87108896c9f331a5,completed,2018-01-24 10:48:33,2018-01-24 10:59:28,2018-01-26 00:05:07,2018-02-03 05:42:50,2018-02-22
ceba7b9f1fa81a563a3e31ee64fdfb16,8d3051d40086f3777d72074bdc4a2036,delivered,,2017-06-25 07:25:08,2017-06-27 15:49:43,2017-07-03 11:39:51,2017-07-14
501b6d9a20b143063d1711970953fcb0,8a8cd362d6cc4c7e7fbb8050526da599,delivered,,2018-06-16 21:37:01,2018-06-18 10:55:00,2018-06-22 20:56:23,2018-07-18
aa0ada08c461e7c8b384d1e311d474f4,8a59859c3e0b4fe72567a54c7baddc80,completed,2018-02-27 19:09:55,2018-03-01 02:50:48,2018-03-05 19:28:54,2018-04-03 23:04:04,2018-03-19
9fdcac8d1f22da3941b458e835f199e3,d468f9fd5b79e8d23f71a60901ccf2eb,completed,2017-08-19 14:52:19,2017-08-22 09:45:44,2017-08-22 18:41:53,2017-08-25 21:47:48,2017-09-25
0b8e8a083ebc7823271b2618f31eb1bd,c19159b713b6d5384d233f5805a68b3b,completed,2018-03-13 08:08:03,2018-03-13 09:04:01,2018-03-14 17:27:25,2018-03-16 18:18:38,2018-03-23
39fa60081010d638c00e98a2acf219fc,bf77f36fd7def22e383bdd67c28fe84e,completed,2018-03-19 14:45:18,2018-03-20 03:35:40,2018-03-26 23:08:43,2018-04-02 20:17:25,2018-04-16
3987b835c34fa14457d123796b99ba27,50edf1bb01f965f14bee7527c3bed42f,completed,2018-02-25 12:52:37,2018-02-25 13:07:51,2018-02-28 19:32:45,2018-03-18 17:21:22,2018-03-27
14eabcc7b2e278362bdfe6bdfcb822f9,83f0d7704949fa424f2e64c2bea15708,completed,2017-02-14 19:51:39,2017-02-14 20:03:21,,,2017-03-13
bd5fb1f78168328d1f86591c9c631171,76c5eedb331145a40e1c9481acd9633b,completed,2017-07-09 20:10:55,2017-07-09 20:25:17,2017-07-11 18:17:53,2017-07-12 17:40:02,2017-07-21
234c9bfb16c85a964249d228963d0adb,e85651194748aaf0f1a4703d6658e7d9,delivered,,2017-12-23 02:12:29,2017-12-29 00:07:22,2018-01-10 00:19:47,2018-01-22
3263ce99ba29ddb2a3a4133210581dce,54ea3c7fd302cb400cf1369bdcd3c988,completed,2017-05-28 15:40:57,2017-05-28 15:55:14,2017-05-29 13:52:16,2017-06-05 16:12:48,2017-06-27
3745cc99bd10a2c16e31403fe9654502,40c28d38ffbf6198d54388c7e1930d95,completed,2018-06-08 11:20:24,2018-06-08 11:38:59,2018-06-08 14:26:00,2018-06-11 17:51:48,2018-06-26
dd162c4f0d3abff78621372170e9c19a,e32a0bbb991b6d310e3f70e6e5526807,delivered,,2018-07-02 20:10:07,2018-07-03 12:30:00,2018-07-06 11:28:38,2018-07-23
3e94a8c8e34e42fff9e500e404d5d233,f3718048122cb167994a9aa9fc671411,completed,2018-05-14 19:18:11,2018-05-14 19:30:30,2018-05-15 14:48:00,2018-05-17 18:21:51,2018-05-29
03da04c1427d7b8bff38d76efca1029d,709116483105e4198b439016da66d4d0,completed,2017-12-13 16:56:40,2017-12-15 02:17:46,2017-12-15 17:39:33,2017-12-18 21:27:25,2018-01-02
4498a90ce01bc4d0f03ee12f1779ecbf,4d7554a9ece8963a6e505c6bb9daf108,completed,2018-04-18 01:12:52,2018-04-18 01:31:36,2018-04-18 23:28:44,2018-04-23 13:22:05,2018-05-15
1853e9a86c06c73c095d0657db4737fc,a914135257fb9099bb4c51da34edf7b5,completed,2018-02-18 09:16:05,2018-02-18 09:26:32,2018-02-20 16:27:27,2018-02-23 22:19:15,2018-03-13
048297b4e795502db60be292e12dd390,d5504bb8d69de23d8c49bd96e55e51ec,completed,2018-03-26 03:50:48,2018-03-26 04:08:31,2018-03-29 16:22:03,2018-04-09 18:46:51,2018-04-12
a3c299fda1b92fa41de80b43ecc70ddd,ab72b4d341557427246cd29f153d583b,completed,2018-08-13 12:33:44,2018-08-13 12:45:09,2018-08-13 17:57:00,2018-08-16 18:18:48,2018-08-22
ffea20c7630343a6cd9e09858c1295cd,79e8c1737d903a4055c4d2aa87661bf7,completed,2018-05-23 23:33:30,2018-05-23 23:54:50,2018-05-25 07:10:00,2018-06-04 17:58:36,2018-06-20
51d713e7827d7fce65be8df2395cb0bd,92cd246c0e13f888349600875012b35f,completed,2018-07-30 22:40:21,2018-07-30 23:20:09,2018-07-31 13:10:00,2018-08-06 18:45:02,2018-08-10
299a5bd1c2d7b32f5108fe0e84661e5d,01870df5434a15efdf52f02d895d3931,completed,2017-12-25 20:22:00,2017-12-25 20:48:02,2017-12-26 22:42:43,2018-01-03 18:10:10,2018-02-05
82ae1c851b481c7c7f6fbfdfb05e5131,a79a3128c32bbc4b1dddfd957d17b4ae,completed,2017-11-27 14:39:18,2017-11-27 15:03:04,2017-11-28 23:32:21,2017-12-21 21:33:50,2017-12-20
264deac888717a54971fa3109f6709e3,82bd57d22e9cfed2a29cf955f3c743ac,delivered,,2017-11-25 20:36:26,2017-11-28 22:27:00,2017-12-08 14:33:51,2017-12-19
7758cf0b4302587a9628d90b58d56dd8,5949ab038c2004d5045146bfbdd61467,completed,2017-02-21 13:09:28,2017-02-22 03:22:33,2017-02-22 10:46:47,,2017-03-20
0ff30e9eb2b70b51c2788ec38f266a0e,9ffac27bdbe0a590cb5233d1d8442271,delivered,,2018-05-15 04:34:57,2018-05-16 10:55:00,2018-05-18 19:08:44,2018-05-23
25f3f0ae63b48a081e219325f1d4df84,bbb555d3e572820b99a0469b147228b5,completed,2018-05-27 21:35:39,2018-05-27 21:51:28,2018-05-29 11:20:00,2018-06-13 18:32:00,2018-07-13
2fe96ee292d9f7a92740785a276d2de1,df95b8f390d3ee2f7c0b7785a6e1f5c0,delivered,,2017-06-16 13:25:19,2017-07-06 15:22:04,2017-07-14 16:24:54,2017-07-12
9d7a3ee5e3aeb43589c049d8940e9ba9,bba6bda10abbe401624c67e199e58e0a,completed,2017-03-23 19:30:57,2017-03-24 19:35:09,2017-03-28 19:05:36,2017-04-03 16:23:51,2017-04-17
04652586a8416e68609d21f267dee2f6,401d49ba9a2b427967dd578821c55b2d,completed,2018-07-31 09:41:10,2018-08-01 04:35:22,2018-08-01 11:20:00,2018-08-09 20:04:38,2018-08-21
4d615e558a28fc608949a029ab18cc87,4096a1334bdc2b6d0f2c22228c1b47ed,delivered,,2017-04-08 01:15:12,2017-04-11 14:06:43,2017-04-19 19:28:22,2017-05-11
98bd948995276012ef529fe379949f4a,57586d586212de079c4fa6fcb7fb80c2,completed,2017-12-14 14:41:04,2017-12-14 14:50:41,2017-12-14 23:36:52,2017-12-21 12:48:51,2018-01-09
f41397c4cf4c8a67f5f540472acbfe4f,039a50ec3dc563eaf0bb3ecf176cdf99,delivered,,2018-02-28 11:32:43,2018-02-28 20:32:38,2018-03-28 20:58:25,2018-03-23
f3b96845efd71daecf6b331fb3a9f537,6f92779347724b67e44e3224f3b4cffd,completed,2017-11-26 20:59:24,2017-11-27 09:16:13,2017-11-30 16:38:43,2017-12-09 11:56:34,2017-12-18
90ddd79887b51000b7c93a420dd927a6,69238435cb9d4014c89bb7f8d8f0a467,completed,2018-07-12 19:07:40,2018-07-13 02:50:17,2018-07-13 09:11:00,2018-07-20 17:47:36,2018-07-20
5b3eecddd7b10744360abfff7a6a74a4,45c76559b2c80c41022e3c6877a49a4a,completed,2018-07-25 09:54:17,2018-07-26 03:05:15,2018-07-27 14:15:00,2018-07-31 19:07:34,2018-08-07
f103be8682f589d58ea25909ad7d74f9,42ed17dd9dd112b5f482da819af01e08,completed,2017-05-15 12:01:45,2017-05-15 12:18:51,2017-05-16 13:06:11,2017-05-17 09:32:20,2017-05-26
5c1daa9abdfcc8ffc4ae2439d37f331a,9c71a88f010a258dcf8fc459e0de1b22,completed,,2017-08-21 22:06:55,2017-08-25 18:00:35,2017-08-31 21:46:48,2017-09-13
6878dd8f91f3b3ee7fa8edbea6c3af45,86c9a39c17fae370a496545e5d9a324c,completed,2017-09-02 16:57:50,2017-09-05 04:25:48,2017-09-05 14:49:47,2017-09-11 22:16:28,2017-09-21
38efd1ae907b1b533315ebc00abd55e2,48a40b0cc080812a5e77d16d4e74abde,delivered,,2017-09-16 03:06:07,2017-09-21 13:49:56,2017-10-03 13:20:19,2017-09-26
b6dfaa6e9eb8b7356276c90969376f51,28f35c0280cb2d277371b827981cd8c4,completed,2018-05-18 13:29:09,2018-05-18 13:54:54,2018-05-19 09:02:00,2018-06-01 13:54:26,2018-06-05
d4e27dc356ca647fd39f91affa4feb89,30f83ded5a1d46d831783b7f5ab3927b,completed,2017-05-19 17:44:16,2017-05-19 17:55:11,2017-05-22 13:18:05,2017-05-31 06:22:02,2017-06-12
76470594c180d77030ca422085253493,9c4d3e9cdd1645fd30ac9f6332c93285,delivered,,2018-03-17 17:35:51,2018-03-19 18:46:52,2018-03-21 20:49:00,2018-04-05
599cc8757abf10de056680e4b66187cc,0a03a6a1d24de1a847f6a8a26d5ab014,completed,2017-04-27 22:01:14,2017-04-28 12:53:53,2017-05-02 07:47:40,2017-05-09 14:17:02,2017-05-29
4b36c120a0c6045f851737d51653a036,19a4b3431071ef0088f9891c3fb8278a,completed,2017-04-10 23:40:48,2017-04-10 23:50:15,2017-04-13 13:05:50,2017-04-18 12:18:24,2017-05-04
4db7592df9b6ac416a36fe91e06682ea,7d70fd59b16bee6236b91d30b91459dd,completed,2017-09-11 15:34:49,2017-09-11 15:45:32,2017-09-13 21:09:54,2017-09-19 19:20:02,2017-09-29
6fbe7b902dedc6669ba972b640f993d6,ce2b0d041ce769c1a4387a6e675b3d2e,completed,2017-08-01 13:46:53,2017-08-01 14:03:23,2017-08-04 15:38:59,2017-08-11 17:51:21,2017-08-31
b6b5fb0fbf0d0f55fc382e3857520a1c,77e71d7705bc1e9ed7f466abf1bc8c8d,completed,2018-02-02 11:42:35,2018-02-02 12:51:49,2018-02-02 21:49:12,2018-02-09 14:06:58,2018-02-26
59e9079196bab6c6a1634387ec66167f,32c608689172699f708eca9ad42b373d,delivered,,2017-09-21 00:46:06,2017-09-22 17:27:04,2017-10-09 17:58:16,2017-10-19
07c86971c5f40e822bd71ab44f684fad,113bdfd53b6c5dbc25dd4aab954b9efe,completed,2017-07-13 00:19:43,2017-07-15 03:35:24,2017-07-18 12:34:05,2017-07-21 20:47:51,2017-08-02
ca23ddf87cf569c651185e5ad2628e2d,bd59e8962363969956a881d48e0114ed,completed,2018-03-20 17:41:34,2018-03-22 02:50:09,2018-03-23 16:18:36,2018-04-02 21:48:35,2018-04-16
0330631bdb2ec8c341f487ed9c22fc8b,e3109970a3fe8021d5ff82c577ce5606,completed,2018-05-25 12:02:08,2018-05-26 02:31:54,2018-05-29 15:41:00,2018-06-07 22:42:02,2018-06-26
b2f01d619b5557f295317bca57f07471,1978aed6ddb95a376254c94bcc3ff6e7,completed,2018-04-21 11:32:59,2018-04-24 18:41:45,2018-04-23 19:34:41,2018-04-24 20:34:47,2018-05-10
d6705951df2cac2fe31e4701c9a29214,be216fa0ff62882b04972080bc6af335,delivered,,2018-05-29 17:30:25,2018-06-04 15:23:00,2018-06-12 19:28:28,2018-07-04
b07078baf6a1bbbc998cdfa28e7f8230,22e10c220b507e45ada14579c6e84503,completed,2017-07-24 21:44:50,2017-07-24 21:55:22,2017-07-26 10:47:42,2017-07-27 17:17:57,2017-08-15
643072b191b07f013f4d88ec43acb812,760f3b1f882a27beb42debb97ae28974,completed,2017-07-27 23:06:39,2017-07-28 13:05:11,,,2017-08-30
9c978d47acdd5de3c4588d5af74c5c66,01391e5f325943c1d9dee9e6202aa7e5,completed,2017-02-18 16:32:17,2017-02-18 16:45:08,2017-02-24 07:53:59,2017-03-08 12:09:33,2017-04-06
fa3cc6b1b48c7b730f6c4c43e423c5aa,5d1caf9872c76c10e211e5b25d061ab1,completed,2018-08-02 17:53:47,2018-08-02 18:05:31,2018-08-03 10:01:00,2018-08-17 17:56:25,2018-08-30
246dd6417fa15cba189361fdf6907017,e1915798c4c479ac75abf35afc3dd45e,completed,2017-05-10 12:11:22,2017-05-10 13:02:33,2017-05-18 12:54:32,2017-05-24 11:05:13,2017-06-01
087889e1fca3301cc56532907bfe811c,458ae436ee64dcf226e07e3e80d0ea15,completed,2017-11-28 09:26:02,2017-11-30 09:39:43,2017-12-05 21:22:05,2017-12-21 21:17:03,2018-01-03
1d537e412ed346acc70b0e721ba2620a,becec6158cf50315fdde081c3264fdb9,completed,2017-12-27 19:13:05,2017-12-27 19:26:39,2017-12-28 21:21:54,2018-01-04 21:13:06,2018-01-22
bcf932ed1d1f89a66891f8c5b22c5d20,781de2cd92ae008925e19e520732bc2d,delivered,,2018-07-17 08:21:11,2018-07-17 15:46:00,2018-07-23 20:49:06,2018-08-02
eb7e858d6252b3de0c50073e03a654fc,790df581ab0e398b8af6d60bb74894e7,delivered,,2018-01-05 02:36:47,2018-01-10 22:07:43,2018-01-17 13:29:13,2018-02-02
c9283076b0f196acde755765fcfaec9b,a854caf1b1cc61e8c864be51d1e4338a,delivered,,2018-02-21 06:15:19,2018-02-28 01:26:56,2018-03-14 22:19:29,2018-04-27
c2aa77318ccfe5fea754a5d1c2ff1544,9a09e1150a3e2333eb93d3c1612bf15f,completed,2018-04-01 19:44:52,2018-04-01 20:30:16,2018-04-02 18:58:40,2018-04-06 20:38:25,2018-04-26
47435f657d2323e5eb4455aa5bc6a436,bab47e7a1b74c94a99ea042acfa7ea66,completed,2018-07-23 13:19:36,2018-07-23 15:32:27,2018-07-24 14:05:00,2018-07-25 17:48:48,2018-08-14
a85429530fd3281381e34d128b357d91,71e5bce2e825f8bc773f6c355b6ef33a,completed,2017-03-10 21:50:49,2017-03-10 21:50:49,2017-03-13 03:15:52,2017-04-05 02:23:43,2017-04-12
3b93a7bb88f4b1160dc579d15c706a2e,ddc14377d542cc888baf7ed3e4df1a77,completed,2018-06-16 12:20:53,2018-06-16 12:40:12,2018-06-18 14:58:00,2018-06-25 14:51:49,2018-07-18
79e2f7d45aa63a71363003bd1e16f081,6ffa46811511c3d264c6a0069b27eb83,completed,2017-12-12 19:47:15,2017-12-12 19:59:28,2017-12-14 20:26:46,2017-12-20 20:33:20,2018-01-09
151137bf7ab537c1a2da6bba1368d87d,8678ce9bb3f23410f28b6caa0813528a,completed,2017-09-05 13:52:21,2017-09-05 14:05:17,2017-09-11 18:11:49,2017-09-18 18:59:39,2017-10-03
5bcc0d98a5287486bbe51150e6ed90f9,8e8b8bdab69c0b848ed680d4f60b9760,completed,2017-10-24 19:37:30,2017-10-24 19:49:38,2017-10-25 18:27:25,2017-11-01 20:32:37,2017-11-10
3d02ffd53fae296eda2c7d777ab2f4ab,a680fe6d7d39da354273aefb119308c8,completed,2018-04-02 15:28:24,2018-04-02 15:49:05,2018-04-05 15:28:52,2018-04-13 16:32:18,2018-04-19
12218ebbacef18ed517a437b562c7d7d,d811129fc9b1b47d31159cd43308804c,completed,2018-05-11 22:47:30,2018-05-11 23:11:10,2018-05-14 09:05:00,2018-05-15 14:21:44,2018-05-23
0a0bb5e5ea635dc355ca8ef22dfac150,fd7f607e063c6ff3a6f6403b35d821c3,delivered,,2018-07-08 16:35:19,2018-07-10 13:29:00,2018-07-13 23:31:00,2018-07-30
2dd019804f5320bb744f10885b6a7d40,95667731d4b44976df7595cb7fcd48c3,completed,2018-01-26 15:03:01,2018-01-26 15:31:15,2018-01-26 23:25:50,2018-01-30 19:25:05,2018-02-09
9645c5cc1c315607f2524b2189d3efe1,6e5f9e821311e997d9c67b678310153e,completed,2017-06-28 20:47:15,2017-06-28 21:03:45,2017-06-30 15:43:35,2017-07-06 13:22:01,2017-07-24
adc1270afd7fb1ef466f8ee66cab3773,e84f200509c18b8bbcd78d607138feb3,delivered,,2018-07-24 17:50:10,2018-07-25 10:55:00,2018-07-31 19:16:40,2018-08-17
ce7402bf4b1e2e390963fef91b8c0df4,3ab7b49b4bbb6b99727bfd5f640b9166,completed,2018-05-10 12:46:00,2018-05-10 13:11:57,2018-05-16 11:00:00,2018-05-23 18:51:33,2018-06-01
4ad760354457429a4d9206e508608268,a9bafa3709ad518f5ee4cce33af62751,completed,2018-01-07 21:18:44,2018-01-07 21:28:32,2018-01-10 00:03:18,2018-01-10 20:18:40,2018-01-24
81539e7eb97d9fba708603ac8f00b6c9,d8c691db81a5838b59f3bd3ae93e5291,completed,2018-04-30 11:29:36,2018-04-30 11:51:15,2018-05-03 12:16:00,2018-05-14 17:36:51,2018-05-18
7fec39266beac625517d8f68a00912eb,66547f7170b98ccdb163928a0f56ed2c,delivered,,2017-09-20 19:15:18,2017-09-21 19:17:56,2017-09-25 16:08:03,2017-10-11
46ac809c6b319398df696f5668806fee,8059f4ffe7ad8b008c7180d4ef488528,unavailable,,2018-04-03 18:49:53,,,2018-04-30
fac209312c95149afe74f4cbcdd87c85,5daa5c0e7db8286fc9a67ef146ad1b96,completed,2017-09-27 18:30:00,2017-09-27 18:49:25,2017-09-28 14:52:20,2017-10-04 18:58:40,2017-10-24
e4a03aa31a44aef0f584dff623119c72,7e29d996caf508b65825f57600ebef69,completed,2018-08-16 00:18:25,2018-08-16 16:38:42,2018-08-16 13:17:00,2018-08-23 17:07:50,2018-09-06
e9965bb148ec7e8cb64c20b78218adf3,ed76cdbb0c0ff741552f5ec16de70723,completed,2018-08-10 13:10:40,2018-08-14 04:25:21,2018-08-14 14:28:00,2018-08-21 15:45:45,2018-09-05
ef9b0fd26c25baaf42b8ebc3417fff01,24dbee633a293442e2316432ee44e73c,completed,2017-04-24 19:52:11,2017-04-24 20:05:19,2017-05-03 08:27:39,2017-05-12 14:29:46,2017-06-01
08273b57741a2ee2f20725323393b0a2,422c1063e6bb4e39e0f40de0c06450e7,completed,2018-04-08 21:10:37,2018-04-08 21:29:24,2018-04-10 02:22:01,2018-04-10 19:18:45,2018-04-25
47029bb7d64e424ea49c0adb7526d2d9,f23fd4f7a90cb6f5280d8633a08e0be6,completed,2018-01-26 14:56:14,2018-01-26 15:15:06,2018-01-30 20:44:55,2018-02-02 04:04:46,2018-02-09
6620e428554c0be33f1fcb699c9d683d,48723bcc46fc991caa0480dea031d579,completed,2018-06-14 21:03:49,2018-06-14 21:21:22,2018-06-15 12:40:00,2018-06-20 20:04:06,2018-07-05
09fd9b0402ed675bbd1ee1e81171ac7c,06d529bccb0825265d8b5b73c66e53d8,delivered,,2018-08-18 23:31:32,2018-08-20 13:47:00,2018-08-29 20:17:39,2018-09-21
6df63dddfc5b87dd7294f148d6956c27,5467e28a6f75b063b51105ed95a8e111,completed,2017-11-24 11:10:28,2017-11-24 13:14:53,2017-11-27 20:27:37,2017-12-16 14:24:44,2017-12-22
1c27ca778555f1927ccc2517c6509e1a,5d5607a9bee2ae41ec3cc5c6dba540ff,delivered,,2017-05-21 11:42:38,2017-05-24 20:04:03,2017-05-30 10:59:36,2017-06-09
403a0fd88d423ef5d91893e2787c806f,3d3cb9e12226eb6ec0e87ad38b0fcb82,completed,2018-04-23 12:44:33,2018-04-24 17:37:20,2018-04-26 12:25:00,2018-05-16 17:28:36,2018-05-18
0ab49faaefb509c82d19a0d26239a4e3,c10b88c988a53a341a80374467f2251b,delivered,,2018-02-25 15:35:24,2018-03-05 21:04:30,2018-03-15 18:03:37,2018-04-03
f0b3b8301161711933b5fa04d6191a0e,fdcb84c0fa114d61fd1bebf7f5803f57,completed,2018-03-10 16:32:36,2018-03-10 16:48:15,2018-03-12 23:22:05,2018-04-28 15:38:30,2018-04-02
6031b4a1dbafab99322d682f7d2070fa,1f67b347641be0ada243c88ea88cda6a,completed,2017-12-30 14:36:31,2018-01-03 04:16:33,2018-01-10 10:27:47,2018-01-15 18:54:05,2018-01-24
b259e2247d6ab1750b9e4789b87b3f23,e87b2d91292fb8748d79dc40c2c5d0a1,completed,2017-09-06 21:34:22,2017-09-06 21:45:16,2017-09-08 20:42:20,2017-09-20 22:07:35,2017-09-28
6f752180f34073c79120a1f2827a39ed,afd6242f0eac168cd2e2715ded17aba7,completed,2017-05-03 22:33:14,2017-05-05 02:23:37,2017-05-11 11:51:36,2017-05-18 09:42:09,2017-05-30
eea15eff73fcb780a208b80fff38e457,06343064a4554dfdfff580095169869b,completed,2017-07-18 12:25:05,2017-07-18 12:43:31,2017-07-19 18:49:23,2017-07-27 15:59:51,2017-07-31
805610c9f9b57b3900d462627b7ce062,2678c09a553cf8d87f3789bb61f12ee8,delivered,,2017-06-06 13:25:37,2017-06-13 12:15:40,2017-06-26 12:58:51,2017-07-05
93bf5323e2c3624fdc56fc6083bc71d4,c79e345faa91d6f3bb1777bb3c12291d,completed,2017-10-08 13:09:41,2017-10-10 03:28:23,2017-10-10 20:32:31,2017-10-13 21:15:44,2017-11-01
f5a01b62a6a5be0468cc0c195192927e,342dc8988d373818c60d8a3ca1c5c730,delivered,,2017-02-14 19:55:19,2017-02-20 09:38:53,2017-02-24 16:53:44,2017-03-15
8998e5470215f07da1f2529b486d0416,afce25a8c7e74305b67647127e1ca22c,completed,2018-02-15 20:52:29,2018-02-15 21:06:38,2018-02-16 17:38:36,2018-02-28 23:19:54,2018-03-12
3ff74df75d244d7b291dc5a16004b2f0,10a3d7b4223ff863dad2a7238129fec0,completed,2018-07-04 12:22:03,2018-07-05 16:31:33,2018-07-05 15:51:00,2018-07-11 20:38:46,2018-08-07
fde57015e8a551f04dac99621c01678b,bc2c417b8564e1c6bf942d4e93960a2e,completed,2017-03-15 21:55:28,2017-03-15 21:55:28,2017-03-17 09:11:58,2017-03-27 15:19:03,2017-04-10
bd335a38abd734d788851cb0b0fb1a48,ef2dd497f0b364922173062f4c7a36b9,completed,2017-11-29 11:27:07,2017-11-29 11:38:04,2017-12-04 14:36:40,2017-12-07 18:13:00,2017-12-19
0a45ff140fcaf02e1b09ca845b0ebb13,57fd872e13a43d2832a5727837bc800b,completed,2018-02-04 19:14:58,2018-02-04 19:30:20,2018-02-06 00:38:44,2018-02-07 20:36:34,2018-02-21
c0aa7b8e7596f25711073d95e0dbbec5,fa5689be033065ccb7e05f37958daacd,completed,2018-08-18 13:20:33,2018-08-18 13:35:12,2018-08-20 14:33:00,2018-08-23 21:19:32,2018-09-11
08915f902759876fcac1ccf9bbc966cf,fb83c8cb9ecf4b1cbf1c4f56795d91f2,delivered,,2017-08-19 12:30:21,2017-08-21 13:33:32,2017-09-01 21:24:49,2017-09-22
99ced390cb3920dd78d289dcddfc6ce4,722faefed2a13f6521b5b1af3aa04087,shipped,,2018-01-14 20:49:11,2018-01-15 15:37:18,,2018-02-16
2a9d70160f5851dffc39e01a5486fb62,bf06992fd27d8a0a950104151b8ca61e,delivered,,2017-02-07 09:23:11,2017-02-10 12:09:13,2017-02-14 13:49:03,2017-03-14
21990fe9b5b40fd681da192e4594884d,2d428f584e3f831f770a1de54a30532f,completed,2018-01-12 12:45:01,2018-01-12 12:54:35,2018-01-19 11:58:42,2018-01-31 22:13:29,2018-02-05
2663f91a68c89174d7550cdcdb1d5df3,7824401066ed05d75024827848680f14,completed,2017-05-31 21:12:24,2017-05-31 21:30:17,2017-06-01 10:49:23,2017-06-22 17:25:51,2017-06-27
31757b95c65bd61af1af6d30103b64cf,b27076fa2b6253d80d3e3cfc6b4427ca,delivered,,2018-05-09 14:30:51,2018-05-11 14:21:00,2018-05-22 16:54:36,2018-05-29
f7f4144d75e0bde023714f0d78420e61,872509846f6e77a52fd53369bba3676b,completed,2018-03-16 19:33:53,2018-03-16 19:50:47,2018-03-19 19:08:36,2018-03-26 18:23:22,2018-04-10
e37a0ddb7818d37e517904371d679c74,de01eec4ab351f4bbe94b38e8d1e9c45,delivered,,2017-05-03 11:32:11,2017-05-10 12:46:06,2017-05-18 15:14:06,2017-05-23
a68a639ac918e408ed684ffd22872fa6,e0a720da8f7baff1febdb14dcea01314,delivered,,2018-03-25 02:15:23,2018-03-27 20:19:02,2018-04-11 19:56:28,2018-05-03
72effeb8a2be92644dddb7dbf5df144a,e75e3f20be32a23e4cc20abb982fc31a,completed,2017-10-09 17:40:38,2017-10-09 17:51:56,2017-10-11 17:42:32,2017-10-18 18:22:36,2017-10-31
2cd487f56c4c8e2600c902f8ac475597,376c8b9583b94167b5869fad6d6155db,delivered,,2017-12-19 16:10:20,2017-12-20 17:48:38,2017-12-28 20:43:41,2018-01-12
e7b8437c3c5f2441634448e5a2a3d8fb,e46aa2e872873ed7cdd3e055c9d3e6db,delivered,,2018-02-07 18:15:32,2018-02-16 22:18:46,2018-03-06 01:36:37,2018-03-14
f80ad99e797d6ae86865bed1ff9483dc,56f782fa47a9dd4a8afbd385ac3a8061,completed,2017-12-31 16:52:58,2017-12-31 17:07:34,2018-01-02 16:49:03,2018-01-11 19:48:47,2018-01-18
950f0e1bdbb03fb26f76d3373ad70e54,c78ce21cb11b3b0ceacf5be3e158f502,completed,2018-03-03 17:11:26,2018-03-03 17:29:12,2018-03-05 22:48:41,2018-03-13 00:51:30,2018-03-21
809866afc43dd3f06fc471f5eebe53e6,f72fbb835edf6b8939d099b436e89f49,completed,2017-08-05 19:34:53,2017-08-05 19:50:11,2017-08-11 21:14:28,2017-08-16 21:05:56,2017-08-31
b6ac9e1564a4ab43f7958280ebc3ea23,2328fde11c9510cb7674a4bc73ce2075,shipped,,2018-01-08 17:18:33,2018-01-13 03:52:27,,2018-01-31
497f1ff2bc62b9932e473fdd62ddde3d,21fc955fb24ddc67285298ece594906a,completed,2018-03-19 22:05:05,2018-03-20 03:48:44,2018-03-22 20:34:40,2018-04-06 01:28:26,2018-04-17
935c71d5c924d23711a40367cb43913c,fb868ee37e21aece79f2c65ed9f3f118,delivered,,2018-08-08 16:30:15,2018-08-09 15:02:00,2018-08-16 13:11:57,2018-08-30
12479ce4b03d722018ec07e6471083c3,ae5ff20a1d69718fe7d1386408013ee3,completed,2017-07-16 06:48:51,2017-07-16 07:03:03,2017-07-18 18:44:40,2017-07-31 19:54:14,2017-09-04
e3d83da524afead5265900f2cd40d592,f145cc75412500f2dbe71a57c2d4dc9f,completed,2018-08-25 11:31:22,2018-08-25 11:45:19,2018-08-27 14:36:00,2018-08-29 20:17:53,2018-09-06
c68ea4392f5b47e1dd1623a6d9af8f20,1466807c460a633a141042faed40b5a6,completed,2017-09-15 09:57:51,2017-09-15 10:15:28,2017-09-21 14:04:17,2017-10-02 16:58:17,2017-10-13
de4c508282732a9138afe232f9c7285e,07cbe02494c601060a293c344a4e4fcf,completed,2017-12-11 20:03:10,2017-12-11 20:12:26,2017-12-19 20:08:51,2017-12-22 20:04:10,2018-01-03
efabea2bf6185e12d09484abcc4bff85,42590c6b9aff7258e8cd3ee9de871e64,completed,2017-07-24 01:16:13,2017-07-24 01:30:12,2017-07-26 04:41:55,2017-07-31 22:10:07,2017-08-11
c9b448b4e0098e41e8ac370c26bcccd3,83137b77c6e808c1a38760af8b0ba7c0,completed,2017-06-25 19:54:54,2017-06-25 20:05:18,2017-06-27 07:51:46,2017-07-20 18:27:40,2017-07-14
b2aeaa081ba84843afdf0a5ad31e9832,a1ecadb957075c10c68440904378d9f5,completed,2017-09-27 20:09:36,2017-09-27 20:24:17,2017-10-02 20:27:27,2017-10-17 21:56:00,2017-10-25
4d7cba9ac539bd48f7fdde25ccbf3eb2,24c696d961e37f3e72e7ab2a766390b8,delivered,,2017-05-17 04:05:31,2017-05-17 13:21:47,2017-05-23 11:54:42,2017-06-07
564db6e83379512127bc60da803b4a36,8134db246a16a831c897deedc0f6e3eb,completed,2017-11-24 12:35:20,2017-11-24 14:52:36,2017-11-28 20:27:41,2018-01-11 15:08:16,2017-12-14
313e60572316093cd1a9a5db042389a9,ba6e59cb5236d13908b6fc94e36ec889,delivered,,2018-05-01 16:14:47,2018-05-03 14:36:00,2018-05-08 17:28:46,2018-06-05
f4ca52bb4cdf0d58abc5784ded7c43b9,3dfdb9a708864dee33563ccd9ae7a4fc,delivered,,2017-11-25 05:49:50,2017-11-30 15:38:01,2017-12-06 18:43:05,2017-12-28
b6d8b094c9a771ac0f54c664f5651a5f,4d92a80d65b5edabad7ce77c4beaafae,completed,2018-07-02 20:15:27,2018-07-02 20:30:56,2018-07-03 15:21:00,2018-07-04 23:05:10,2018-07-30
ec1ecce6ed2f4a351a045a8de255e3af,6680ee2ede756c3fa20357158525bc98,completed,2017-09-17 09:59:15,2017-09-17 10:10:20,2017-09-18 16:20:04,2017-09-21 13:07:52,2017-10-04
cac28bfe44e2fc9411c4f61b768d0081,a15995cdfba8c4758aeec7fc37f1df17,delivered,,2018-03-08 16:55:58,2018-03-09 18:08:25,2018-03-23 14:33:03,2018-04-04
0136390286be8a34efdc801ed150568f,a666bb7a77916be2716fa1420c73c56f,completed,2017-07-16 12:26:05,2017-07-16 12:35:15,2017-07-20 12:12:32,2017-07-24 11:38:47,2017-08-10
370b3c2ef8fa05039d7f93c4c9f66470,c4b85294855412a0dd45cffa945c0cc6,completed,2018-06-14 23:13:32,2018-06-15 22:20:40,2018-06-20 06:41:00,2018-06-21 21:34:24,2018-06-28
a5fca3053324330d4bf1e5fc7230e84d,bc450d309c1f7f595c70e89aa3dc7508,completed,2017-06-30 20:06:54,2017-06-30 20:23:24,2017-07-03 09:44:26,2017-07-04 15:49:32,2017-07-13
246e2c3c7b7c4759966d8a76513b0ad8,1e1eeb9b7a16eb780c2728c498d5ea2b,completed,2018-06-26 14:43:49,2018-06-26 14:57:23,2018-06-29 13:29:00,2018-07-03 17:57:43,2018-07-30
8844a6f4804668ce97f0423a434a74f6,c35c61c180ade41a8a8d935b08236b8b,completed,2017-10-16 14:49:26,2017-10-16 15:27:47,2017-10-24 18:53:40,2017-10-31 14:33:04,2017-11-09
4bb508ed8217864a44341f4e5e41e04e,865293243bd058d40776ed211b54174c,completed,2017-11-25 00:29:04,2017-11-25 03:11:59,2017-11-29 22:12:53,2017-12-04 18:22:59,2017-12-22
aac66aa37e3c8d0fcc9571062fabb261,2c8ebc3ee57341a532642dbbe98294db,delivered,,2017-09-28 18:28:24,2017-09-29 19:23:48,2017-10-17 21:55:24,2017-10-26
8f01c37e40b9262e477bb2e2d01058b1,c35d560e5a0e8462f092ff34f764e32b,completed,2017-02-19 18:35:15,2017-02-21 04:35:14,2017-02-22 08:54:06,2017-03-10 07:42:47,2017-04-04
73fa2decb92126f457f03a38cbb81c24,04b59b5941a73b8bce510973637d9adb,completed,2018-03-23 01:11:18,2018-03-23 01:27:31,2018-03-24 17:46:33,2018-03-27 20:56:52,2018-04-05
403ce7c187ea2be61ea4f564d3c71688,3bc3f6b21973b0d9ada8987209ea389d,completed,2018-01-30 11:14:56,2018-01-30 11:50:09,2018-02-02 03:25:00,2018-03-02 20:07:52,2018-03-20
2a2933426794a07b8826c9a59e6d17ed,dd146127504152f9336f1a2ec56c58a0,delivered,,2017-12-03 14:13:31,2017-12-08 18:24:52,2017-12-27 19:52:10,2018-01-02
b7b90cbf41450180620d92d36ab7e0c7,9fe0f1e8a4b461fc59cc93ed610e8d8e,delivered,,2017-05-23 03:42:30,2017-05-23 09:55:40,2017-05-30 09:58:07,2017-06-19
9c37d94303e95d233a4608dabc34f802,d5829f079749e461df4192bdb5731e8d,delivered,,2018-06-27 20:11:51,2018-06-28 14:24:00,2018-06-29 21:18:50,2018-07-12
c6d222a38df267553737a56da260cca3,236164dd0ff42848fca581b887c1f6c9,completed,2017-11-29 17:43:52,2017-11-29 18:30:55,2017-11-30 16:09:14,2017-12-14 17:03:06,2017-12-26
fc6a74f2fe46e7d94471556385398a1d,e6394a417ff7bbaa2578dd8043491b5e,completed,2018-07-23 19:41:48,2018-07-25 02:55:24,2018-07-25 13:44:00,2018-07-26 18:22:35,2018-08-02
f93c490f3040a2c005e2f21d86559dc7,15d1ff96168e59165bb5ccf454b44b85,completed,2018-04-26 20:15:35,2018-04-26 20:31:52,2018-04-27 14:19:00,2018-05-17 13:20:59,2018-05-24
32db4da13d5f0ad10781de19e0973e88,a087f4c8f28a68fda9ee625b34e41b7b,completed,2017-05-15 11:03:40,2017-05-15 11:15:17,2017-05-17 06:54:57,2017-05-20 08:44:37,2017-05-31
03d9b0241efc2b1690172701f6800f21,b5e467a2fd8bbb9e93feecceae7f4261,delivered,,2018-07-05 16:05:42,2018-07-10 15:16:00,2018-07-13 15:48:41,2018-07-25
ce1ff35e9ab20defb53717b8d56643cd,8aa88312c488118f07c808bfaa821483,delivered,,2017-09-07 13:50:17,2017-09-08 19:41:20,2017-09-21 11:07:48,2017-10-05
b360ccfc12c52d2fd6d1ab057e433de6,2360d17aa765e5e8b9e683dbd1f4ef89,completed,2018-04-08 21:30:19,2018-04-08 21:49:37,2018-04-11 20:26:34,2018-04-13 21:10:39,2018-04-27
66ece7c73f4550ac89c08ffa53e85dc2,0b0cbf731fd9ea622226fc2d1fee5164,completed,2018-07-18 10:42:13,2018-07-20 04:50:20,2018-07-25 14:08:00,2018-07-31 20:32:34,2018-08-03
8e3d8001d12c91d581b256dbb2762702,3188d71dec4455295a32959cb74363b0,delivered,,2018-08-17 14:30:39,2018-08-20 15:12:00,2018-08-23 22:27:36,2018-08-31
30552396e65cfc4856e8520b7867414f,051da0c8b95f2d53eefdb48da43a4058,completed,2017-11-02 14:26:59,2017-11-02 14:46:16,2017-11-03 14:02:35,2017-11-07 19:36:47,2017-11-23
472d6b3e92be83f747dea801ed1d461c,762714720007f6df80b89a121d5101e0,completed,2018-01-26 22:37:19,2018-01-26 22:52:05,2018-01-29 22:26:45,2018-02-21 22:16:47,2018-03-06
d386985bfd6c699bcfc94596740fec3d,fa3bf08e3e39304580ec8fde1bead18f,delivered,,2018-04-11 16:10:40,2018-04-13 16:54:42,2018-04-19 15:48:44,2018-05-11
112909cbca6ebc18ce400189ea165cae,4c669e5b6ae17e66d4551e3e625c7f1e,completed,2018-06-26 13:22:57,2018-06-27 13:12:32,2018-06-28 15:11:00,2018-07-03 18:46:36,2018-07-17
208fd0f311f3bedefc7658b648736b8e,e21beb91d78c8390639f5ae9fa20a014,completed,2017-12-22 20:35:38,2017-12-22 20:50:08,2017-12-27 23:10:59,2018-01-09 19:14:24,2018-01-24
40c1597a3bf7628a0c70b7aeb1cb9c51,c90688a2dc8cd5c3dc310d524fa20795,completed,,2017-08-22 10:46:03,2017-08-25 19:22:28,2017-09-01 14:10:23,2017-09-11
39463e03ee1cf3c0c36db7d3dda89117,ff5c7c8171b2745f2b4c009142e0dc90,delivered,,2018-06-20 14:18:21,2018-06-21 11:45:00,2018-06-28 17:19:01,2018-07-12
f2774b2721b0f7d1a617a955bafdc9a8,f6355b874877aef487df847d39337321,completed,2017-09-23 15:45:15,2017-09-23 16:04:25,2017-09-25 15:52:38,2017-10-02 14:27:48,2017-10-18
b40d597f0eb58c117cb5d9e424f10426,22a4b8a7912abc2b02051dca85e02564,completed,2018-05-13 16:04:51,2018-05-13 16:15:16,2018-05-17 11:57:00,2018-06-19 20:16:35,2018-06-13
c01a70853733229479ca41a44c99b5fe,ede05252ae49fbbe385bbe41aba396ce,completed,2018-07-24 14:31:29,2018-07-24 14:44:28,2018-07-24 15:02:00,2018-07-26 22:20:44,2018-08-08
7ed3955bf85eeaa3c55002dc9ea7cc2f,1e026c12ad119b266f71c0e1b432feb5,completed,2018-05-11 08:15:10,2018-05-11 08:30:38,2018-05-11 14:27:00,2018-05-16 11:58:53,2018-05-30
cb1f3a44e8b8527e16913306a4d3de2f,dbe9495069f4ddb6875dfc83462d616f,completed,2018-08-07 09:03:02,2018-08-08 09:05:09,2018-08-08 15:01:00,2018-08-15 19:28:29,2018-08-24
ac1a1d01dcd4350d31887f6eab3f63d5,2f97782bbc64b71cba9e79d12757479b,completed,2018-08-23 21:43:41,2018-08-23 21:55:16,2018-08-27 14:54:00,2018-08-30 21:05:56,2018-08-31
3b18ad0839d6984800c3bee0d41eadcd,4327e086c509ed3eeeee931392440e0f,completed,,2017-08-16 02:30:14,2017-08-16 18:06:07,2017-08-28 16:42:14,2017-09-13
72f065b9ff2994a7d3b887878e7f88c0,273dac17e086fa4c3f4cc6494776925c,delivered,,2017-10-31 20:33:27,2017-11-03 23:23:36,2017-11-04 14:37:34,2017-11-16
394038740b5a42db8607def1c170eed2,1d545f92cde8ef9ee9db09f963d6e6b5,delivered,,2018-08-06 22:30:12,2018-08-08 13:56:00,2018-08-13 18:58:43,2018-08-14
8770d612f74d5015ceb2d739911887a1,b9bf69e7f80b95b1cf9db48e9da84163,completed,2018-07-05 16:10:28,2018-07-12 03:26:15,2018-07-12 15:05:00,2018-07-13 19:56:25,2018-07-18
d5c48cad732a71a573e038e81d428c18,7c90e33e5d5f35063ed43b54a5957cdb,completed,2017-02-06 13:09:46,2017-02-06 13:22:08,2017-02-07 16:51:49,2017-02-23 13:23:01,2017-03-17
d124af20920be41458d0325b9827df31,615c294dbb4ab963db7ea37dc1f60cbc,delivered,,2017-11-11 15:27:02,2017-11-14 16:11:59,2017-12-05 17:14:14,2017-11-27
ea6c1bccedd9137975bff2495dfd90ae,ad0ef39a2494d469bcb348a4273ca27f,completed,2018-01-17 17:09:02,2018-01-17 17:16:27,,,2018-02-19
02d8a3fffa425e73385cc7f7a6518fbe,6104cde8d419deae69db335b70f5bf12,completed,2018-04-27 12:20:35,2018-04-27 12:35:13,2018-04-27 14:53:00,2018-05-02 23:22:29,2018-05-10
053eb07a9c8d113f338336ff5544d18d,88741bb27ffaff281424cd7349bf090c,completed,2018-04-19 12:24:17,2018-04-24 18:58:18,2018-04-25 20:34:00,2018-05-09 19:24:29,2018-05-17
aa7ec2352031fdede37174861e5b20ad,fa22e15957d9ea748f5f9d2ebf82d792,completed,2017-07-01 19:23:16,2017-07-01 19:35:09,2017-07-03 16:44:49,2017-07-17 18:41:29,2017-07-28
6d1e24636558186d996520563f53df00,6bf45280537c119fa70ed4a4fb7dd688,completed,2018-07-14 09:43:38,2018-07-14 09:55:13,2018-07-17 13:35:00,2018-07-24 00:03:23,2018-08-13
c3d98859790f5ef3e0ec03a886506d35,979b8c7ddabb03954d1000d3b84b6a11,completed,2018-03-20 22:30:20,2018-03-20 22:48:05,2018-03-21 20:41:35,2018-03-28 12:12:11,2018-04-16
6e6bacc052a79d14a6e7d015188bef50,d962db498655c9a4b77db1b993f157d4,delivered,,2018-02-28 17:50:42,2018-03-01 21:41:26,2018-04-16 17:24:24,2018-03-22
838eddbec488679c7db905429c5163f7,5e629f5cad9941c1f83b0ac0e287348a,completed,2018-05-15 20:29:06,2018-05-15 20:56:04,2018-05-17 12:53:00,2018-05-23 00:22:39,2018-06-06
10758901b602fdec377ba3f189e531f5,015bf7d488097b3b632e5b19f1c7621a,completed,2017-11-21 16:40:43,2017-11-21 16:52:28,2017-11-27 16:12:23,2017-12-12 01:08:47,2017-12-07
ccb3e2fc8477b6fd3e3edf0dad0211b6,29a3828421400c1fb4c396a89a3bc4f9,invoiced,,2018-08-05 23:30:08,,,2018-08-09
ad07b2975044eedaa3d511eb7a6f80ba,7d03d934195e2c1f1233ad74146aafc0,completed,2018-04-02 11:53:50,2018-04-04 03:30:25,2018-04-04 18:42:32,2018-04-13 19:39:09,2018-04-26
14363bf0e98e4ac853c49e2e1b316014,56af2014afdd20f87502ea88b5a5ca0c,delivered,,2018-04-07 13:50:20,2018-04-10 09:31:03,2018-04-30 21:06:27,2018-05-04
5253f3630960eb737c90b4ea7cf42614,988a863eab010820b4f4bfff09e2a13c,completed,2018-01-31 14:06:09,2018-02-01 03:15:37,2018-02-07 20:07:06,2018-02-15 23:35:59,2018-02-16
a31cd1f2ccad0246f0517f09035a1d36,6d4a9a1eac41912724dfe020ea534d6b,delivered,,2018-02-04 11:10:26,2018-02-05 21:04:50,2018-02-14 21:09:19,2018-03-02
1839c69dd9dbf835d82480c05964cbd4,b3792fdf98c0b1beb9a20639840d24cd,completed,2017-12-27 17:48:18,2017-12-27 17:56:22,2018-01-02 18:17:08,2018-01-17 12:08:51,2018-01-22
6413a8cd79f9720426fd12968b388228,315d30072434c1feda91ba8676b54a25,completed,2018-06-25 10:38:46,2018-06-25 10:53:51,2018-06-29 12:27:00,2018-07-03 16:48:51,2018-07-31
60d89454741d31c6c07226c6069864dd,72c264264a67e9f5aedf2ea52b8cbe65,completed,2017-06-29 09:43:18,2017-06-29 09:55:20,2017-06-29 14:54:29,2017-07-01 11:37:54,2017-07-12
772db764b3c3c25f4bbd8ff9d4f5847a,ad700f0b10f75db2096a35b1043a1d8c,completed,2017-04-02 17:00:43,2017-04-03 09:10:15,2017-04-04 13:52:55,2017-04-18 14:52:30,2017-04-26
11d2a4111b0de56991e1ccbeaf4eb0e8,07436d5d1e7122889991218e3e297c27,completed,2017-03-08 17:14:18,2017-03-08 17:14:18,2017-03-09 10:21:30,2017-03-21 10:32:46,2017-03-31
42aaabf39b810fa0a3390fe791dbb880,11259004e69dac0f64c28698b2e702d3,completed,2017-03-17 14:22:50,2017-03-17 14:22:50,2017-03-22 10:20:38,2017-03-31 11:47:39,2017-04-07
c9155925aa573a017151d593ee25f976,c8123bc552de0c29afe117c6911d7fd1,completed,2017-08-24 10:36:11,2017-08-26 02:15:24,2017-08-28 20:33:53,2017-09-05 21:57:31,2017-09-20
188c1ef63c6dd2e06120da3ca750e86c,70ff49e52ebaa8716e656957b23cec33,completed,2017-09-29 10:07:19,2017-09-29 10:28:37,2017-10-02 17:15:56,2017-10-10 18:42:41,2017-10-25
a607d901010a9e02c14000b08e15cfe3,9f9ed93e52635d33163beb4ad932fc1b,delivered,,2018-05-04 15:15:25,2018-05-07 11:42:00,2018-05-11 17:03:03,2018-06-07
0f28dea25f498acb1ab8d7f947c2ceaf,0a99af6e6eaf8487f52d2d02212ff2aa,completed,2017-06-19 09:57:49,2017-06-21 11:50:16,2017-06-29 15:36:02,2017-07-05 18:26:41,2017-07-25
67d7d2f069a2b83e36ab0304e03132e6,0b9da151bab9f3b6d4add45b3bd7de80,delivered,,2018-08-15 20:25:53,2018-08-16 12:23:00,2018-08-24 20:35:48,2018-09-04
10467788e05701fc7e9293f6cbed5c11,a85e16c60e3462ec7eaec32f98745da6,completed,2017-08-21 09:23:23,2017-08-21 09:35:28,2017-08-22 13:37:02,2017-09-11 20:13:40,2017-09-15
854963422ef4369edb2416355e8323bd,4c47ecc85fce7602cc1989de3f83fe4a,completed,2017-07-23 19:46:11,2017-07-23 20:06:26,2017-07-24 15:04:22,2017-08-01 19:03:31,2017-08-15
2de6a73b60b6fb18004ea51e46bebc1d,589f178e3093bab9b9aa7bdbd96a369a,completed,2018-05-14 01:37:42,2018-05-14 01:51:24,2018-05-14 14:58:00,2018-05-15 20:15:30,2018-05-24
5864c853e57402a64985156da5273233,d307d099d747f37ec262b7d886d422ad,completed,2018-02-10 11:02:03,2018-02-10 11:10:24,2018-02-15 01:17:41,2018-02-23 15:56:55,2018-03-13
de34a09fbecb667119c64e23d1232966,9bf0fff6e6ffd08c40f6ece6c20bf720,completed,2018-06-08 15:29:58,2018-06-08 17:11:45,2018-06-12 14:15:00,2018-06-19 15:58:47,2018-07-12
947857fc478a90e909d7e3d4b2b9dfb3,1a638e2556f263ac0094533ef5a75586,completed,2018-06-01 10:10:44,2018-06-01 10:31:47,2018-06-04 06:05:00,2018-06-13 20:03:19,2018-07-11
01d5897e2c8a23b37ec65e0e72fbe956,f36f2bd8be3b6c261d6390939cb24620,completed,2018-04-06 11:45:09,2018-04-06 11:55:19,2018-04-10 21:21:11,2018-04-11 21:46:53,2018-04-24
93b3fec4ab5648e985ee7e781e0e1b6d,5af98f1851ab9a8e9e8f94d35f8fe478,completed,2017-11-17 15:31:33,2017-11-22 02:47:28,2017-11-23 21:58:53,2017-11-24 21:51:33,2017-11-30
ae4a905f158c49a81cd20d36a52ccc4b,80dceaacd607fe2959006b3796ad8a4d,completed,2017-06-21 17:28:49,2017-06-21 18:32:58,2017-06-23 12:03:16,2017-06-25 08:02:51,2017-07-04
4082a09e70f0dcced54c17ec25ac2a50,cc385515e1e2e16798c876b78a024190,completed,2018-02-07 16:41:24,2018-02-07 16:56:06,2018-02-14 11:33:19,2018-02-22 23:09:44,2018-03-15
84f40c055bf1ed329fcf2f4ec4e9e9df,20604bcc9703b6f0c4101a04e249ebd5,completed,2018-08-03 23:11:47,2018-08-03 23:24:19,2018-08-06 13:54:00,2018-08-09 17:58:35,2018-08-21
032cf17f7a713287e46999fddea6051b,7ec44117b7760d297447f1cff2a10967,completed,2016-10-07 12:21:07,,,,2016-11-17
fb52c1aeadce7c26d4c57e429909eab6,b0c1aafff555304981f80c9447e70fda,completed,2017-08-30 21:25:43,2017-08-30 21:35:18,2017-09-18 18:24:49,2017-09-26 16:28:52,2017-11-13
e8db697a6bd22722ed990beab0b844c9,5315874b889d49018819b02de29ef596,completed,2018-07-11 14:03:07,2018-07-11 14:15:15,2018-07-12 13:58:00,2018-07-30 16:11:02,2018-08-01
b6d8afcbedd981f81cd58c1ecf289add,9925762e9ebced24854c787ad2429492,completed,2017-10-29 17:50:56,2017-10-29 18:55:09,2017-11-01 16:29:29,2017-11-13 17:38:59,2017-11-24
6b5531da82a446d2bc53f1ff21ea9e3f,62b62fa001db361113dda20e678cf596,completed,2017-08-17 19:20:42,2017-08-17 20:04:46,2017-08-18 19:22:03,2017-08-26 11:32:52,2017-09-11
4e0091a0a84b39634a3ecc33bdc49d09,9998c6bf5ef16b8498d0202e25a2c33c,completed,2017-11-25 13:43:45,2017-11-25 13:53:30,2017-11-27 19:51:28,2017-12-12 19:42:46,2017-12-19
dea56b3893564838aa0a8b56394f46a4,fd0c90df7aab8c8b52d93ae6fb48c6d8,delivered,,2018-02-05 15:16:07,2018-02-06 18:04:37,2018-04-03 22:07:24,2018-03-01
d4e6db82770ffca02d0bf60e4eede3ad,76ed00bb91c35675557f53cf791e6f04,completed,2018-03-09 22:50:44,2018-03-09 23:48:03,2018-03-13 00:41:32,2018-03-20 20:27:44,2018-03-28
84ef6a73c1fcd8d48177e81dcf29e886,7666437651e45d394178c90df5210750,completed,2017-08-08 14:52:46,2017-08-08 15:05:18,2017-08-10 18:57:28,2017-08-16 10:49:38,2017-08-30
5a2fc8deabae69566f89581221d9a0dd,e35a9206d88ff93bc76a5cc78bd71235,completed,2018-01-11 09:23:12,2018-01-12 02:35:21,2018-01-12 20:46:40,2018-01-15 13:04:35,2018-01-30
3d69b8fb75425d68773abee98e5217da,5547f4c45fa394bf146f873bdbefb07b,delivered,,2018-06-23 11:55:29,2018-06-25 14:07:00,2018-06-26 14:27:48,2018-07-11
7124ccc1150a93e9f1d52032ebb1135c,b94419ee3dc0e32a94c0678d5da785d0,completed,2017-11-25 09:16:44,2017-11-25 09:33:09,2017-11-27 16:34:28,2017-12-11 21:38:48,2017-12-20
93d3acc57bd28d53e25e2624c13c470d,d472dbf6ecbea44dbc6078d5bb5c0c6d,completed,2018-05-21 11:06:07,2018-05-23 02:55:12,2018-05-23 11:20:00,2018-06-01 20:51:58,2018-06-05
ba5aba1c68c4ba890bf8700e5536eadb,c438a0213f0bda495570ba27007f31aa,completed,2017-03-17 01:39:40,2017-03-17 01:39:40,2017-03-17 10:13:17,2017-03-29 17:06:39,2017-04-11
e852413ae756fbc7fe9f6514b39aafdf,7c26a3de94d7bc7a532974bf3de191a1,delivered,,2018-06-01 12:11:38,2018-06-04 09:13:00,2018-06-08 16:02:46,2018-07-04
94a73bea9ac2ed16ebdebd00014a2209,5b842dcd4c4fe8e9a15487e3a72eae47,completed,2018-05-07 14:31:18,2018-05-07 16:33:44,2018-05-08 15:13:00,2018-05-09 22:13:09,2018-05-29
3e24f7d95766568a604655166cde923a,1a5dbe17955f253dba47bb5853716345,completed,2017-05-24 15:55:43,2017-05-24 16:05:25,2017-05-26 07:04:58,2017-06-01 16:45:45,2017-06-19
4c21a19875c8530d3c8e9b28373ff034,ed77b9942fdb5a2edba716bc97fe0a58,delivered,,2018-01-04 17:28:40,2018-01-17 22:05:50,2018-02-05 10:57:05,2018-02-02
5e1ee454abff53066b6f4b3455890977,cb0dfa91ea2f9acab7316baf7708e621,completed,2018-02-16 15:31:43,2018-02-20 07:27:11,2018-02-22 17:53:56,2018-02-27 17:32:33,2018-03-14
2af092d75759971722843fc88d8509a1,1a046b7389bdcdd4a24091be91c8ca2d,completed,2018-05-06 00:32:29,2018-05-06 00:54:35,2018-05-08 15:55:00,2018-05-11 20:21:25,2018-06-18
4c2da572497ba6e438bf4431c448092a,9df855aad44b6b19e9058410cbb4d95e,completed,2018-04-06 08:39:52,2018-04-10 04:10:46,2018-04-12 02:42:36,2018-04-16 16:38:24,2018-05-08
8273fd6bf6d04443265e6f244f8a6fe9,8860612bf15c90f98db7e4721101f944,completed,2018-06-20 00:45:58,2018-06-20 01:18:51,2018-06-20 15:24:00,2018-06-27 16:58:54,2018-07-17
c36e2db3e1489ff9c460ec23cc65af44,87279ee4ad47e57bd884877c18ad1f4d,completed,2018-03-06 11:35:19,2018-03-06 11:55:26,2018-03-06 20:56:26,2018-03-09 00:06:34,2018-03-16
63a2ef605ed6a193d40b312ca1b014d5,a95ad7bcbf76f95fcb884dfdfa84ae68,completed,2017-12-11 20:45:53,2017-12-13 21:10:46,2017-12-19 01:48:41,2018-01-06 14:05:54,2018-01-15
ca4d9163f73c29c767a726571e8baf23,20deb76fd96659ae3d434ef56d42760b,completed,2018-02-18 15:54:05,2018-02-18 16:10:23,2018-02-19 19:28:57,2018-04-10 13:04:14,2018-03-23
729ae5716c0955d5e326ffd5bb91368e,da148107500f105263d72e4731387542,delivered,,2017-11-15 17:26:47,2017-11-16 14:12:42,2017-11-22 20:17:36,2017-12-07
1c086b183353c56b2ad03c345330d9a5,800e3b05cc40f396118128d96927b805,delivered,,2018-08-01 17:10:12,2018-08-13 09:21:00,2018-08-14 14:18:56,2018-08-16
acb56e6695d371a1c50a34c38938277e,29457f76418b2b673b5c36b6aefbb6b5,completed,2017-11-27 18:04:28,2017-11-27 18:14:20,2017-11-29 00:54:43,2017-12-12 22:37:03,2017-12-15
5cd8853b4ec297e801336f317f9a1912,dd39e64f9817cbe0bcd5e427a7d2c5fd,completed,2018-06-19 22:24:34,2018-06-19 22:55:44,2018-06-21 15:53:00,2018-06-25 18:08:32,2018-07-11
21af19181b59fd603fd2c40717d3897b,162063595acec23bfcab0eab134450b2,completed,2017-09-18 11:45:11,2017-09-18 11:55:18,2017-09-19 16:39:05,2017-10-03 21:11:19,2017-10-17
3ac745c240dae78ad2e1b9e191e92143,b3f3105461c1fbbfa2643be0e7ef3359,delivered,,2018-01-19 14:59:26,2018-01-23 01:25:07,2018-01-31 14:41:55,2018-02-14
30813fea6f93412555f8f359701fc7e1,6e93ab5b7052dd417ac1c295eed8e843,completed,2017-03-17 19:46:43,2017-03-17 19:46:43,2017-03-21 15:06:06,2017-03-28 15:40:18,2017-04-05
8ab1d03fe8066ddf7b1882f20d699db2,dffcdbb73deaa08c8811c4d541c538a2,delivered,,2018-06-20 13:38:24,2018-06-20 19:51:00,2018-06-25 23:58:34,2018-07-12
7588fbb6c9001d45b0f2bafb4be7ef56,a1c991feff10a10e9c9e4d0bad6fe1e9,delivered,,2017-10-15 17:56:25,2017-10-18 16:22:43,2017-10-25 22:02:56,2017-11-01
e81ca7ca15651afda77c69687b651bb5,b3c171ff72e6652a6cbeb21665f1bb3a,completed,2018-05-22 22:47:16,2018-05-22 23:17:38,2018-05-23 12:56:00,2018-05-25 11:46:51,2018-06-08
cf97ea340fcb30e950d9c656341fdf25,770d8f9537fcaa28b46c57d2f99aa0fb,completed,2018-08-07 11:39:21,2018-08-07 11:55:10,2018-08-08 12:28:00,2018-08-13 17:41:09,2018-08-24
08d27643b4ade2434f167dc1ba237b4b,4098b5d8a1400003c8cccba5aa9ffdd2,completed,2018-02-10 20:50:32,2018-02-12 09:48:51,2018-02-14 23:21:48,2018-02-23 23:04:41,2018-03-08
9b17125defce8ecb669a929fce9bb7c8,076feaeadbaf45d1aed50960f6241e76,completed,2018-07-19 19:24:22,2018-07-19 19:35:16,2018-07-20 13:17:00,2018-07-24 01:44:32,2018-07-30
7a2e1d164ce4fbeacd571c98adda74b6,6e4938817f628d0dc9762843b93c5930,completed,2018-04-09 23:10:01,2018-04-10 00:35:59,2018-04-12 19:08:36,2018-04-17 16:31:41,2018-05-02
b57284d24eae2c19d2f6729dbb7bf4b7,bba2f79d86ff09fe96ef9b34525fe40d,delivered,,2018-03-15 17:35:38,2018-03-26 16:58:46,2018-04-10 00:03:59,2018-04-16
8c4e90e34f03ddf7c8347d42c6b3c5ba,d94cfae3194de8e6915bd8adb4e6b77c,completed,2018-02-16 16:22:10,2018-02-16 16:35:35,2018-02-17 01:08:33,2018-03-05 22:54:16,2018-03-21
bd5ecb9fa12843f036d45c35746f0631,2d053f37c5e72b650907a2d5c82c2937,completed,2017-11-09 15:59:56,2017-11-11 03:31:11,2017-11-14 21:58:46,2017-11-22 18:08:55,2017-12-05
074054ad3d2e5ee3fc6f098d06f321f9,ab6de5519f65c4dd2757858039d7748d,completed,2018-01-23 23:24:25,2018-01-23 23:34:10,2018-01-24 19:18:40,2018-02-07 10:04:51,2018-02-15
24ae7e308aa3bdd9e0723fe828acdc73,3150ca8ce62833540570bafda45a6b11,completed,2017-08-12 18:01:32,2017-08-12 18:15:14,2017-08-14 20:09:50,2017-08-17 16:35:49,2017-09-01
a1431d521cd6c63636bd85cdad970498,4298b27e7fb16fb2538ed0327176fa32,delivered,,2017-02-13 21:55:15,2017-02-16 13:51:08,2017-02-21 16:44:54,2017-03-24
ed5ff4c4d3ba83abadb44f00df484f0b,9765c88aaeab6304142cf4ee2caee6fd,completed,2018-06-12 13:18:39,2018-06-14 02:57:11,2018-06-14 12:20:00,2018-06-21 17:18:23,2018-07-11
e12aeddf85ba20f8e2d865a28b32fbd8,595713cd04130c26109cc971921fe409,completed,2017-09-12 09:32:47,2017-09-12 09:45:41,2017-09-12 22:03:02,2017-10-18 23:09:01,2017-10-17
3765df8b607992dccb4268b1e535c162,b9ab019e35acc41ce59d290989f01d88,completed,2018-01-20 01:06:48,2018-01-20 01:20:46,2018-01-22 22:46:32,2018-01-30 21:04:31,2018-02-16
97f3a84e96f9e837dae9f7e2f4570afe,74081feb88afbf611f4bb95713970ca2,delivered,,2017-04-04 01:05:25,2017-04-06 14:24:08,2017-04-17 15:05:44,2017-05-10
b405fed41fa637afcbe35298147290af,e8445197dcca593e6e30e0b4e3da55cc,completed,2018-01-16 16:44:03,2018-01-18 02:12:59,2018-01-23 19:12:11,2018-02-08 21:52:44,2018-01-31
f081de5f638ebea21bfb2cc74339e925,051a1ee05ed1abcc755cb96dd2b85fd8,completed,2018-03-18 18:32:12,2018-03-18 18:47:38,2018-04-03 23:18:20,2018-04-10 16:38:44,2018-04-09
0b0448ca144af06370f09b67224e0eec,94f0aeb55a332b7a3480aae50c02c975,completed,2017-11-21 16:14:06,2017-11-22 02:51:26,2017-12-01 15:35:40,2017-12-21 18:43:41,2017-12-15
4db394cc1f82f9677998cce47b3bfd21,179f2ea0a40973b56845f358338ea64d,completed,2018-03-23 09:55:18,2018-03-23 10:08:41,2018-03-27 18:18:54,2018-04-18 16:48:44,2018-04-23
a878aea89f040852ba82d7366fb4360c,9bed2d43411502075eefa923e6ed73d1,completed,2018-04-05 12:39:13,2018-04-07 02:50:16,2018-04-09 21:09:27,2018-04-25 21:11:22,2018-05-11
8b97abc734f59ea448e08b7e84695fbc,73744a516561e158c988dfccfc85d35f,completed,2017-07-18 08:19:12,2017-07-18 08:30:16,2017-07-20 14:06:57,2017-07-25 19:39:26,2017-08-11
da8eefd7ee5ebac9e6163fec64141557,9dd030c8d696939ff4a035e932ac3b19,completed,2017-04-29 18:02:09,2017-04-29 18:10:14,2017-05-02 14:57:33,2017-05-08 16:28:01,2017-05-25
b41304e99b5c1abf0181ee31c8b17146,014ea662e1cd7ed36b3c44a9539bb34a,completed,2017-09-04 14:40:44,2017-09-04 14:55:17,2017-09-04 22:06:32,2017-09-13 20:22:33,2017-09-22
8e69421c91f6d0c452894b190de0d321,7bca2bac972cf3b3c80ea06c30b7f309,delivered,,2018-02-27 04:31:19,2018-02-27 20:52:28,2018-03-16 12:22:04,2018-03-19
a7e2a9bcafab99efcc6c6c20523fa47d,369bcb82cdff39c928c145a9bcad9e29,completed,2018-01-18 12:23:45,2018-01-18 12:32:28,2018-01-19 21:32:10,2018-01-23 13:46:53,2018-02-05
a9b84349900ef15cb616e1b75b4c4dcf,3bea25450797f4a7f50cd3082af21139,completed,2018-06-12 13:28:27,2018-06-12 14:03:09,2018-06-13 14:08:00,2018-06-21 21:28:48,2018-07-11
7f4e9dd947b8c7493391930878e8b778,a62023c791ee30d32d8c0b87baa161b3,delivered,,2017-12-07 10:12:20,2017-12-09 02:29:02,2017-12-19 22:23:48,2018-01-08
62fd4c233bdcfa43057b8a4810a855eb,f0cb15d64322022a1942c806cf41c154,delivered,,2017-07-07 08:23:32,2017-07-07 19:27:25,2017-07-19 18:53:54,2017-07-27
4d43bfbb3343be92e8d9b221e34271b4,0af44c57d407f2f0e1d37f1489ca9463,delivered,,2018-08-13 18:55:24,2018-08-14 12:59:00,2018-08-23 16:55:06,2018-08-27
78ab4aa72ce2e7bb7b0ff0d2701253b3,1737ebe20c3faf8da6877df534f55e0a,completed,2018-01-03 17:17:52,2018-01-04 19:48:25,2018-01-08 16:18:36,2018-01-10 00:54:04,2018-01-26
71fbb9971d84bf97accb75d2f70b04bd,a7276b8ee5943682b258aadbc2a19840,delivered,,2018-05-10 03:36:56,2018-05-10 15:18:00,2018-05-14 11:24:39,2018-06-01
c3a3138b83444e2e6c24b0bdd327bd30,4f45d57597e28593ae50b9c4fea31173,delivered,,2017-12-12 00:14:09,2017-12-14 11:44:47,2017-12-20 03:07:19,2017-12-28
c33d265d1050e0a3ddf9796301141a81,db19751490d5753ba9cd7d538da7181b,delivered,,2017-12-12 12:32:43,2017-12-13 22:32:15,2017-12-21 23:54:08,2018-01-11
38855925f815a5c3f4ce58f6c6f9113d,24e2f602477037622c685a7bfaad0c6a,completed,2018-07-02 13:41:23,2018-07-02 13:50:38,2018-07-04 14:19:00,2018-07-10 18:42:33,2018-07-27
61dd0efaf7b949ec0c1d45cd9bc731a9,084614c058967703e18d2e86ebf84be2,completed,2017-10-14 23:08:28,2017-10-14 23:25:37,2017-10-17 17:07:05,2017-10-18 17:56:36,2017-10-26
8976e414a71ffb7657a71e5180e47b02,fd25bc76f44942a6262e0faa6bc1bb8a,delivered,,2017-06-15 19:35:28,2017-06-16 15:37:45,2017-06-19 18:07:36,2017-07-26
2f88d9783a99fde6b8a2d5d325549fc5,38ba347fcc4bf43314af06e59f564d8b,completed,2018-08-08 16:45:39,2018-08-08 17:05:06,2018-08-09 16:11:00,2018-08-14 01:12:30,2018-08-23
5e4c2650ce74cf8e53093dbc89e6d2ae,e27db3ee3d1ff00e1e944f1c327f20f0,completed,2017-11-18 23:42:51,2017-11-18 23:55:27,2017-11-21 19:04:53,2017-12-01 17:42:52,2017-12-18
6a105bd695a3bb07a67824cfe3dc263d,3a880b7d17a31a9db4c65931f8a7674c,completed,2017-05-09 15:51:39,2017-05-09 16:02:28,2017-05-12 18:55:48,2017-05-24 16:34:07,2017-05-29
0d29f866f714402153c7a02ca8bf6134,c20207a17418d1aa04f5270a8018b8b7,invoiced,,2017-10-30 22:31:44,,,2017-11-07
523d5e9ab692bee9c8dfd7063351f696,f0d9c201d2ab5c9467693e46b2c3d40c,completed,2018-05-20 01:15:58,2018-05-20 08:17:30,2018-05-21 11:29:00,2018-05-22 16:48:44,2018-06-01
5b15d222685ac39d3110c61bff09b6e6,52b310d77f49ba824555bf81f1c93b08,delivered,,2018-07-23 17:25:34,2018-07-24 11:36:00,2018-07-31 22:41:41,2018-08-07
397a32bc626d3c1e951590a39c6f7929,61dba1fa1816dba818bf2e583ef11c34,delivered,,2017-04-14 14:21:54,2017-04-18 14:52:52,2017-04-20 14:38:26,2017-05-10
e57564c2c135df8c91da6037bd79e137,c530dfb9fa634d361f72012f8deddc76,completed,2017-02-16 09:59:08,2017-02-16 10:10:15,2017-02-17 06:24:05,2017-03-08 01:22:37,2017-03-23
fed058642b519335c834d73b851e20d0,a5363e7315ac0091e716040860cfc833,completed,2018-01-05 22:43:36,2018-01-05 22:53:29,2018-01-09 19:53:08,2018-01-22 22:43:49,2018-02-08
53aef74d5e95ede5ab3a78d696eafb6f,5616f00a12a329c0e5f949253836cc6e,delivered,,2018-07-05 16:19:08,2018-07-04 11:28:00,2018-07-12 15:24:33,2018-08-13
43bb790a56513bae53070529a38ba67a,d091a6afbe915b09703ec9ae10125434,completed,2018-05-01 14:13:27,2018-05-01 14:33:54,2018-05-04 11:54:00,2018-05-15 18:52:58,2018-05-23
7777085bae1981f347bc9a00c53f1c75,0beb758b86c7d48d1df5e50f18817226,delivered,,2018-01-18 20:36:20,2018-01-23 22:10:37,2018-01-26 22:15:31,2018-02-19
3c5d259b3ebc0be37007e40161e87808,c994d6b0515f1e1fd246d40214d32fa6,completed,2018-03-16 21:13:49,2018-03-16 21:30:35,2018-03-21 18:56:27,2018-03-28 19:36:45,2018-04-04
d0ecd96d0c6926c81ff571a7c21bfdca,264b02b4faf59b7ad0b4bd065056a804,completed,2017-06-20 13:51:17,2017-06-20 14:03:57,2017-06-27 09:08:21,2017-07-10 17:15:33,2017-07-18
5956fa21016f2b556a3959ff5aea8536,30eea11489ed0fc2155f0ffd1c7b0fad,delivered,,2018-04-15 14:15:12,2018-04-16 17:03:35,2018-04-26 16:52:48,2018-05-04
233d8268d51e023c7a65edd9cb24de49,5dcb91571a9b716bc97e0d4de1cd0d6e,completed,2018-04-24 08:40:09,2018-04-24 17:30:03,2018-04-24 23:16:49,2018-04-30 19:48:51,2018-05-17
3e049a81d7ed034671533b968ac28274,92db187ff0dc8d7522e0cc82713a1ea0,completed,2018-02-27 14:47:00,2018-02-27 14:55:34,2018-03-02 20:04:21,2018-03-07 23:47:08,2018-03-19
1d5a37ac3dadde6a732db74ecb91e107,23bef79e6945472db186f6b9f6892608,delivered,,2017-08-15 13:31:42,2017-08-16 14:04:55,2017-08-23 19:20:12,2017-09-04
9913e53a7bcc410723e7c04965f634f0,c35aa130b867773e9f4fdcf8d878cf02,completed,2018-02-06 19:44:10,2018-02-08 07:35:39,2018-02-14 22:38:30,2018-03-01 19:33:52,2018-03-06
388fb3c827cea2f9e0a3fe1efeab7935,19d47f016965370c2d298172268390e8,completed,2018-06-26 16:44:39,2018-06-26 16:58:37,2018-06-27 11:42:00,2018-07-03 17:11:43,2018-07-25
66582c0b6f09819676df894a431275fb,16547cc187e249ef13e8fea3ee0b2c08,completed,2017-04-06 16:20:30,2017-04-06 16:35:18,2017-04-07 14:42:21,2017-04-19 13:53:19,2017-05-02
6db84e80e54c938d5112dbdd6494b7f4,18f2f5c1d2fea458573243db3cf88810,completed,2018-05-08 14:09:19,2018-05-08 14:30:36,,,2018-05-18
1c82977a662054f8170766914b02e7ca,4bf0847bb4f39b38234bca0fef95c35b,completed,2017-11-01 17:18:00,2017-11-01 17:31:14,2017-11-08 20:15:10,2017-11-17 22:34:49,2017-11-30
2f7ceb78f49fb7b42a6d5a42711fba04,1eee689f04eca7cc238a23b1e581123e,completed,2017-09-11 22:20:34,2017-09-11 22:35:15,2017-09-13 21:27:37,2017-09-25 17:48:43,2017-09-29
9c9c501f71dcf81d14d006826972733a,dcaf07e3a9f02fc90047423e71eaf73f,completed,2018-06-29 11:43:13,2018-06-29 21:10:37,2018-07-06 07:58:00,2018-07-13 13:06:53,2018-08-02
403ba4b294a085191de623779e866fb6,348322e3990d211b56ab785310ffb087,delivered,,2017-08-14 14:30:27,2017-08-15 18:52:59,2017-09-01 12:43:03,2017-09-08
4dd7f2a626802cc8cd2460e18c8da8b8,bfc5d0939f558b9c4b5afa10be9558f1,completed,2017-11-24 12:10:51,2017-11-25 05:50:50,2017-11-28 18:05:48,2017-12-14 10:51:35,2017-12-14
a3d92aa9b396fd05c4b289ed01103714,f0eaebd8dc338ada2c3f24cbe0c21548,completed,2017-12-02 12:36:43,2017-12-02 12:58:34,2017-12-04 20:13:35,2017-12-17 13:38:58,2018-01-02
581ca172b817d8c5626a66b8cbfe11e7,13a7cc23cc4555df6dd0129c430644ab,completed,2018-07-24 08:58:05,2018-07-26 03:15:20,2018-08-07 17:22:00,2018-08-14 19:34:53,2018-09-03
7195bbe2eb284effff29db46278daad8,433eb4c536d8ef685a640f6db6dec7a3,completed,2017-05-16 09:50:31,2017-05-17 09:55:18,2017-05-18 15:22:41,2017-05-25 09:05:33,2017-06-13
42e0ff710ef5d9ead0c1fee8ac7d3ed8,3fba5bb67ae248c7d02c2b42b156f418,completed,2017-10-17 19:17:24,2017-10-17 19:36:16,2017-10-18 20:37:58,2017-10-24 19:53:32,2017-11-13
702120cb83c02be1babe945e685a254c,662775bffc75df0fe4455e86282eba79,completed,2017-12-20 11:59:14,2017-12-20 12:10:43,2017-12-27 21:37:49,2018-01-13 10:39:16,2018-01-19
4b8e7be134dcdd11881a5e7de6c88627,761641bbf969934835f65b3374ddd6b7,delivered,,2017-07-12 14:43:43,2017-07-27 19:22:52,2017-07-31 12:39:39,2017-08-24
8d6aacafb62c871afb4c8e5c606e2a80,e8ddc5243a1b054a9b2680d64d512e78,completed,2018-05-25 17:19:11,2018-05-25 17:38:45,2018-05-30 07:11:00,2018-06-04 17:11:30,2018-06-29
da896a5afe7d1b0ae249c2c0bccb89d3,57abc9be90fb81c1dc14e5e276a4ecac,completed,2017-11-01 21:41:42,2017-11-01 22:31:01,2017-11-09 11:35:49,2017-11-13 21:27:55,2017-11-22
12d9723638a09350ec19ea8d66073249,13d6935a154e88a19cec61280ff67217,delivered,,2017-09-01 22:25:46,2017-09-04 20:51:14,2017-09-11 19:37:55,2017-09-20
bea1ab5c0fe7913f170dd7e82e53dac4,8463eb1c27b6661566237aec63c3ede9,delivered,,2018-08-16 03:24:07,2018-08-16 14:46:00,2018-08-17 22:51:33,2018-08-27
fa75c8452656c284dd76c32a15f4b741,1844f5a128ee9d7f886d7e9ff832f96c,delivered,,2018-02-15 12:28:47,2018-02-17 00:10:33,2018-02-19 18:43:23,2018-03-01
19f9ab36cda8d833cc1ea61fa046030d,685fb109df0c1232f10d52cc1ffb93ac,completed,2017-05-25 16:09:40,2017-05-26 16:02:51,2017-05-29 09:39:57,2017-06-05 12:50:07,2017-06-19
69340678ddc4f528cc879efbebd9b4e2,a72cbd52d0d17ffd5a439d50f78386c5,completed,2018-08-19 17:01:20,2018-08-20 12:30:12,2018-08-20 13:06:00,2018-08-27 23:42:37,2018-09-20
1b378c6853f2d592f7769653207bc18f,62d50e0c4a22373c286ddb210c2e2328,completed,2018-03-27 19:36:34,2018-03-27 19:47:18,2018-03-28 23:28:40,2018-04-02 15:26:37,2018-04-18
181777e7d3379b0f81d408dfa33487f1,d30e1ada49b2fba761241d26e815e6c9,completed,2017-11-26 13:10:35,2017-11-26 13:31:07,2017-11-27 21:28:54,2017-11-30 18:32:42,2017-12-15
f1399aedb8f60ef761703ba13808e39e,64042b2284d62375ab149d343150c5d7,delivered,,2017-12-07 03:10:44,2017-12-11 11:09:25,2017-12-21 15:41:52,2018-01-10
6dca4fd46289b9234c1a6df64d1468fd,0dc788e30451d4766e5563f1686d9fc5,completed,2018-03-16 15:48:47,2018-03-16 16:09:49,2018-03-20 01:52:31,2018-03-29 22:08:26,2018-04-11
85a0c0cf54ea8b1b295945416eb5ee3e,252c595d77cc6e66adfa5d0af8dedc47,completed,2018-01-14 22:14:22,2018-01-14 22:28:51,2018-01-15 16:33:04,2018-01-16 11:59:38,2018-02-02
e4660e7b37f233aa52e958994cacaffc,07947e34de0a95c929a71019f4d48bb5,completed,2018-01-05 15:49:36,2018-01-05 16:14:23,2018-01-10 15:04:31,2018-01-24 21:07:02,2018-02-06
8e707812f80da2b0d195e6b1c1950783,6d5e11731a810448054a85036da17a25,completed,2017-08-21 21:32:06,2017-08-21 21:45:44,2017-08-23 19:16:22,2017-09-01 17:57:54,2017-09-13
579f768480c282c494d203cc27acc9ba,7613fffbcc653b261d2689ad77741789,completed,2017-12-07 23:50:01,2017-12-08 00:09:38,2017-12-08 23:27:03,2017-12-13 19:58:42,2018-01-02
92d1957925a4ee51cc53c8155c41ba02,73a2cd1d3f8cbdf473fcda863a049218,completed,2018-08-09 16:49:00,2018-08-11 04:35:15,2018-08-13 16:15:00,2018-08-18 19:34:50,2018-08-24
6b06cff56425b758a3a3c4746439859b,06c5f9cdb14fd3898e53f945a3e903e0,completed,2017-09-25 13:54:55,2017-09-25 14:06:11,2017-09-27 15:55:30,2017-10-18 13:43:17,2017-10-19
fcab6437822c11cb1be696ca48db49a3,d69f593c444ff27378b961dc4950edf2,completed,2017-07-19 21:34:39,2017-07-19 21:45:13,2017-07-24 19:42:37,2017-08-02 18:27:35,2017-08-10
4d63886c6803f7b71171fe305b93e3f1,43f6b439df8e443370c109de1a302cd0,completed,2018-08-17 15:11:12,2018-08-17 15:29:50,2018-08-20 15:01:00,2018-08-22 23:18:49,2018-08-23
a2f4f3306fea53180f55b6bb37d63647,2839c9f530c783227007d9b35e643e60,completed,2017-11-26 20:22:09,2017-11-28 03:43:30,2017-11-28 23:28:28,2017-12-21 23:07:18,2017-12-18
f7e0f7c5ef9b8b1ea79d697dd2259897,8cd4d92ecfafea827568bcc959b5816a,delivered,,2018-05-20 00:53:08,2018-05-29 07:13:00,2018-06-02 15:31:02,2018-06-07
cd7cebcffafb9a184b1aeec5b2197c3d,ec12aef9939e614d923b504beeb0443b,completed,2018-02-21 15:24:48,2018-02-21 15:35:30,2018-02-24 01:39:06,2018-03-02 18:16:47,2018-03-21
1def5208ea4cb393260ab333be753296,31ba3483559016b09049d2a84f6eef2c,delivered,,2018-06-21 11:41:23,2018-06-21 14:37:00,2018-07-30 20:06:43,2018-07-24
eadd7dba4c87a895126c2cc2f33b30aa,6e7bce8096e8751fff1bc54cf8f5dd08,completed,2017-08-16 13:10:42,2017-08-16 13:30:20,2017-08-22 15:43:21,2017-09-05 18:43:15,2017-09-26
f739e2e689094dfc943626568da074aa,2fd0d615269828403248761ae8497bb1,processing,,2017-12-10 13:30:22,,,2018-01-17
59d94d0f87dcdb43dcc6bca8a0cb2a0c,b4b3f6026dad88e08fb993834e90cff6,delivered,,2018-05-31 16:30:43,2018-06-01 14:01:00,2018-06-17 08:51:00,2018-07-16
5be6e25a039543ec0588ea864fec282f,d0336e4e5b32a3ac4319b917f5f826b8,completed,2018-07-16 15:10:56,2018-07-16 15:20:18,2018-07-17 12:46:00,2018-07-26 11:26:51,2018-07-26
35cab29a44850e454b675c0160b34a45,c7ed15337e261a758c2812b1b41261dc,delivered,,2018-07-31 15:31:39,2018-07-31 15:08:00,2018-08-02 19:58:26,2018-08-10
49f879aa078787ff9ca5e831515407b9,70ac12541e9e59f1da7a858304c02a50,completed,2017-08-25 12:10:41,2017-08-26 02:15:50,2017-08-29 16:06:22,2017-09-11 11:53:23,2017-09-21
1491421ac3483cac70a09399f5ea1556,4bb501a36223029a5d6db635eeb86de5,completed,2017-07-23 09:13:01,2017-07-24 06:43:17,2017-07-25 09:16:44,2017-08-03 21:19:53,2017-08-17
4ecdf69ae9b28aba772d5f21e8c9b1ff,d6c4a86461ae5eff6b39e75ef09ff0fc,delivered,,2018-02-03 22:49:36,2018-02-07 20:34:01,2018-02-21 00:48:43,2018-03-02
9f05fdb62980c2ae6d8ad1e15bf7ee3f,5dfe9c93ab809b674f6d8f1e0f07a840,delivered,,2018-06-16 16:18:29,2018-06-19 14:26:00,2018-06-25 23:28:45,2018-07-12
b0d7b6944026251e2bb069eeef3c647d,2716c45b429d01350503e72e20c1a88a,completed,2018-01-10 06:07:01,2018-01-10 10:31:47,2018-01-11 00:42:42,2018-01-26 11:38:51,2018-02-05
1f3c0a87c88ece858b2f766ae1952dc2,8b65ea3a6e826a860f2961630e922c41,completed,2017-05-13 15:27:06,2017-05-14 06:35:18,2017-05-16 14:09:13,2017-05-24 12:22:53,2017-06-09
0c1cc28155fd9320c6ffca57c92999a0,e1a8132a93174597bc2dde1255a39b21,completed,2018-04-17 16:37:44,2018-04-18 06:32:00,2018-04-18 20:38:21,2018-05-10 22:44:40,2018-05-17
6afa05756faa49c6485547d727669dbe,bfbe7e0ce67c4e115a45af9aa03d13f9,completed,2018-06-27 19:13:13,2018-06-28 02:15:48,2018-06-28 12:09:00,2018-07-03 03:56:29,2018-07-23
47e7c69b3f435b43a16da911cf937369,32fec68d7db000a9570c6a328eb783d7,delivered,,2018-07-17 04:31:12,2018-07-17 14:43:00,2018-07-23 20:58:26,2018-07-31
b5dc2692452c43be647a4eae573087be,b4b54ad1c41334ff91007f0ae82e8679,delivered,,2018-04-18 05:31:53,2018-04-20 23:41:44,2018-04-23 20:49:35,2018-05-07
108901afd62abfc81344668ddc554620,ed6d4349ab056f4369bb1441779b6a50,completed,2018-08-24 19:23:00,2018-08-24 19:30:17,2018-08-27 15:31:00,2018-08-30 22:42:26,2018-08-30
b28f617a18326c00271c43c29364b00a,a8a5317d28f26fcb8a7ff631c76258a3,completed,2017-03-16 19:20:56,2017-03-16 19:20:56,2017-03-24 13:38:41,2017-04-05 13:03:56,2017-05-02
969d261a3f4c639b3acdc0ba090fc039,5dcef2fba7e67510cfd99ea3851b58fb,delivered,,2017-12-08 10:33:32,2017-12-22 18:44:53,2018-01-08 18:14:00,2018-01-23
6de62f929c2967a3932bbfe43a85b0fb,8fb1b586f6b3bfa71bb81ecd969389d2,delivered,,2018-08-24 15:04:40,2018-08-27 14:39:00,2018-08-28 22:38:36,2018-08-30
75f227ab43795be91bd8357ab627bab7,2e340eef5abc1db3fa25f9c177b12112,delivered,,2017-11-25 01:31:38,2017-12-01 00:18:02,2017-12-04 22:38:51,2017-12-08
2706b6af8a8845d261e9f79645138452,cce2973176e8b8a2ee3379279bcab6fd,completed,2017-07-12 12:17:25,2017-07-14 02:15:31,2017-07-14 18:18:35,2017-07-25 10:05:40,2017-08-15
4cfd9e02ecb9bfecf560fde716675e87,285c88af7e1c25b0894b354f52f5da1f,delivered,,2018-02-20 14:15:44,2018-02-24 02:05:04,2018-03-09 22:28:29,2018-03-21
7a502e545ea55a7ff2a035abd83c6d84,95de601b667f07f36d2a485b42866900,completed,2017-03-22 10:34:48,2017-03-22 10:34:48,2017-03-29 16:06:06,2017-04-03 14:15:57,2017-04-25
5054fc69c589881f8e505d6362c8c061,e8c1bbabead38e5042fa63e2effbd721,delivered,,2018-01-23 11:38:08,2018-01-24 17:27:10,2018-01-26 20:11:42,2018-02-15
4e088ad271cf6f947e89da00655fe524,2a15eee770cf4afdee4f2e18a84ad08e,completed,2018-01-15 10:40:56,2018-01-16 03:50:09,2018-01-16 22:28:41,2018-01-24 18:47:20,2018-02-06
dafd881e3f2e32e13a60a0bad4547004,8c1c0c6b377c877fa3f5323aa147029f,delivered,,2018-07-13 15:15:11,2018-07-17 14:16:00,2018-08-07 18:41:43,2018-09-11
fa479c8466485b9cb8b97b916885cd56,496f0fd97174c54fb601fe2e6d1ec494,completed,2017-02-12 16:41:20,2017-02-14 03:50:21,2017-02-15 04:53:57,2017-02-24 11:05:27,2017-03-15
16590e9d976a66505a26c3c820d47295,a0cd4bd67fe4b4ce0a75fc0e5defebf8,completed,2018-05-14 21:13:33,2018-05-14 21:29:53,2018-05-15 22:08:00,2018-05-18 19:16:33,2018-06-01
5aeace5c1d1829eabacd16ce59404a60,9f43e8777082ae8ba57c81b4eb906882,completed,2018-04-13 14:30:07,2018-04-14 02:30:28,2018-04-17 19:12:26,2018-05-03 19:19:46,2018-05-15
86ab312ff20b032420f0320b32a37f12,d3195197238054c36312c802372c387d,delivered,,2018-06-13 09:16:13,2018-06-13 13:29:00,2018-06-21 14:26:40,2018-07-17
6d1df003234b0fe1102e0111ba280d62,eb08bcb94cc54205f3bb7cfe27f3e9a6,completed,2018-05-10 14:00:03,2018-05-11 13:55:13,2018-05-14 11:54:00,2018-05-15 18:38:47,2018-05-21
38c27dfc491d9aabf7733ae9a163f8af,12e631e6faa17d9566a8fa96e5cc3e61,completed,2018-06-12 01:22:04,2018-06-12 01:35:13,2018-06-12 15:51:00,2018-06-13 20:31:53,2018-06-21
777f09795a87e5598924d1f7090deeb1,39c74e07d34944b5be0c87dc592e9882,completed,2018-08-10 15:03:50,2018-08-10 15:15:12,2018-08-13 14:53:00,2018-08-15 20:58:35,2018-08-27
70a94c2193b6a1b10aba885c5129f5ee,252988522e60b58e19fd939fdea69f1a,completed,2018-03-06 14:04:13,2018-03-06 14:40:26,2018-03-07 21:22:34,2018-04-03 18:33:31,2018-04-03
a4e8c6ce4b3017aceed77c3e34035dca,911e8698dd74044892f615e51170f476,delivered,,2018-08-07 11:04:54,2018-08-07 15:13:00,2018-08-10 14:34:56,2018-08-28
40f22b552ee940dd1c4c37d90ff60808,3708436707d3e9281c643cfaf9b8d291,completed,2017-06-29 12:02:32,2017-06-29 12:10:21,2017-07-04 16:21:36,2017-07-05 10:49:46,2017-07-12
225e39ca6a487e0cdd5c97dfc57c92ff,577701d3d24a554e38b47d391b1c418e,delivered,,2017-12-19 17:16:19,2017-12-20 14:15:00,2017-12-22 23:23:30,2018-01-05
17f97d000b0ebd36b6dbdf154b0a3d7f,d9b20c419765754169295dc0aed6da34,completed,2018-04-01 07:56:54,2018-04-01 08:10:07,2018-04-03 18:08:28,2018-05-02 12:58:39,2018-04-26
316af200f0fadf8a73193434b9b050ed,2bbcc0db7a9e260488f29462486fe60f,completed,2018-06-28 12:41:32,2018-06-28 12:50:24,2018-06-29 17:07:00,2018-07-02 19:57:54,2018-08-09
6d3f1062aecd285e079e5cb1464cf31c,61bc132b3af53618a5fdfa29cd72103c,completed,2018-05-08 12:47:37,2018-05-08 13:09:35,2018-05-08 13:37:00,2018-05-15 19:42:20,2018-06-12
85786ed6b45d6b5897d8040879e0a899,c3871af99ea3349c2a10e07e1185dfbe,completed,2018-01-18 19:54:47,2018-01-20 09:09:21,2018-01-31 11:05:17,2018-02-20 22:08:53,2018-03-13
48c923725afb1e9fc4d686c4ffb3cf03,36b735afba701eeba82799b7d22161b2,completed,2018-08-21 17:00:16,2018-08-21 17:15:09,2018-08-22 15:10:00,2018-08-27 14:32:30,2018-09-10
75a935207305c1dd6146a8012323cad9,298e006b4f9a1e7215f43688774dab37,completed,2017-09-13 08:00:50,2017-09-13 08:24:40,2017-09-15 18:37:57,2017-09-16 15:37:51,2017-09-25
333ce3e6b37acde9e8cd3734d29381e4,b3f2017cdf8266ed977554fc72b75988,delivered,,2018-05-16 08:55:27,2018-05-16 13:44:00,2018-05-17 18:12:44,2018-05-29
a650c714762d0184be820c5e311c8d96,e07b59a7108cd76e53e18fe3748394ee,delivered,,2018-08-05 06:45:07,2018-08-09 14:26:00,2018-08-10 21:48:22,2018-08-23
02ead97e330f2220485cb34ceaf2fad9,91777bf7da6d514032a58412641e51dc,delivered,,2017-06-27 03:43:25,2017-06-28 14:39:24,2017-07-05 16:02:58,2017-07-28
3f6e9699013cd3929f5afc72ee8af297,7827353a0f6bfe72cd81adc0dc2f8a97,completed,2018-05-03 13:13:04,2018-05-04 03:52:01,2018-05-04 14:39:00,2018-05-16 20:42:31,2018-05-24
5958326b12eca1c2a2b4627dc4676a2c,63ab28373bf460b24e583ace45fd4d8a,completed,2017-03-25 16:06:48,2017-03-25 16:15:21,2017-03-29 13:05:56,2017-04-13 13:08:08,2017-04-20
595a12453a3b12e84dbfc0d248331d4c,5040fa07fe05b812b0ff00513388490f,completed,2017-05-07 17:36:52,2017-05-09 09:42:50,2017-05-10 08:33:12,2017-05-15 11:59:00,2017-05-19
4fc7e9c8c1ed5a3c716070a42e80c5eb,1b528b3e5de647776df9f0f45cd479e3,delivered,,2017-07-25 03:30:11,2017-07-26 11:07:47,2017-08-01 16:42:02,2017-08-15
b582b17e48ccf7f01a91218d7297ca17,893957a63c1144295e7b1e3f3020b8f5,delivered,,2017-08-16 15:45:19,2017-08-17 17:48:29,2017-08-29 20:27:50,2017-09-08
f9f0d1f8ad4a4325a1731807a9b8b65d,711068755ae5b4bb901951d616c849b5,delivered,,2017-11-17 22:10:29,2017-11-22 15:09:58,2017-12-01 19:15:47,2017-12-06
002f19a65a2ddd70a090297872e6d64e,7fa80efb1ef15ca4104627910c29791c,shipped,,2018-03-21 13:15:27,2018-03-22 00:13:35,,2018-04-16
dd6644d86c2b8177a9ae5f51bbf7b82a,cd7333a35d439e7d2c03da35747f0d78,completed,2018-01-11 23:04:21,2018-01-13 04:54:46,2018-01-19 22:32:34,2018-01-23 22:58:45,2018-01-30
f8d323a2702fed37f0229965f7e9f8b3,6238211c5b1c7812db24bd1aeb5fbc4e,delivered,,2017-12-09 23:30:21,2017-12-13 19:54:57,2018-01-16 20:29:15,2018-01-30
ccc6c37f50e3e60568c5a91c9574048e,715e8847bc1e6c8c0389dadbeed2aca0,delivered,,2017-08-19 09:30:13,2017-08-22 16:42:36,2017-08-28 21:03:14,2017-09-13
1f7c1b144b5b6d0a4339bd2e7ce499ac,00380c010de38d578d02117f6d0b88e7,completed,2018-02-28 11:10:46,2018-03-01 02:48:57,2018-03-01 22:39:18,2018-03-12 17:03:57,2018-03-23
7a72862f08ad9a6b9debda8e2a65d762,49269e49bdad7f64f75afaf5939326c2,delivered,,2017-03-10 19:47:34,2017-03-15 07:32:12,2017-03-29 12:57:35,2017-04-18
cd992cc5337c4438ddb8858f4cb7dc50,79e127d6aaa58c519d5282a80e43a84c,completed,2017-06-16 17:30:04,2017-06-16 17:45:11,2017-06-19 15:07:51,2017-06-27 18:23:41,2017-07-11
040a4487d2c737f11caa0eafc5ba5cf5,fd44d124e2a3efe1398e5b4919b17413,completed,2018-04-26 09:03:32,2018-04-26 09:15:11,2018-04-26 13:00:00,2018-05-03 16:58:43,2018-05-30
13f747cacb95a747110cbb87bc2c75ce,9fd88b5e868210b0e4a9fed9889ea944,completed,2017-12-13 14:31:01,2017-12-13 14:56:42,2017-12-21 20:37:05,2018-01-04 18:23:25,2018-01-16
1e2b94b476c8738fbc5aed69524f2da4,15377ad18854e02069af4900c8e4039f,delivered,,2017-08-07 13:15:20,2017-08-10 17:07:46,2017-08-24 21:33:36,2017-08-31
dcf6157fe1c8921c1cedcc687593d877,92b0ce6b186446ff52ae03a32562ef3b,completed,2017-09-08 16:33:39,2017-09-08 16:45:34,2017-09-11 22:32:59,2017-09-12 19:31:12,2017-09-20
ef45e94e3fd0e4276180fe6758662994,7e8eda4c9142e93ccc61870aa9034af9,completed,2017-04-23 22:08:43,2017-04-23 22:25:14,2017-04-26 14:20:41,2017-05-01 09:57:26,2017-05-18
15f8e1e2abf48b0c5161b2f0110ba6eb,dde23df9318a2e048149054f17aedaf3,completed,2018-07-11 09:20:53,2018-07-13 03:04:22,2018-07-18 16:23:00,2018-07-23 19:09:13,2018-08-13
3f70b0d81238eb5206e9f84ecd006bbb,617624189e867be995c3e380e4fc037c,completed,2018-08-19 23:37:29,2018-08-20 14:10:25,2018-08-21 13:48:00,2018-08-23 20:23:38,2018-08-29
2741e16d029bedd26c95382328762047,3a20ca43c1d668ed330330e1e84af91c,delivered,,2017-12-14 22:29:37,2017-12-18 17:57:10,2018-01-04 16:16:28,2018-01-18
69c49491c1300f416d32e8bedc9f8907,1223d05f13c9da072919d40915747b8d,completed,2017-10-26 10:35:27,2017-10-26 10:49:24,,,2017-11-08
cc72d62c9da97fa8f846e9403f0fe57f,1bf87f7da7bffcc76319558c3f1a2105,completed,2018-04-15 11:34:35,2018-04-15 11:50:28,2018-04-17 14:43:43,2018-04-25 13:37:49,2018-05-09
0f93f7603185d299224f49c8aa5025da,21a23da4cdf2d4dcbe72ac48117ef0c2,delivered,,2018-07-13 12:10:50,2018-07-16 13:10:00,2018-07-24 02:12:10,2018-08-08
1d0c373f68c650322d4f065497cd4494,30cf24ab088e505768389f0be27ea37f,completed,2018-03-28 03:29:58,2018-03-29 03:10:28,2018-03-29 21:48:49,2018-04-21 00:08:45,2018-04-20
2e287cee637969033ec9ab49602e61ef,bf6418c67d6b29aada7d4a9a0cfb3e09,unavailable,,2017-01-31 04:31:22,,,2017-03-10
bdb2bc3c571eb25e242b01f591816c7b,fb28f41718646324c1ff91eb6b8c724e,completed,2017-10-02 11:17:07,2017-10-02 11:28:29,2017-10-03 17:15:52,2017-10-05 23:09:44,2017-10-30
cd9fc86d944e6e7e6845deab57fdb8bc,d45fc45398590dded7c3589089e5e04c,delivered,,2018-03-29 13:30:26,2018-04-03 21:56:57,2018-04-09 22:34:37,2018-04-17
252ef1beb7783414b687c8191cb6bc02,f3e5a5817e1a67ff1a883606d5321b01,delivered,,2018-07-12 21:15:14,2018-07-18 13:36:00,2018-07-26 16:46:31,2018-08-06
7b6c4c1c9a1d498b62e1ff1eb235a153,fa9f38f5c654880d3bdc299c43aafbdc,completed,2017-05-22 11:12:38,2017-05-24 03:03:03,2017-05-26 12:09:53,2017-06-08 13:21:50,2017-06-26
6cdd625fb7db568f0f52136d0a8374a3,8b0580d9ad3e3937ab50e7b68787e1a4,delivered,,2017-09-15 02:26:31,2017-09-15 18:03:42,2017-09-22 17:58:00,2017-10-05
70a8d39e13049156f1ac16e59a18bf37,ccdaa442f76de1c4f952a31bb78bc9e6,completed,2018-01-24 18:00:16,2018-01-24 18:13:02,2018-01-29 20:04:32,2018-02-21 20:13:22,2018-02-19
7a6cee8d80a2a71e4c1dd74b0dfadb3c,5a68300abb6a13d47c405b415e3c0971,completed,2018-07-23 11:11:05,2018-07-23 13:40:25,2018-07-24 13:34:00,2018-07-25 17:26:37,2018-07-31
3d237fd98f6bc4d3fd3a0eadda50b2a6,ac991e5e333b60f5ade4f3b2f7222f3a,delivered,,2018-02-21 11:56:51,2018-03-01 20:49:03,2018-03-22 19:13:00,2018-03-16
68b52a722cedcc13598a7fedcbe5a784,84bb5bd833c86c94c1d9b7e1e6f0f6cb,delivered,,2018-06-21 22:38:26,2018-06-22 13:26:00,2018-07-03 17:08:34,2018-07-04
e73a10858b70339917af3b108236c820,a89d0a244eb36392521d02b1d5e173fc,completed,2018-04-04 18:31:09,2018-04-05 18:27:45,2018-04-07 01:22:08,2018-04-24 13:59:32,2018-04-26
b37ae92c72d3335c241ea5be05dbc077,6e66d0911bc117a0afc6313ee9a0abe1,completed,2018-01-11 20:36:02,2018-01-11 20:47:55,2018-01-12 20:59:58,2018-02-07 18:48:59,2018-02-02
6f6c5cbdcafc5ad54df95e75d0ce07fc,873fd3c8bfbe62572aea596a361c0849,completed,2018-08-13 13:35:58,2018-08-13 13:50:18,2018-08-14 13:47:00,2018-08-21 16:37:43,2018-09-10
43bc3119f6a029c0b7293bf06ac67f38,298564bc3ac497761719cecc3005a35f,delivered,,2018-01-02 21:32:47,2018-01-03 18:03:42,2018-01-15 16:14:04,2018-02-02
a8f412e6559ed350a64d8b9f2ecbcc84,6747dabc507b18f4a1300777643744d7,completed,2018-02-19 21:09:50,2018-02-20 21:08:30,2018-02-21 21:23:03,2018-03-05 23:29:59,2018-03-15
6061ccaeb9b3f4fd4b9a3eb220d1a3aa,47906d6921c01d43565d5756204d2d4b,completed,2017-08-15 07:22:10,2017-08-15 07:35:13,2017-08-17 20:07:45,2017-08-24 16:46:17,2017-09-06
db88b6343641816263ce1df8c1ad1b2a,bfc3b18138f9f8875f3cb6d9f8202ed0,delivered,,2017-10-12 02:19:35,2017-10-16 22:23:58,2017-10-20 18:18:01,2017-10-30
f2a46475bee862205dc161014bfce25d,d1d5dcf45fa56a44cb0fbf2d99ba6418,delivered,,2018-01-16 03:35:35,2018-01-16 20:14:52,2018-01-23 18:13:11,2018-02-07
1dd62cec8f15d977f5662ee87d9aae02,22797d6f64e1be43a8c1d0ba31221c7e,completed,2017-05-04 23:00:33,2017-05-06 09:22:13,2017-05-10 09:33:15,2017-05-16 06:07:05,2017-06-07
4ca7011605c977cd69c1e1706625e98b,120e344115fc96baed2f4250646e8072,completed,2018-03-26 15:27:43,2018-03-27 03:48:19,2018-03-29 21:23:39,2018-04-03 21:26:28,2018-04-09
ba0a3547cd2efb300852cd0ce3241296,67a860399b30091c0fc2c0287d5a0dec,delivered,,2017-03-16 14:11:59,2017-03-20 13:05:03,2017-03-28 12:58:09,2017-04-13
5f2f2e0cfc4ea452b16a78eee2ccbc89,427de05ce0608c08a25593eb6e083123,delivered,,2018-04-03 05:50:30,2018-04-03 23:19:35,2018-04-07 16:08:42,2018-04-23
90d5620d5953ab91dee8d433291dd274,c89efa354fe04de70beef217caee4cf8,completed,2018-03-12 21:27:49,2018-03-12 21:48:13,2018-03-15 22:08:25,2018-04-11 21:18:28,2018-04-05
512e1bc04cba5e60dd9771fd860c6dd0,8df603ac3530342b1e7e0a21b93f2334,completed,2017-12-04 17:10:05,2017-12-04 18:30:42,2017-12-06 15:54:56,2017-12-26 17:48:59,2017-12-27
e1f72316055b5f5da7834780f994d6c7,85e495405c453c08537f1eaf6aa7fa5d,completed,,2017-11-24 03:11:53,2017-11-24 16:04:49,2017-11-30 01:18:56,2017-12-04
fef549363384f9b965c942a7eaf0e6a9,7fdb539d21e1296b6afbc8c4e06f9bfb,completed,2017-07-06 17:49:33,2017-07-06 18:03:26,2017-07-07 12:04:44,2017-07-19 18:47:38,2017-07-28
b1980aff89e38cf1fd536ab4c04c7c68,9eee33666a68d14a3cfc3d3da1a876dd,shipped,,2017-12-04 18:30:28,2017-12-05 18:23:02,,2018-01-03
7161526d3bb1d4a156f47e01877217fd,d34082ae3c70367c05565ffc12f3ca33,completed,2018-05-02 22:06:11,2018-05-02 22:35:01,2018-05-08 08:27:00,2018-05-15 20:32:51,2018-06-14
057e8245e6408a7f5db33b517c481617,a4712004cd61cd9a1645946cadccfbb1,completed,2018-03-04 18:57:57,2018-03-04 19:15:33,2018-03-06 00:06:29,2018-03-12 17:58:48,2018-03-21
d7b2d3b902441cf3dd12cd125533217d,217344c7c334e16c8e76551b4b240c1d,completed,2017-10-31 11:27:06,2017-10-31 11:47:06,2017-11-03 15:27:12,2017-11-13 20:36:58,2017-11-23
249ce1b12f07122e85a8a56336368477,544adf4b007f958dd9ca0e81f665c50a,completed,2018-08-04 08:50:46,2018-08-04 09:05:11,2018-08-08 12:58:00,2018-08-16 21:08:46,2018-09-04
503835e65064755671a55973619b9eb7,4845235707703796b625f9c7b967d6dd,completed,2017-11-01 14:14:38,2017-11-01 14:31:33,2017-11-03 14:24:59,2017-11-08 22:51:23,2017-11-22
5d6e04a5abfffe286806a9e6b296eb1b,f259bb43b57b88a848f21b728530e5dc,delivered,,2018-07-23 17:25:16,2018-07-25 11:07:00,2018-07-26 16:58:37,2018-07-31
b2e76fc95ba46f2ef1720e13cd28b072,fc93a33a8d33483b8d7745c94094d37a,completed,2018-07-26 13:42:18,2018-07-26 13:55:11,2018-07-27 14:15:00,2018-08-02 21:56:35,2018-09-04
3d5933b6831db103a3276bfa83774678,cb5653ebc289d5a4ae4528f1ba514d7a,completed,2018-02-01 09:49:16,2018-02-01 10:11:09,2018-02-03 03:42:53,2018-02-16 17:27:48,2018-03-07
d5497a8b063146d31f3c833a515da510,b1bd4c27aa8ee103718bc25d8a1ec241,completed,2018-03-22 15:28:24,2018-03-22 16:10:24,2018-03-23 21:16:50,2018-03-26 12:24:37,2018-04-04
3d5c1837eaa26ca8ccb6eb3eb6a6ee6b,e3248fdb7c904b55c92cb55d87ba264a,completed,2017-11-23 01:32:43,2017-11-23 01:47:57,2017-11-27 20:09:03,2017-12-18 17:15:53,2017-12-13
29380cfab5f9f5f233e2c71e16cadc68,a1774d98db8380cc69ef842c759be95f,completed,2018-05-09 16:55:09,2018-05-09 17:15:15,,,2018-05-28
a6f6c02b8388fc133223c9d12095c3c3,82667734cb3f83fa00ab4436e3a7a8e3,completed,2017-06-11 16:02:29,2017-06-11 16:40:06,2017-06-12 15:44:59,2017-06-21 15:47:46,2017-07-07
a72a09d3c6862bd7535300edd0e6a932,14f9483490b8850a399998a0d4bbcff9,completed,2017-02-21 13:30:34,2017-02-21 14:02:23,2017-02-22 13:26:06,2017-03-04 11:57:38,2017-04-05
1ba8d0116eff4ce64f79e9094f241f6b,20442b054a06b68bb23acd5fc74014bd,delivered,,2017-11-25 11:51:44,2017-11-29 23:47:12,2017-12-23 17:52:13,2017-12-15
9c8a5a65a01f4a42ddd7fe53ee525568,f6776493ae32276dfb0c49984b8cba5b,completed,2018-05-26 23:30:04,2018-05-26 23:49:50,2018-05-29 13:14:00,2018-06-01 14:05:01,2018-07-18
cbd5da59166957ccd5a0c52607f2e98d,10567872c1e2e0ba7172faf0a144c21d,completed,2017-08-07 01:12:28,2017-08-07 01:25:07,2017-08-08 18:04:34,2017-08-09 15:55:46,2017-08-18
09d91c794f1841e2af74d07d08518980,2798cda6f228cfd59d3676f7d9cdb1af,completed,2017-08-02 22:29:10,2017-08-02 22:45:10,2017-08-03 18:57:27,2017-08-07 22:49:45,2017-08-15
1be551169c2eb8275a521eafcff31546,64883dcf4b2d70d149b791d919c55ffc,completed,2018-01-15 10:29:50,2018-01-15 10:38:34,2018-01-17 13:09:31,2018-01-24 12:18:46,2018-02-05
621de62735eae3ffa4affa5e73d860db,422290a11dc46ec8ca6fb7e6bd45dd1b,delivered,,2018-03-02 18:09:31,2018-03-06 19:53:14,2018-04-03 21:12:26,2018-03-23
3249acacf413f55e488c452cf8b84651,6fffa27cfddc888045cce01bcc62e2dc,completed,2018-05-07 17:08:23,2018-05-07 18:09:59,2018-05-08 14:06:00,2018-05-18 13:31:51,2018-06-06
f03c75c7842d1d7b641dcfa746784c85,a61ec25897f924b9f7b038b8bd2bf8d8,completed,2018-02-18 12:03:25,2018-02-18 12:10:25,2018-02-22 03:44:33,2018-02-28 20:06:27,2018-03-13
5b9a1d812c91401093d659b221e17971,62b6a3539d0a995555f9b4a446dbbd4e,delivered,,2018-04-17 09:32:00,2018-04-17 18:48:41,2018-04-20 19:51:18,2018-05-10
431dd865c6ed0d491389a51b12842df5,2f0110b33a975d9e2d4e2ce26ef0bf60,completed,2018-01-17 09:52:38,2018-01-19 02:37:21,2018-01-19 22:28:43,2018-01-23 01:09:06,2018-02-01
62f4f5e7e824ac2fd8df825f4492ab5b,ae6fc90df76bb079ff2b78eb41e737ec,delivered,,2017-03-28 03:51:16,2017-03-29 15:36:20,2017-04-09 07:05:53,2017-04-13
fd16cef57164811712478da2f5bf81a3,bfb9558ab5dbb375ff3248a7adebbda6,completed,2018-01-28 19:53:16,2018-01-28 20:10:55,2018-01-29 19:16:57,2018-01-31 23:40:44,2018-02-14
d28fbd94b527be0512683c3e03aa37eb,a34c9e9b8b2b69de4c2df91f5f1a273c,completed,2018-05-20 12:11:09,2018-05-20 12:30:32,2018-05-21 15:40:00,2018-06-06 13:14:34,2018-06-05
ed630eb34ac30f8b3ddcc2c1fa0817b6,e2ce3791b4dacb29ca34be78e5d175e8,completed,2017-10-11 01:46:04,2017-10-12 02:47:06,2017-10-13 17:08:08,2017-10-19 13:32:32,2017-10-30
72057e22b4e99820f18ad51861441403,ffc5e5000221495c2cbb2b099aaec969,completed,2018-05-04 10:20:52,2018-05-04 10:35:22,2018-05-09 15:48:00,2018-05-14 17:11:20,2018-05-30
725bc6e0462790b11f170e3729723857,765c00b61706e22bee156446e592a050,completed,2018-08-22 12:32:55,2018-08-22 12:44:30,2018-08-22 14:01:00,2018-08-24 17:03:55,2018-08-29
b36d2e6b1781d380e140608a4e831277,56ffad14ea1b4d2661e975f95f50f89b,completed,2018-08-09 19:17:50,2018-08-09 19:30:11,2018-08-10 12:34:00,2018-08-22 18:04:27,2018-10-04
639a1c4782f8e67202d43d0e4b72e721,bf4f764d039ad2c41e7f94962cfc022e,completed,2018-06-26 11:01:47,2018-06-26 11:18:21,2018-06-26 15:13:00,2018-06-28 18:24:59,2018-07-16
d7f0f03f8aff02c307964f1ecb044a5f,1d2830eca44109fe01eb92696f99baf9,completed,2018-08-05 13:31:47,2018-08-07 04:24:43,2018-08-10 08:21:00,2018-08-13 16:48:47,2018-08-09
6bac466acd309707eec8a7db441a4e57,cec95d0ac6407b8ee8f5a56c45dfcfec,completed,2017-11-27 20:21:56,2017-11-27 20:39:12,2017-12-01 19:32:56,2017-12-14 23:04:45,2018-01-02
8fac65a1f16b2cad7dc493842c75a310,eb051f57608807c376e494d2ea16beac,completed,2017-08-11 09:11:52,2017-08-11 09:24:09,2017-08-11 18:20:03,2017-08-23 20:25:56,2017-09-04
47a60b8da8b1f9287e940ef3d33473c0,c8564f088dc3ca12afd07f1515fc5386,completed,2018-03-17 00:48:51,2018-03-17 01:08:37,2018-03-20 01:48:46,2018-04-11 01:16:46,2018-04-09
5f584984f781a737f7a40522e1e8db52,28b4954efb44438d6b8eddc52ed8c341,delivered,,2018-08-08 03:30:26,2018-08-08 15:05:00,2018-08-13 17:47:49,2018-08-22
80039f1a61066974579290461478b384,d65d6873916a1dd38d8527ea4d90abb1,completed,2017-12-15 17:06:06,2017-12-19 09:51:48,2017-12-20 21:52:38,2018-01-04 23:27:55,2018-01-16
fa80f0d51be5bc219ebc8193038c17b2,8bb898daa7332ba25d9d94d45c90a790,completed,2018-05-06 13:15:08,2018-05-08 19:55:38,2018-05-09 14:25:00,2018-05-14 19:16:41,2018-05-29
146479aaf9d2856e1d613691b0d0b049,ec3475a898bf9dbb028af20960470d74,delivered,,2018-01-20 20:20:18,2018-01-22 15:24:10,2018-02-02 04:56:36,2018-02-16
e5553d5b13eca7d505eef090ff6e7bfc,105788b61e5c818bb354138f728cc37c,completed,2017-10-22 17:34:54,2017-10-25 11:28:22,2017-10-26 20:40:17,2017-10-27 17:27:53,2017-11-03
2db4621a93302d25385a676c6d426954,c43d5d2a7d4df58b70792e618cdf7628,delivered,,2018-03-23 21:15:32,2018-03-28 10:46:48,2018-04-03 04:08:35,2018-04-11
fe8416ab3217441a2a940294f7b23195,6363611fe69f5c58f4fc4641c4dc673f,delivered,,2018-01-12 11:57:40,2018-01-12 23:52:56,2018-01-19 15:41:12,2018-02-07
c46141b3d5535e4ecaca9ddaf90ba7a7,dac2ba4d4844ffb03b2c8e4880a8405f,delivered,,2018-05-08 22:35:18,2018-05-10 19:05:00,2018-05-11 22:37:04,2018-05-16
bbfaea06953d72e48fcf89341d352638,b0713d4f88135846159cadd9c821aa7c,completed,2018-01-20 20:57:47,2018-01-22 14:26:06,2018-01-25 23:42:16,2018-03-07 20:57:01,2018-02-15
d2caf57c35ba2c5bea24ab9b08aba4f7,bc69b9f9b96bfaa21e02b229c1479ea3,delivered,,2017-11-07 07:30:50,2017-11-07 20:31:42,2017-11-10 17:48:47,2017-12-06
8c759a2fd3a1de7793ba07dcd96abe4e,d3a8cc265821db8dcbc9fc1c6cc30ca2,completed,2017-07-28 12:10:15,2017-07-28 12:23:23,2017-07-31 18:03:06,2017-08-10 18:03:20,2017-08-23
55c27ec4136ec6d13577c7fb34c62b68,5040cce1f64706863160f0a3b757a894,completed,2017-11-20 11:46:40,2017-11-20 12:07:40,2017-11-21 22:11:12,2017-12-04 21:42:06,2017-12-21
f551ed5f4c40a33b4922f6d2bd276941,657ba09c6edfbbc09f6054f541ec1f90,delivered,,2017-08-23 16:28:57,2017-08-24 14:46:50,2017-09-11 20:13:33,2017-09-19
d2be0399eb882f833d37fa1c7877c75b,fd2bec2bd1aef2211791e285c3a72ad9,completed,2017-12-22 21:10:42,2017-12-22 21:30:35,2017-12-27 17:40:13,2018-01-13 06:27:13,2018-01-31
23169ab372b70385fcc9668d29aad84a,c46769e0da8615cdd59fe67f853ebd85,completed,2017-03-28 15:57:03,2017-03-28 17:50:10,2017-03-29 15:17:23,2017-04-12 07:29:43,2017-04-19
d11a0846ff37738d645b1f4f2537e527,1d2c128be5032238def9ffba1fc3076a,completed,2018-05-09 12:01:16,2018-05-10 12:15:46,2018-05-14 13:53:00,2018-05-24 13:08:31,2018-06-04
4d6d5d4ddbda3bae532db626873c671b,4fd357de57be7921008c8d42b488dad4,completed,2018-08-07 23:08:38,2018-08-07 23:25:17,2018-08-09 15:03:00,2018-08-14 19:38:52,2018-08-16
a827a4bb4b7d1623fb232641e491bf02,0c6d158c02fecb2c22f93b1edb42846b,delivered,,2017-03-19 23:46:28,2017-03-21 18:15:28,2017-03-28 08:09:36,2017-04-12
5941b42f2dc4d2cc309e407935b37c6f,0a89df41655531430f9e363fe3a6af11,completed,2017-11-17 19:44:33,2017-11-17 21:10:38,2017-11-18 14:22:12,2017-11-25 16:59:14,2017-12-11
fb9a9bc9654c16364f348fb2309b1214,23e96758fd640560e9b1fbcda90abfc4,delivered,,2018-04-02 09:09:07,2018-04-11 22:08:39,2018-04-20 21:42:29,2018-04-19
7845e49f64d173299fe152ac8d956456,7780881f54fda05f735a17bf8c121bfa,completed,2017-11-29 15:49:00,2017-12-01 11:31:32,2017-12-01 22:25:52,2017-12-11 23:05:29,2017-12-28
745820b54841cf6d8bede07c1be6622d,7094418d3ab9adbb383e8b760756ba1d,completed,2017-12-14 18:23:32,2017-12-14 18:32:22,2017-12-18 17:37:15,2017-12-27 21:03:09,2018-01-09
0cbc979bd11d1ef1cc7c050a0442c715,926706c05a2213d48d83de6615700d8a,completed,2017-08-06 22:03:45,2017-08-06 23:03:12,2017-08-07 18:31:53,2017-09-19 14:27:37,2017-09-04
ff8badd36cb2b5635a007309d3963a88,01ab41094bdf6a489a201d86c7578f3f,completed,2018-03-18 21:22:04,2018-03-18 21:35:34,2018-03-20 18:13:35,2018-03-31 13:03:35,2018-04-13
e6672c091e9d18df1e70a72b3edcf422,56e1af6ec8f1582c79dc055d5e079d90,completed,2017-08-12 00:33:41,2017-08-12 00:45:14,2017-08-15 16:12:30,2017-08-23 21:28:55,2017-09-08
0fb9645c128ac84788798f0129496ca7,80a4c819314e5ff01e66ba8780857b4e,completed,2018-08-21 10:15:51,,,,2018-09-04
507a6db9c4fdc782cddab2d468782a97,4d7ad941ed874cea85682ddb323bd5f6,completed,2018-06-05 18:48:27,2018-06-05 19:13:46,2018-06-06 12:49:00,2018-08-01 00:44:33,2018-07-13
d74c7ba612504db83fd0437803bc9b49,e22df40704bd9e5477ebd8f2194ff037,delivered,,2017-07-25 11:05:08,2017-07-26 11:28:02,2017-07-28 19:12:20,2017-08-14
0b87d8d6c28694778a03498aefa389c9,c785736d6fb1a0a904195d7f5b709f12,delivered,,2017-04-28 11:47:00,2017-05-02 16:27:19,2017-06-02 10:13:54,2017-06-01
d06d2fe1972261b71b6523b3e17be1bf,04a5bae61b84725c89e46444879d1f68,completed,2018-02-08 20:35:39,2018-02-08 20:49:01,2018-02-09 20:57:53,2018-02-19 20:22:16,2018-03-06
a38c072854d468d2cb7dd3aefde599c5,00c82b169fb6a103c5274dc731295a98,completed,2018-04-20 13:04:09,2018-04-24 19:10:33,2018-04-25 12:43:00,2018-04-26 18:57:15,2018-05-04
fcef6b2702ddfbf4e13823c52d95627b,a904dc26e7794ac3fb871bc49195d70d,completed,2018-06-05 20:04:09,2018-06-05 20:15:19,2018-06-13 15:08:00,2018-06-20 00:33:05,2018-07-16
2297a47ed15e99116ac68cdb390cd700,65f66bced8bf7a1879abfeef1efd54e7,delivered,,2018-04-04 19:35:19,2018-04-05 21:56:47,2018-04-20 22:22:14,2018-05-02
82bc67125dc0c2f0f348a1ec55ade2d8,3bd4f41537ca88b0dafb14f5760a5f29,completed,2017-08-08 14:44:04,2017-08-10 03:25:49,2017-08-11 16:01:21,2017-08-18 17:23:13,2017-09-01
dfca157c259bcbad0d55ee3af5df9fa6,de0868e2866ed609cf852c4eb0678613,completed,2017-08-19 12:11:04,2017-08-19 12:25:11,2017-08-24 21:04:18,2017-09-02 14:35:12,2017-09-22
041e2854aac3d7cc5af940995ac6be0b,520352d4097142d3c9aae9b7eead7fd7,delivered,,2018-04-26 21:50:19,2018-04-30 16:40:00,2018-05-14 14:13:43,2018-06-11
9da95e5b2fd14284851567baca5a43f5,d2841a2495705792a3a658ae4e3e1b79,delivered,,2018-03-29 20:35:26,2018-04-04 03:28:35,2018-04-13 22:12:05,2018-04-19
1f6ef8d84ea50c073459dc2a75f446d0,98b5548b027bd06219831627376d7bb6,completed,2018-01-09 11:09:53,2018-01-10 10:32:17,2018-01-11 00:46:31,2018-01-12 20:11:49,2018-01-26
a129a0b8785b916a293d2203d87b4da8,e318aae84d74bbb35b9ced753d254847,completed,2017-12-15 22:09:50,2017-12-15 22:18:32,2017-12-18 16:22:40,2017-12-26 16:22:19,2018-01-16
72de821f9fedd9cc09a60fcbc06e698b,a9773f35a574883b3b39609c9390962a,completed,2017-08-23 23:14:12,2017-08-24 01:45:35,2017-08-24 18:39:07,2017-08-26 16:57:33,2017-09-19
60671dbc6a3437884fe12844687b2049,8e79a7fcab919d35511f0c0fa5de5097,completed,2017-08-14 12:22:14,2017-08-14 13:05:16,2017-08-15 19:26:45,2017-08-30 17:07:13,2017-09-14
a01cc79e3afbac4a52ce1d528080e438,f71daf549aff62ad50e839ea1086d9a1,delivered,,2017-01-12 02:45:44,2017-01-16 09:53:31,2017-01-18 11:56:05,2017-02-07
81d7555ffbde7261c34dca2bc0c03a06,14ad561f083cd19492c62dbc08a85c35,delivered,,2017-11-20 12:07:32,2017-11-21 20:12:27,2017-11-27 17:43:24,2017-12-12
ced9d48cd170ccf0a762bf379b4723fc,e17005589b4ea116d5d37e99073c8f91,completed,2018-04-20 15:52:59,2018-04-24 18:40:04,2018-04-23 23:12:34,2018-04-24 15:24:38,2018-05-10
b72a8ad380aaa28c3f4b75f754d26def,41fb9838de2f4b8adf9559010af158f3,completed,2017-09-24 14:59:52,2017-09-24 15:15:09,2017-09-26 17:52:34,2017-09-28 17:11:48,2017-10-17
a88f591ce78a76e91c1a9f91eca4fe24,be98f3be949f955c594fb2854597f133,completed,2018-04-13 16:15:46,2018-04-13 16:32:49,2018-04-19 11:38:37,2018-04-26 10:27:22,2018-05-07
ab5f199b8bdeb7e529bd36b79766cdc6,c4d9cce6be1cdccf5d4b0378b7420405,delivered,,2017-09-26 06:34:36,2017-09-28 14:36:01,2017-09-29 19:44:45,2017-10-11
1508d47584249ae1045eb47cf1653ded,b0aaac25cac80dcf398faeb698c0dd27,completed,2017-10-19 13:52:01,2017-10-19 14:07:38,2017-10-19 20:25:31,2017-10-25 21:47:27,2017-11-07
ed2f80d07bcb176e6097b0a730d3d53d,672e306aed8cffc8a34f999f6b3cac52,completed,2017-04-25 13:17:36,2017-04-27 13:10:31,2017-05-03 11:52:10,,2017-05-25
198b900399661ad01ee9e47c4c0cc7d3,0995a25fbc15194295442e91c730ea6d,completed,2017-04-20 14:41:52,2017-04-21 05:10:26,2017-04-24 12:52:59,2017-05-03 12:24:36,2017-05-19
ab6a6b7a25c62e6f6c332f359ac4764f,98c3ecb51a496e47dc7cf7fcf7c19b96,completed,2017-07-07 13:40:04,2017-07-08 03:25:11,2017-07-14 19:28:01,2017-07-18 19:27:59,2017-07-20
7a3db786a9251bc1603dea2c4970e448,d022bd4e48a3db0ddca17f5204dff2a1,delivered,,2017-11-26 10:35:23,2017-12-01 18:41:55,2017-12-26 22:22:26,2017-12-22
583c73394048a3ce0e1c455904dbaa4c,37e91a62224d2e070cc2cfe7f2f46841,delivered,,2018-06-12 04:17:34,2018-06-14 12:25:00,2018-06-19 11:58:26,2018-07-11
3fde112fae2a4b90630f8832455a5dc7,e6e54024af4e4f215a7db511f03f4701,completed,2018-07-18 14:22:42,2018-07-19 04:35:19,2018-07-20 16:43:00,2018-07-26 21:14:04,2018-08-01
1448f96a9dd749b9b2e69f4b8602912c,23301bca57eda7af3e47546760d9e869,completed,2017-09-06 19:49:30,2017-09-06 20:04:12,2017-09-08 20:42:18,2017-09-09 12:08:50,2017-09-20
f4b7ccd15f831ff995d4f307b0dc0f0b,223a807962e222b758aeee5610103f47,completed,2017-08-29 22:38:40,2017-08-29 22:50:12,2017-08-31 19:41:59,2017-09-05 18:52:41,2017-09-15
0d4381c5179436609adcf581b55639e5,99d058afb52d7ad1474103d28382bc83,completed,2017-10-07 15:52:19,2017-10-07 16:04:58,2017-10-19 19:06:21,2017-10-20 19:03:23,2017-11-06
c03c0621cf2e7845908985db3355f9e0,6582b23efa7ebcb533c64649530bbe60,delivered,,2018-02-13 14:35:28,2018-02-14 22:48:50,2018-02-28 19:48:46,2018-03-16
396af24f9fbfbbb946c61236fa1cf895,a8dddbb164f3848ad6a58dace214ed7b,completed,2018-07-22 17:27:47,2018-07-23 12:31:38,2018-07-23 11:17:00,2018-07-26 17:37:50,2018-08-09
a73d909b08c8058d8c1f42cdb2ada6ae,f6cedb4b0b06be93d4ab83c19536bcc9,completed,2018-05-26 12:12:15,2018-05-26 12:30:16,2018-05-28 15:00:00,2018-06-01 15:42:10,2018-06-20
098dd2a0dabd8878380b344370974efa,971c2e479ef8a3a4a70418a4e6100228,completed,2017-03-14 22:06:27,2017-03-14 22:06:27,2017-03-16 11:39:33,2017-03-22 06:34:07,2017-04-17
f099d41ba0914d00926083362cea3299,a347c596e222350d5262e7e3c9ca8deb,completed,2018-06-06 10:36:53,2018-06-06 10:54:58,2018-06-06 13:06:00,2018-06-12 21:07:12,2018-07-17
816fe8936e5c28c98b057320b5725fbb,52dd8a28ee8b6900288c481efddd3008,completed,2017-07-25 16:24:03,2017-07-25 16:35:23,2017-07-28 14:49:58,2017-08-09 21:15:07,2017-08-18
27dbd42aa8b64d7a5b2439f14b649189,7431cbed33df1a0c6ced34eff1b18568,completed,2017-08-29 19:33:28,2017-08-31 04:31:54,2017-09-01 16:10:15,2017-09-04 21:05:40,2017-10-02
4ce5e2d15628c2277ca6ed81ee60f9de,fa8edf721f4091b4851977b761d62c1e,completed,,2017-07-10 00:30:12,,,2017-08-03
499f4d2d2bf250a1bb18ca1feab13262,f3752fccfb8cc4e9383c875b00bff397,completed,2017-11-23 17:58:39,2017-11-25 05:56:49,2017-11-29 18:48:10,2017-12-11 16:07:50,2017-12-13
544b4461f9238642f3577670a6866ed2,f8a3ef8f53a537e47452dcd1c02711e1,completed,2018-06-07 09:30:05,2018-06-08 02:56:21,2018-06-08 14:38:00,2018-06-10 17:08:47,2018-07-04
48d892b7a89ca7f4d0b1dd13d3d053fc,348e44e7f2f2ca4cccd7c1c0ecec9d1a,completed,2017-09-14 06:28:24,2017-09-14 06:45:16,2017-09-15 20:10:03,2017-10-05 09:43:56,2017-10-17
4605d0821fe434dafe3776fd89aab59b,709dfcf24ff2e0d89178a5fd58c78cfd,completed,2018-01-31 09:46:25,2018-01-31 14:10:56,2018-02-02 00:35:37,2018-03-20 20:16:26,2018-03-05
e5f19a5270a65dd6e5deb65c0b16d719,16c2cb120f6b87ce8ef7dc4b877a004e,completed,2018-03-03 15:11:27,2018-03-03 15:29:13,2018-03-08 17:05:27,2018-04-05 17:52:22,2018-04-04
d946899ce911ebb570750e694994f812,1ad28b7f105b6cbf4d6741d2e1d5c04e,completed,2018-07-03 12:03:55,2018-07-05 16:32:57,2018-07-13 13:53:00,2018-07-21 19:52:18,2018-07-30
9e958a07e455c09fd69aa32c2a4b2d4c,6d1476335098224a9d1807ba96a1eb2c,delivered,,2017-10-10 20:49:50,2017-10-20 22:12:59,2017-10-28 15:45:54,2017-11-07
8e1c48bbab58c6a5c96e535f7c294eb5,ab1402a7d01aadf42407ba95d0ca0e62,completed,2018-03-11 16:23:36,2018-03-11 16:35:23,2018-03-14 18:28:54,2018-04-03 13:47:03,2018-03-28
52191b9f4d5c244d1bfe01a95f346331,5f5291cb7cffb794706cb8d245fb591d,completed,2018-04-13 18:58:34,2018-04-17 05:50:27,2018-04-17 21:40:53,2018-04-25 22:07:23,2018-05-15
2f128eca153029f4e0e1790642de2480,edc3af71b8cc7f247a283f13a9427551,completed,2018-06-18 17:01:25,2018-06-18 17:20:55,2018-06-19 15:25:00,2018-06-21 21:41:44,2018-07-13
d9024d0948b3358a22cdce1e33c9e39f,1f2f203def91d63a0e023c6539312900,completed,2018-01-20 17:37:33,2018-01-20 17:50:13,2018-01-25 17:12:28,2018-01-30 15:26:45,2018-02-19
934d3985d22709473850e6e644a19fea,04c5ce6a399abdcceb5f253e4b090516,delivered,,2018-01-08 21:48:23,2018-01-10 19:19:47,2018-01-26 21:41:40,2018-02-09
c024c03c4a963e554041ee4a7a2add43,c0c2c34ae470c7da16a4e15b8de196ed,delivered,,2017-07-31 19:10:11,2017-08-04 19:02:35,2017-08-13 13:23:37,2017-09-01
dffc2ca357a1292fde6d4e71ece7178a,9001eac01a911e14fe647bd57e72a56b,completed,2018-08-08 08:45:28,2018-08-08 11:45:12,2018-08-13 11:57:00,2018-08-14 19:23:43,2018-08-14
84f90621af2bddd49ddcccdf6b0b698b,d2f554b84dc5b24c280639d59ecb9922,completed,,2017-12-19 15:54:36,2017-12-20 16:58:38,2018-01-04 21:23:43,2018-01-12
484483a07b85d580e8b09289de0bc02c,897e0b837246d8078a4812f68e52e6d6,completed,2018-03-02 13:34:44,2018-03-02 13:55:18,2018-03-07 19:18:58,2018-04-21 19:12:07,2018-04-04
c3b39606c48fa29506dbe170a4f54562,7ca97a8f748763692686642e9b617ff7,completed,2018-08-14 18:08:59,2018-08-14 18:45:45,2018-08-16 11:32:00,2018-08-28 23:34:41,2018-09-03
6ba06eb3610c318076f9f5c01afb34ef,2955d4a793cada2b9982e378e9e72f84,delivered,,2017-10-27 13:48:15,2017-10-30 23:03:38,2017-11-07 00:36:41,2017-11-10
069448c08929653f9280f77f9d746ee1,7e2408312a141732fa53a2b6e7dd81d1,delivered,,2018-06-29 16:51:31,2018-07-04 14:50:00,2018-07-06 16:58:35,2018-07-24
e01da7de6a8e16f140e7ffae14973d16,c63e665aabad5f5dbd0baab40c326fda,completed,2018-03-09 15:38:43,2018-03-09 16:49:54,2018-03-12 23:14:47,2018-03-17 17:28:45,2018-04-05
a6c173f716aac4c915299b74fb4e0b10,002f90a6eb386bc43bc9ba200db31a89,delivered,,2017-06-16 00:55:21,2017-06-16 13:49:35,2017-06-23 12:57:41,2017-07-12
195aef69980a745473d3fa7be3523f58,418d6e2ac79a4d0c97a9bf1eade596ef,delivered,,2017-09-28 11:44:47,2017-09-29 18:22:48,2017-10-06 14:09:57,2017-10-20
7d62060b2af9760b95067c966fc5e6c6,7353032e77979ae7197285198b59d196,completed,2018-06-13 11:34:22,2018-06-14 04:15:09,2018-06-14 11:52:00,2018-06-19 13:14:39,2018-07-05
e776b74b3a3d027e47ecd39ea6a1d737,8a9e5e2eddfde9d630fed631e77effe7,completed,2018-05-09 13:10:20,2018-05-09 13:34:48,2018-05-10 11:36:00,2018-06-19 20:21:16,2018-06-12
f4776a61a23801c349ab69bd0fd774e2,db06dace4f0966b844c9d8ef3caed3f1,delivered,,2017-05-17 04:02:17,2017-05-17 10:40:42,2017-05-26 00:03:43,2017-06-07
e9ee2180608e81469ecf03b7c9a74fa7,994dda0546cb91c1d66152c1ab2b6a0f,completed,2018-07-06 23:40:05,2018-07-07 10:10:14,2018-07-10 15:27:00,2018-07-21 02:34:25,2018-07-31
5b54eac5a3892162592352ba2d0ee41e,ad8e474d08b0baf66d55593e5840475f,completed,2018-03-17 08:43:19,2018-03-17 08:55:58,2018-03-21 17:37:44,2018-04-14 15:58:31,2018-04-10
56f251ca89f74d06076966d5d49b9dc6,8d632afbccd84514a99517b239113320,canceled,,2018-03-01 18:15:44,,,2018-03-23
981169eaa134f634b547095d9321e3dc,6d0ea4c9f465488073d3d51dba7b60db,completed,2017-12-01 11:13:50,2017-12-01 12:31:30,2017-12-04 17:52:04,2017-12-06 14:44:56,2017-12-19
debba1cc1685803f891dc845be9f9119,792d60f8990ca759e432d4d95612282f,completed,2018-03-27 09:21:59,2018-03-27 09:35:20,2018-03-29 00:32:43,2018-04-20 21:27:49,2018-04-17
e26f55a50645c4ffe8f2278b9c7e05b6,bf048168b14f8356e05d04dc16e9c9c1,completed,2018-04-18 09:51:57,2018-04-18 10:10:56,2018-04-19 20:26:36,2018-04-20 21:22:40,2018-05-04
b4059555399120834bc8cf54a84bc6c8,ebd4427eb14de37b29b78d4464004cab,completed,2018-05-31 20:23:17,2018-05-31 20:35:14,2018-06-01 13:13:00,2018-06-03 13:51:59,2018-06-26
67e5683ee43c8f5d4c0b46f7f8932ac8,6d51f1fb500ebe392c0f01f81c33ac4a,completed,2018-07-24 13:19:06,2018-07-25 10:05:11,2018-07-25 13:46:00,2018-07-31 23:41:04,2018-08-14
3ed46d0aeda8a091370db112656e55cc,2281c16b24e5ab1b782509f52aa8f4b7,completed,2018-08-16 19:24:38,2018-08-17 03:29:48,2018-08-17 15:40:00,2018-08-20 19:46:43,2018-08-22
b677863ada4ac26c87c61f4e1ee78b85,774b025b5826352130d8c56b14b1c274,delivered,,2018-06-19 06:35:40,2018-06-19 10:39:00,2018-06-30 14:42:37,2018-07-17
9c9ad157b30e942c4359772b6d446e52,9206446f02c90ae87b437e8273e6acb1,completed,2018-03-15 19:27:48,2018-03-15 19:48:32,2018-03-16 22:21:50,2018-03-20 21:41:48,2018-03-27
7d8fb4d046d76c289bd66eb341bee09e,5a354ceb0ee403f36eead5e33253730e,completed,2018-06-20 16:13:39,2018-06-20 16:43:08,2018-06-21 14:12:00,2018-06-29 15:32:11,2018-07-12
de4c308ea3f72fa2d3be68d18a2fedb1,239fabc879c4175afe53110236a7de39,completed,2017-06-18 20:45:31,2017-06-18 21:03:45,2017-06-22 16:05:47,2017-06-28 13:43:02,2017-07-07
d9a40d6454b584402c918212558f2af1,df7f9fe8ff0d2b843c5633d156a05682,completed,2017-04-23 20:42:30,2017-04-25 07:55:31,2017-04-27 06:24:12,2017-05-09 08:47:03,2017-05-31
031e7d4e559a1bf08e71a419aa998d0a,aedfc62ab52a3e4ea642220ccdec91ff,delivered,,2017-04-06 13:10:41,2017-04-07 12:43:24,2017-09-19 16:23:52,2017-05-19
d71bc96c14d72c5f5b76bd286d6304f9,f41316561f7e7cb63af5bb95ad9b4b26,completed,2018-01-19 00:32:29,2018-01-23 09:59:22,2018-01-23 19:13:49,2018-02-01 19:06:38,2018-02-05
74434928b7e52a9b56862d25b9581e4c,6e33bf17f1255ee64e160d79e8d0202b,delivered,,2017-06-23 17:15:22,2017-06-29 14:32:43,2017-07-11 19:33:54,2017-08-02
d12d1afbf3c1f3356e80a5186ccfca67,2847be2e0b1b22c41b801a18dc050a49,completed,2018-06-16 21:09:07,2018-06-16 21:36:51,2018-06-18 15:10:00,,2018-07-16
b8a6dd90822f6005923cb6f8bf271716,1e2cc2c58def2bc4a41af2aa363cdfa9,completed,2017-12-27 12:17:44,2017-12-27 12:29:20,2018-01-04 21:49:12,2018-01-19 19:38:34,2018-01-26
80b8546dc40a96e03d6be3b166ceb025,b8786a985af1e13f3b6f68abef5f5c2c,completed,2018-01-21 12:25:42,2018-01-22 13:48:54,2018-01-23 20:32:30,2018-02-04 16:22:07,2018-02-19
df2a882d20dad7dd697a1b9ebca66907,f7097f60759b0cd6ce26029186708982,completed,2018-05-19 20:31:21,2018-05-20 00:49:38,2018-05-23 12:24:00,2018-06-04 20:41:48,2018-06-06
b1daed3ca434922570bdde4d05004753,db073abf8c93f928f9cefd125bac461f,completed,2017-08-21 15:35:44,2017-08-22 04:16:16,2017-08-22 18:55:03,2017-09-04 20:09:37,2017-09-13
f7abaa156e535f9204ac0cedab166bd0,daa4d167c907827200536489e0dc645b,delivered,,2017-06-27 04:23:18,2017-06-27 15:04:06,2017-07-03 10:12:27,2017-07-18
9463979a72f79c0324a07095d572007e,a2990e7d5162b8c79d2a89d4fe8fec83,delivered,,2018-03-23 02:27:39,2018-03-23 23:28:43,2018-03-29 13:52:27,2018-04-16
a90966534748634cbb133383bf0eee68,509585871d9505d583be980046b14b8a,completed,2018-02-01 16:49:17,2018-02-01 17:15:39,2018-02-02 19:26:53,,2018-02-19
61417f74f6caf083ff60fa4dc315f050,ab9909098ee1c7b2dc687e351d6373a9,delivered,,2018-01-19 02:52:06,2018-01-20 00:54:43,2018-01-24 15:49:10,2018-02-07
6ae5b953bef57d8a29a1c49e03807e82,431398d6d3848951226cf1307fc6f411,delivered,,2018-07-05 20:50:43,2018-07-06 11:26:00,2018-07-14 11:32:46,2018-08-08
cefcc988df88b91e3c9825518535be06,1338b5bd76a840ce8e03af00f46bb86f,completed,2017-09-20 16:42:41,2017-09-20 16:50:21,2017-09-21 19:48:59,2017-10-02 10:46:37,2017-10-11
f022f31048c98ee478576cd828def68b,c508d059bc9188e6d2992268c059241f,completed,2017-11-03 08:37:03,2017-11-04 04:25:50,2017-11-06 19:28:18,2017-11-17 19:31:55,2017-11-28
9d6b1d10fd62d8f52d1ee875b4842c2e,03b436ea506015a721669b80835907c6,completed,2017-11-19 19:59:00,2017-11-21 04:08:30,2017-11-22 22:52:53,2017-12-01 21:06:32,2017-12-11
fe94f63f2f4d326a6da25bfe07ffaf93,1dbe0bf136ea8849ed9648546ebc2e63,completed,2018-08-02 12:07:12,2018-08-04 04:10:53,2018-08-06 11:53:00,2018-08-10 14:12:03,2018-08-17
6d803f43262441beabcb27db6c78a68d,d4fd5197cc0635f7cb41aeeb4ad7b234,completed,2018-06-22 17:11:15,2018-06-23 02:20:38,2018-07-02 12:22:00,2018-07-03 19:44:34,2018-07-16
153a3985482d189af613f19120de205f,b35b1cf12fb166b4764e0962bc87ab18,completed,2018-08-12 11:50:31,2018-08-12 12:04:28,2018-08-14 17:16:00,2018-08-17 18:02:18,2018-08-21
eab2fe73db93310ed2c346e28e47646e,7379ff27a51ec49ecc6f2737c6b9c3e8,delivered,,2018-03-27 04:08:08,2018-03-27 22:15:35,2018-04-15 18:22:15,2018-04-16
d5f9bf0440d8bbb75dab1348b8ac97d6,151260cb5d9b3c220d0af50c81c329a9,delivered,,2018-01-23 20:53:55,2018-01-25 17:51:38,2018-02-09 15:03:58,2018-02-22
7a14d9bbf5aed76152f4739c23cd7970,b47973c8ea3acd5c549120a28d31f62c,delivered,,2018-06-07 11:58:30,2018-06-13 07:05:00,2018-06-15 21:41:20,2018-06-18
f3e6ac6fd3a4db946a2820323b58ab3d,14f3b4b8a869b608eaf1e27b92210e6e,delivered,,2017-07-05 19:50:13,2017-07-10 10:42:21,2017-07-14 18:37:35,2017-07-27
26da686e870dc017cfbf9c3ce9f39d55,1cc8871af24a272de32a0d2e23d49068,delivered,,2017-11-24 16:38:42,2017-11-27 17:33:30,2017-12-07 23:14:32,2017-12-21
274c71150e4e71fde63d554a8a327324,94e25d694cced95a67dcf81c4077a9df,delivered,,2017-06-20 11:05:24,2017-06-21 10:29:49,2017-06-29 15:04:17,2017-07-19
4ac8967b6c44825655969aa13a7e6213,5b37ee1bdf9b75e312054b7b4c3c5264,delivered,,2018-01-10 15:49:18,2018-01-11 18:45:27,2018-01-15 22:42:13,2018-01-24
ff24fec69b7f3d30f9dc1ab3aee7c179,442c6e15fe1e8e63a96598607c92bc35,completed,2018-01-26 14:41:14,2018-01-27 02:40:12,2018-01-29 22:29:45,2018-02-07 14:57:00,2018-02-22
14983a8e9fbbb6ec172cbfcdc13aa291,0c03226afa90f20094fccdafcc422e62,delivered,,2017-12-29 14:30:19,2018-01-02 17:17:25,2018-01-16 14:42:38,2018-01-31
951e8cd4880218797b4ac75738913b7b,364c498abca5a4cff3fe15573743034c,delivered,,2017-10-03 14:49:23,2017-10-04 20:24:57,2017-10-13 18:05:19,2017-10-25
83b8d224a811027e71f40747004831bd,93ffe3ed1345ac913a6e4a313ed51e30,completed,2018-06-26 10:35:57,2018-06-26 10:58:13,2018-06-27 08:35:00,2018-06-29 20:41:49,2018-07-13
f7096fe5a9e5f6419f1db02fbb378513,abc8fcb5f9ea7fe84e37cdeb8a7d7960,completed,2017-02-17 10:48:38,2017-02-17 11:03:30,2017-02-21 13:07:17,2017-02-22 09:54:41,2017-03-16
c5f520f0bbd21e5f3efd20f7b57a0eb9,c4f6e2a634a982d2b461c66925923b86,completed,2018-01-07 00:11:20,2018-01-07 00:19:29,2018-01-08 21:29:32,2018-01-12 20:44:06,2018-01-31
387ec4e22c1949a34d31106d809641e3,10393ebe49b1afbc4ae8a0d428d051dc,delivered,,2018-04-13 10:32:31,2018-04-17 14:48:47,2018-04-19 00:12:40,2018-05-08
ac120c30a7e66371f0ff851dfb709eef,93c2b53461f9504845db7db24d5e942d,completed,2017-11-17 07:20:13,2017-11-17 07:30:26,2017-11-17 13:38:38,2017-11-25 13:37:37,2017-12-18
4ecf494be87ee7b768460fcbcd0389c8,c9bdc48300c66ba95c1e5839d8b4a26d,completed,2018-01-20 20:49:46,2018-01-22 13:58:43,2018-01-23 11:29:11,2018-03-09 22:02:57,2018-02-21
98e59e5a0098396c95ba134fd92c2a30,d581cc16c2132da59f81791d5672bb5e,completed,2018-05-07 18:53:27,2018-05-09 03:11:36,2018-05-11 14:38:00,2018-05-14 17:37:57,2018-05-18
d73caf75e86f5410db52767cb6784b5a,06ab0f3fbb09a950709ba3e1562aaa39,completed,2018-02-16 12:58:26,2018-02-16 13:10:46,2018-02-21 21:03:46,2018-02-26 20:38:50,2018-03-09
5a122a24e535e617fb813c0123ab0783,649f8fbc25f8c08532804ebc4f962738,completed,2017-05-25 18:54:03,2017-05-25 19:05:15,2017-05-26 12:26:44,2017-05-31 14:33:54,2017-06-19
7a2caaaf6f039835babfdf9aea003412,67791ff8866a89d326226f73fa8eec51,completed,2017-08-23 21:58:28,2017-08-24 22:07:37,2017-08-25 18:20:01,2017-09-19 14:35:29,2017-09-25
70499645c2c89161c566bd7a2eeb8fdb,dca93b2c63e43e2d5893ff9cf43c7145,completed,2018-06-11 10:45:20,2018-06-11 10:58:59,2018-06-12 11:10:00,2018-06-18 20:04:21,2018-07-13
72f13434d0258f5c25927d2b4d5b2c1e,d7b7917cfa60997e23f7bb56c0055729,completed,2017-06-12 15:37:15,2017-06-12 15:50:11,2017-06-13 15:10:04,2017-07-13 13:47:29,2017-07-17
96dd4c9c90277943c551ab185303685e,f6d75d8498810818be46ed80d304c77a,completed,2017-08-14 17:08:14,2017-08-15 18:05:27,2017-08-17 13:30:07,2017-08-25 14:28:47,2017-09-08
115e66d4761de38590d764ac61b9e36c,42d01857fb367d54c80aff45ab268155,completed,2018-05-08 17:02:32,2018-05-09 17:10:26,2018-05-11 12:48:00,2018-05-24 22:04:04,2018-06-07
ab71e5dff0ed652f1559e1860391bd22,bc26872a97ecb20a76f5583ba731e553,delivered,,2018-02-22 15:35:37,2018-02-27 22:16:40,2018-03-22 16:27:35,2018-03-15
318034c29181efd4952394fd0892c3dc,98ef4510beb1762e2d8ecf42663fc2aa,completed,2017-05-04 09:07:57,2017-05-04 09:15:17,2017-05-04 16:13:27,2017-05-08 13:53:17,2017-05-25
3481d4db89ea2b5d86728e8562da1317,6bc288325c7902dcbd0a803fc6f26a79,delivered,,2018-04-06 03:10:31,2018-04-09 23:44:27,2018-04-17 15:29:32,2018-05-02
d02366be68b26b954269321e475a79fe,0ffda100257bd2c6ddb2d5d12a972b65,delivered,,2017-08-27 15:45:22,2017-08-28 18:07:47,2017-08-30 18:10:20,2017-09-13
54e1a3c2b97fb0809da548a59f64c813,a0bc11375dd3d8bdd0e0bfcbcdae64e1,completed,2017-04-11 19:49:45,2017-04-11 20:02:27,2017-04-12 14:47:39,2017-05-22 16:18:42,2017-05-18
4cbf4f8f95033da28ecc48d007d1b49f,e8c09dff0635a09514761a21369d9c88,completed,2017-02-25 18:38:46,2017-02-25 18:50:17,2017-03-01 11:48:16,2017-03-09 09:06:20,2017-03-22
2599eb52c538919cec765e835585bfe9,d1cf3dcfd051e1c16ec0c3efce7a41ae,completed,2017-11-24 20:50:40,2017-11-24 23:55:55,2017-12-01 18:45:01,2017-12-04 19:04:24,2017-12-08
f99260ff704e2093540102a797c0a7cb,1c902b37a0bca21307de0544a1293a97,completed,2018-01-26 00:07:55,2018-01-27 11:57:23,2018-01-29 19:33:54,2018-02-06 20:19:10,2018-02-26
a88ebb416476bb5c50111622847afcf8,5fee696482bd8b0db6cb196b33e5addc,completed,2018-03-02 15:03:37,2018-03-02 15:15:39,2018-03-05 19:28:53,2018-03-22 19:58:31,2018-03-29
38cd9a16e2ee3ee519de420fc15d77ff,22f9f88866a23edb1a9a66be3970fcf7,completed,2018-05-17 16:53:52,2018-05-18 00:38:47,2018-05-18 09:16:00,2018-06-09 11:04:14,2018-06-05
27e7d98172136e7499081a19101218ca,ce1798e7ceaec0a413a5ba767d658f24,completed,2017-10-04 18:47:46,2017-10-04 19:05:32,2017-10-05 21:14:11,2017-10-17 17:49:58,2017-10-27
78532cc9bdcc3c18c8ad8fe190844253,ed3dc6669d03eeb49442d34a82c4d415,completed,2018-07-05 17:31:19,2018-07-05 17:52:05,2018-07-06 11:05:00,2018-07-12 19:49:13,2018-07-27
428864d148621bd89ac5ca142b0e15af,de77cd3aeac67dfa9997f4a5cac54996,completed,2017-11-12 19:21:11,2017-11-12 19:35:26,2017-11-14 22:14:31,2017-11-17 12:38:50,2017-11-28
1e5de131e124a28163dd61ca832e722b,bf70dbc85ccfd25200e3be31d14d56b0,completed,2018-06-14 02:19:01,2018-06-14 02:57:39,2018-06-14 14:10:00,2018-06-25 21:28:53,2018-07-11
5cba8bf344b3cd25e28cc401cd3a89e7,e4071d8169a4556bd975b0e54771fe4c,completed,2017-06-02 14:29:27,2017-06-02 14:42:59,2017-06-07 14:41:09,2017-06-13 16:10:29,2017-06-23
d6d8d3958008d2514a3a9ef0a43edc56,ba229cac800645c5c7960de7bb42b777,delivered,,2017-09-05 21:45:19,2017-09-06 20:13:23,2017-09-13 22:47:36,2017-09-26
542e088b96769f96492ae0f46597d3d3,cf71831f2854c16d25280fff5ecebdf6,completed,2017-03-10 15:17:33,2017-03-10 15:17:33,2017-03-13 15:20:42,2017-03-20 07:25:57,2017-03-29
379479b61c5dd31389733154ce9a6237,45827eca677573230a90c99866439c97,delivered,,2017-10-07 23:56:19,2017-10-10 19:43:48,2017-10-21 05:32:12,2017-11-16
9c8b1a249b8f2acf28a69ae5526256c5,0afdec8c17187b3049a69904ef1cab59,completed,2017-09-19 09:24:34,2017-09-19 09:35:10,2017-09-19 18:22:21,2017-09-20 18:55:01,2017-09-29
7ff9920174c1d74237a6fcb73299c0a0,c799766de6042338158b08fc7418df09,completed,2018-06-27 09:37:58,2018-06-29 02:53:18,2018-06-29 11:12:00,2018-07-03 16:21:39,2018-07-18
04d11ad47e18aa9180d9d9cc7678f496,8f3fcfbb2fa3d2f7e3de0d54ff424439,delivered,,2018-03-06 01:50:27,2018-03-08 23:54:35,2018-03-19 16:07:51,2018-03-22
a8f7a1d76c02dc4a7c5177aee8c2b02c,59d0d218d4427b9960ee18cc5556770d,shipped,,2017-01-29 11:31:19,2017-01-31 07:57:48,,2017-03-17
bfdc8cc8e1e3a146d1adb471208f0a72,a01fcde31529708c8755a0226631c0d7,delivered,,2018-08-05 23:10:13,2018-08-06 15:16:00,2018-08-07 13:59:05,2018-08-09
118d73676619f09bd5da8c9cf463f384,3cc7b823d18f8bdca5d453014573202d,delivered,,2018-05-03 10:56:56,2018-05-03 11:01:00,2018-05-21 16:36:40,2018-05-25
123b5d3bf7618638f3e078a76ae46049,af44210cb48d7a1f9fefdb6e59abe017,completed,2018-06-07 15:38:17,2018-06-07 16:00:12,2018-06-08 13:20:00,2018-06-15 13:17:35,2018-07-03
5ad5a009431bd3f53d623de6ca712cb4,77bce260449122691b84b3e00e6a3b2e,delivered,,2017-04-22 15:31:47,2017-04-25 19:54:49,2017-05-08 09:59:57,2017-05-11
315ee1669de8cbcaca403bb9c0f2e228,6d84c78837539026e77a20b3105ec4d2,completed,2018-06-08 20:20:36,2018-06-08 20:34:33,2018-06-11 14:16:00,2018-06-20 14:56:09,2018-07-11
f2c12c46401363b2f37ce6200b520ebf,9d69cb8a80980be80313e53d52f0d78f,completed,2017-11-07 17:09:12,2017-11-09 04:31:15,2017-11-09 18:32:14,2017-11-22 17:44:42,2017-11-30
8e81e473c93d414e73105233e248347b,174cf4e5e95b5a49bac9cee9ef6cef70,completed,2018-03-04 18:38:05,2018-03-04 18:50:27,2018-03-07 21:27:57,2018-05-10 13:40:48,2018-03-27
de28e8b3c44bdad3ecda851978e1599c,afada548225953f4a9f2a502cf33c780,delivered,,2017-10-18 11:56:36,2017-10-19 16:43:11,2017-10-31 14:46:38,2017-11-10
dfb753bfb675436ca257d189c5377417,65dd288522b06b501b85cb2c05152190,completed,2017-12-19 20:13:37,2017-12-19 20:33:23,2017-12-20 21:38:32,2017-12-30 00:03:42,2018-01-17
b6dd40db8e1ba8bce1971d81598330e8,76594f64864294275bcba7f33abbbb9a,completed,2017-03-26 09:58:48,2017-03-26 10:10:20,2017-03-27 15:28:14,2017-03-31 13:14:59,2017-04-18
ce2b4f2836d78829e4796213d536101e,e024c1515b1062b1e7e613f840c35ba3,delivered,,2017-06-18 23:06:00,2017-06-19 20:09:37,2017-07-05 10:55:52,2017-07-11
6f44e08b458a69c51d6c0c460358baf6,1156e7c99b96d2222ef03da9831eb266,delivered,,2018-02-09 14:15:49,2018-02-14 17:19:00,2018-02-20 18:39:10,2018-03-14
e9e702d3e92379f53b4805d98c094bd7,bebb261717d5fd18d378c249c396f6e5,completed,2018-07-15 14:16:19,2018-07-15 14:26:14,2018-07-17 09:45:00,2018-07-27 15:15:32,2018-08-14
479730a1200cfbbf8c4fa301820e5d1c,cd2398835882d7dd6c432525319071af,delivered,,2017-08-25 11:25:22,2017-08-28 20:33:49,2017-09-07 01:50:06,2017-09-29
a4cab55a223b91d0013b1f7d634eff40,fd5e7c97c97973f64260f2ff182a1f46,delivered,,2017-07-05 17:39:44,2017-07-10 14:23:38,2017-07-19 20:32:39,2017-07-24
c559ef7939489ab0ce5419d36a23938d,05dd9d54d4ad7fcea2db0393e5f6c6d6,completed,2017-10-08 11:06:54,2017-10-08 11:14:12,2017-10-10 17:30:17,2017-10-23 22:11:46,2017-11-03
8a6871df7fc00fc959c5bcfc7160bb29,9f8fe5fc454a0b34d309a057800ee44a,completed,2017-08-24 22:52:15,2017-08-25 02:55:30,2017-08-29 16:29:09,2017-08-30 16:57:49,2017-09-06
a5538348a48a05d585b5f6e40ba5205b,bbe8bc10a5dd9c9e796bd7de5effd09e,delivered,,2017-04-05 22:02:39,2017-04-10 14:34:44,2017-04-19 18:50:10,2017-05-02
7002f5420d7a37aebd4c740b01b2fd5f,0f2bfd92b901a88af663262ed4480d63,completed,2018-05-29 09:40:24,2018-05-30 09:35:14,2018-05-30 13:50:00,2018-06-06 18:56:57,2018-06-29
cdc80ab03580d7d907ecd33ae7818caa,cce1958e8abce973e3d29474e46c3a14,completed,2017-07-01 11:19:58,2017-07-04 04:50:27,2017-07-07 18:56:33,2017-07-13 21:41:07,2017-07-21
2320f88fd7982719055be3476e3e8bf3,61a09f1e64be26d3191486c82630dbbf,delivered,,2017-05-12 17:55:14,2017-05-15 09:22:57,2017-05-16 08:24:30,2017-05-29
5435647d369f72442d1972b399a48ece,909cd887070250934231f0082c96f3c2,completed,2018-01-10 14:24:28,2018-01-10 14:36:32,2018-01-11 16:16:50,2018-01-19 22:26:53,2018-02-05
652d3644d41874aa7f004a82c5b003c8,d1876726cc26bb5ff410bf7c4564e21d,completed,2018-06-18 10:25:29,2018-06-18 12:02:04,2018-06-22 14:57:00,2018-06-25 14:46:46,2018-07-03
8c81e36bea73764b1c079c3920f6879f,fc8606c4aaf0a4a24dd76f0c2467cbd6,completed,2018-02-05 14:28:30,2018-02-07 03:10:21,2018-02-07 20:28:31,2018-03-01 14:23:04,2018-03-12
a7547df661853b46be845a86e17e525b,7e7a39367e68502e91b2008ff3675d97,delivered,,2017-09-20 09:55:28,2017-09-20 19:42:05,2017-09-25 16:48:28,2017-10-10
a18510dbe89fe5c4da9a9ceb4793fd4d,7c687033ec5512a438d48deb618d5d86,delivered,,2017-12-14 11:31:32,2017-12-15 12:10:05,2017-12-18 17:35:36,2018-01-03
36d43d9ea16e2435752ad9dd52850b73,16ece50a0fe3d823fb028f7effe052f5,completed,2017-08-11 22:36:59,2017-08-11 22:50:07,2017-08-14 18:03:45,2017-08-16 19:36:40,2017-08-24
e22acc9c116caa3f2b7121bbb380d08e,fadbb3709178fc513abc1b2670aa1ad2,completed,2018-05-10 10:56:27,2018-05-10 11:11:18,2018-05-12 08:18:00,2018-05-16 20:48:37,2018-05-21
5935197a3a64cf91a125aa939d5eac7b,c41ad6dff0d077fd45ac8549be56f557,completed,2017-07-17 13:33:21,2017-07-17 13:45:17,2017-07-18 18:39:31,2017-07-29 12:45:43,2017-08-08
c6c7f7e01022b968655479b3f81b20ad,40b04b3bf7ab6d7c73d5e68e7327e17f,completed,2017-06-16 11:28:43,2017-06-16 11:43:11,2017-06-19 16:14:11,2017-06-27 13:32:10,2017-07-10
4adbbb43be305843794e05fc4265f143,b3939a2720fe35ff521a811a8fd10dda,completed,2017-11-23 10:26:08,2017-11-25 06:31:50,2017-12-11 17:14:43,2018-01-07 12:39:01,2018-01-03
d475435c334bbda632af299cf41813d8,60147e1fdd1258097f8cf4adb47a7e0a,delivered,,2018-04-20 11:35:18,2018-04-20 20:36:42,2018-04-23 18:03:36,2018-04-30
9d27b66cd7dfe58587bd778c83c4d5a1,400534a4b8b95df133cd2ed3ffefb55b,delivered,,2017-11-07 09:55:32,2017-11-10 22:24:48,2017-11-25 11:59:03,2017-12-04
0b3d6a3ba1e60a466b54775dcff1bf7d,44dbbaf8b67c55bf72d394075577e557,completed,2018-08-15 19:30:07,2018-08-16 04:35:16,2018-08-17 13:44:00,2018-08-27 16:55:37,2018-08-31
363f361d96879a18985ac3928c978159,03a3fed0e96dca44d3d9614a4c83103a,completed,2018-05-30 21:52:34,2018-05-30 22:15:15,2018-06-05 12:31:00,2018-06-15 15:14:53,2018-07-11
2a6f4c120a863a097e15830fd31b820a,c0910639cf0520620cb6287133b1cdd0,completed,2018-01-08 15:58:20,2018-01-08 16:09:03,2018-01-09 16:25:57,2018-01-18 23:48:39,2018-02-01
91e37208355ef2b54b5d8217ed81f365,4cff4ccf3368309cf771eecd63eed6da,completed,2018-03-27 10:10:46,2018-03-28 02:47:56,2018-03-29 11:36:59,2018-04-16 12:58:45,2018-04-23
e838452caf63df94d1fc9a3253734414,d4e2dcbab1ad66726199ef6c1651ad6c,delivered,,2018-04-25 04:11:15,2018-04-27 12:03:00,2018-04-30 15:44:29,2018-05-09
f86e20fe6ce750c00d7ed08e8c67384f,c4e463ec59a357f2d138554298afadaa,completed,2017-09-24 09:30:35,2017-09-24 09:45:32,2017-09-27 17:12:32,2017-10-06 20:18:49,2017-11-03
b3fd29980d666178c001b895e9c5eed1,840555fd2d5434672ef2b896204fd449,completed,2017-04-23 22:45:21,2017-04-24 22:42:32,2017-05-02 16:28:19,2017-05-09 10:22:21,2017-05-22
f2ab8320611d5beba208b922230c352e,d32ea49b7ca7a371cf86fc543ba44d62,completed,2018-05-05 00:14:20,2018-05-05 00:30:16,2018-05-14 11:02:00,2018-06-11 15:52:40,2018-05-29
0a32919eaa38cf81a09bb4cd2ca383df,ab15621e1aa4e4c1377e5c789abaa84f,delivered,,2018-03-30 23:26:59,2018-04-03 19:41:27,2018-04-18 20:06:36,2018-04-25
51a204a8b06b2f485e8e9de1e6741618,6f8d89870babf79801f62e1291fe3a4a,completed,2018-05-15 18:46:23,2018-05-15 19:12:12,2018-05-16 12:01:00,2018-06-04 18:23:03,2018-06-04
f4f81d9284f8b6894f76d2a8fa524467,e7dbb6cb6a60a83827010f30f9afe441,delivered,,2018-07-05 16:27:49,2018-07-05 07:51:00,2018-07-09 16:48:33,2018-08-14
758fb6b15afa409ae42ff3103bfe080a,ebcc4b3fd464428316c411d71c203ca0,completed,2017-04-28 09:40:49,2017-05-03 15:33:22,2017-05-04 13:51:10,2017-05-12 13:36:58,2017-06-02
fe4ee6f5250415b2264eac9693949e2f,f0506d417d677f27a31385b606bac44a,delivered,,2018-02-06 04:32:12,2018-02-09 19:08:47,2018-02-15 18:08:26,2018-02-20
7ac617c6f13e6890a30d029b0bc3e904,6decb0d0862d5788cfb2b2f41a4c2bf9,delivered,,2017-05-05 14:15:14,2017-05-09 08:22:20,2017-05-16 14:37:09,2017-05-26
3d6002f122e72a5d6e07d4c54e79e3a4,b64829ad9cd22c94718e7000539cd318,completed,2018-03-21 18:59:56,2018-03-21 19:10:24,2018-03-22 20:34:01,2018-03-23 14:53:28,2018-04-03
64f2e9aa85911b6a48e3d11ef05b73c7,8aead9173f1c996b7c2c82b7e484fdaf,completed,2017-11-25 15:48:04,2017-11-25 15:59:25,2017-11-28 12:48:56,2017-12-08 17:26:55,2018-01-04
92560dc666cfdbb5594319d742457b6c,f1df0ebaf5864a536cce30194f8f252e,completed,2018-03-21 13:17:44,2018-03-21 13:30:28,2018-03-23 01:04:30,2018-03-23 18:36:50,2018-04-03
69b60c85164df072f63b06bc0bda9804,a0976b080c0c8ac3189bd68da77209c4,delivered,,2017-06-01 20:50:15,2017-06-06 11:38:41,2017-06-19 16:11:44,2017-06-29
4a855a494e08248858074dddad7f5b6a,fc322ed337200cc851691601159ba5da,delivered,,2017-05-04 15:10:20,2017-05-09 08:52:11,2017-05-25 10:03:19,2017-05-29
9964fcee18c49b70f81f947eb85ac611,ee8b9c4b67be6419a04e1f0c292a773b,delivered,,2017-11-25 06:16:13,2017-11-27 22:04:36,2017-12-13 20:14:40,2017-12-15
f5eff661c2631c9cd86938bef47aa2d4,0da3ca0875a2ce7e0720570ecf98bf46,completed,2017-05-06 16:22:40,2017-05-06 16:35:23,2017-05-10 10:46:37,2017-05-18 16:23:05,2017-05-31
a1b804216bd2104b89826d9c884a06aa,5c7595d88d9ae99c0829d2304a39eb9e,completed,2017-12-05 13:49:27,2017-12-05 13:58:29,2017-12-06 17:33:54,2017-12-19 18:19:19,2017-12-28
f464a113cdd89833ee98d4a56f41d8c5,d5f4f578c881aaffbda3612ca54f74a1,completed,2017-10-24 15:59:02,2017-10-24 16:09:48,2017-10-25 14:57:37,2017-11-01 00:42:17,2017-11-13
9cf87e3ae70cd0293f458ffa3e531edb,9ba2e6e771a5ff811ebbba993f2b9f6c,delivered,,2017-12-09 00:36:26,2017-12-12 22:21:37,2017-12-21 22:13:05,2018-01-15
e43a94e0ef58ee8b2507c9176c7581d1,531c41b42011d927b9633c2453916289,completed,2017-08-18 13:12:10,2017-08-19 02:15:59,2017-08-21 21:29:58,2017-09-01 16:26:33,2017-09-14
a48d1847b9de39cb523844ada267fc24,f0faa07436479fef2e7adad085956bfa,completed,2018-05-15 12:35:30,2018-05-15 12:54:41,2018-05-15 13:33:00,2018-05-21 21:04:10,2018-06-04
2942d9a01a44f073aeff5f1a68e8761e,09fcda7c9853505b4e80801a1dccb90c,completed,2018-03-29 10:05:18,2018-03-29 10:27:49,2018-04-09 23:23:28,2018-05-22 12:59:03,2018-04-30
3ce7418ccb9af136b4937f069601ab2f,d19f5d4c827148a50249b4d6f0e8d368,delivered,,2018-06-14 22:16:30,2018-06-15 14:00:00,2018-07-03 16:07:59,2018-07-18
c3fc89d773d2d00c4c1222bb9590ddb7,bc93ed706b83d0e2e6b32dbfa6fdd15e,completed,2017-08-30 17:44:09,2017-08-30 17:55:18,2017-08-31 15:50:03,2017-09-04 21:29:47,2017-09-26
7c83cd570176d1b7e42606920fd81d81,3e30a714244b6788f9fe5637911da9b2,completed,2017-02-26 15:05:41,2017-02-26 15:21:51,2017-03-08 14:51:45,2017-03-13 10:04:00,2017-03-22
cfbebe9f938f6c99a3c27648bc0d3112,9ba4157d56af8ab6689700a8d7c242e1,completed,,2017-12-03 12:11:57,2017-12-04 18:25:08,2017-12-11 19:32:47,2017-12-27
c51ed3d77baf76974358a156521bbd16,bcc8786f4ffaaa491f2df9a1a089051a,delivered,,2018-05-04 12:51:56,2018-05-04 19:02:00,2018-05-07 18:44:28,2018-05-14
8ee5542735cc8b0ec6ef0829ee501ca7,abb44240bac59983fc8b2dcb425b190f,completed,2018-04-22 17:11:10,2018-04-24 18:05:18,2018-04-24 22:48:54,2018-05-02 18:13:05,2018-05-18
7b8d0a893743d55557532e35a0b73a31,ea7fb73adfd3143b75ff1080929c08cb,delivered,,2018-04-25 22:15:09,2018-04-27 13:52:00,2018-04-30 13:58:52,2018-05-10
99ac1b8b5f3ac613536909af21133895,7779b97b9a0343e58e4f6d87153f8cfc,completed,2017-09-22 11:27:26,2017-09-26 04:07:15,2017-09-26 18:18:41,2017-10-02 21:24:40,2017-10-09
a9b132fc9b030211c2850f5495dbbd5a,a9540572aa20e37a51ce914aad8fedce,completed,2017-11-09 14:53:09,2017-11-11 02:55:43,2017-11-14 15:56:48,2017-11-27 20:07:48,2017-11-30
313e3fc72246d0f98bde45c221c7bcec,2b5e912b5f0c054a0548725c2f7b6a02,completed,2017-11-02 11:25:31,2017-11-02 11:45:16,2017-11-08 20:58:46,2017-11-10 20:31:39,2017-11-24
e08de031276032b05881e30eac0860c9,6e8c1982f98054e1b60a4a3ecfec3fdf,delivered,,2018-07-28 14:30:29,2018-07-31 13:45:00,2018-08-07 18:22:03,2018-09-04
17e6cc1eacf9ee440e45af8b99785845,520e20cf271769ea1844e71104d65956,delivered,,2017-12-16 19:17:22,2017-12-18 22:58:03,2017-12-22 20:06:51,2018-01-11
1a867802edf4f74cef9de8cfe691e5f3,a373b0a9df3236a0bd069c9a01922713,completed,2017-10-02 12:34:59,2017-10-02 12:49:26,2017-10-03 19:04:23,2017-10-11 12:00:11,2017-10-27
df473c5f4e43c7d63af78684cc44c521,f31f6b6f82104984ce2ee05d9f9c755c,delivered,,2017-11-22 16:26:29,2017-11-23 19:17:12,2017-12-04 18:37:13,2017-12-13
4cd45eb856471e6d7d1f85e585b81041,279a316b31aac761c16483859fa9d33b,completed,2018-06-28 10:05:44,2018-06-28 10:15:11,2018-06-28 14:20:00,2018-06-29 13:11:06,2018-07-12
00af3d9ddff7f256e83d79247dbe1a9f,279084854f91753f3c2feba81d4573a5,delivered,,2018-02-21 12:30:31,2018-02-22 18:52:19,2018-03-07 23:47:31,2018-03-26
2e3a1177e30ae6d784240896e5441c55,d524244808bcd4e2c485fa0cdae9f54a,completed,2018-04-08 16:24:24,2018-04-08 16:49:26,2018-04-09 16:28:41,2018-05-04 16:27:50,2018-05-04
93abf12999a36099e8292231caeebe18,7376354857bb268f2b6233bd0b9ab5ea,completed,2018-05-01 13:34:02,2018-05-01 13:50:32,2018-05-03 16:30:00,2018-05-07 18:08:45,2018-05-23
e5acfcde950aab469e4885712a1cb69f,fd15873d506a65dc41e61bc3545c7f60,delivered,,2018-01-13 02:09:14,2018-01-16 20:52:28,2018-01-26 19:27:53,2018-02-14
b3dfba99633d1f7cfb7d6530c2a88966,ad2c5927f227bef24e79ea264995b577,completed,2018-04-23 14:55:03,2018-04-24 19:25:22,2018-04-25 15:25:00,2018-04-27 20:48:40,2018-05-09
09729990b5d8f5499917697c409b55cc,e04249e50563e2d0c28b5a8f6d86dccc,completed,2018-01-23 09:08:05,2018-01-24 02:36:27,2018-01-24 21:28:48,2018-02-08 19:08:17,2018-02-20
a156911dd7e008e373ba70af8ddf3ce9,d8f0435d32ed6c394932238b1bc2c103,completed,2018-04-23 14:57:44,2018-04-24 19:03:39,2018-04-25 15:26:00,2018-04-27 20:54:59,2018-05-08
e5dfa353d229de8b9a6e25cda9b03130,fc97d2cc66ec9b7e1e09fba356b78467,completed,2018-06-26 19:47:26,2018-06-26 20:07:49,2018-06-27 10:01:00,2018-07-12 19:34:46,2018-07-27
7b511d9d317e777fb4552fa4c7dc717e,f08b3962307cba722fa392226a16c26b,completed,2017-07-10 12:23:45,2017-07-10 12:43:45,2017-07-10 17:05:13,2017-07-21 16:43:37,2017-08-11
e2b405ccb5839931cae6f89767eada9b,0056a2580b5c68cfa6b43c6ef6adbc03,completed,2017-09-15 06:32:42,2017-09-15 06:45:08,2017-09-18 21:43:55,2017-09-26 19:10:25,2017-10-11
99e5f0c685ca94e5a1c7134b1898bb1a,fabf206541756ff848d31278960701ac,delivered,,2018-08-08 01:25:08,2018-08-10 15:15:00,2018-08-13 20:24:45,2018-08-16
d4b13d051f5f54336f65b26b2c8255d0,80ca2b9de4805d464b87dce73116c6da,completed,2017-08-07 22:57:44,2017-08-07 23:43:27,2017-08-09 22:07:30,2017-08-10 15:57:30,2017-08-18
1161ed293dc0a40bbed57348919f65ec,b2f3350f0fcfb2df7ee8900d9fecff57,completed,2018-02-14 10:15:47,2018-02-16 07:50:38,2018-02-16 19:38:02,2018-03-20 22:24:49,2018-03-13
eb84695b82bc1d046f420135f35c52f8,60cdb2401584f6851ca9e6254009a2b0,completed,2018-01-16 01:11:31,2018-01-16 03:10:09,2018-01-17 17:28:40,2018-02-03 17:34:58,2018-02-19
9ba78cdb7ebed668566d399629fc74a6,837f6881094646f992554d6608720572,completed,2017-05-02 16:21:16,2017-05-03 14:42:44,2017-05-04 11:51:32,2017-05-17 12:44:43,2017-05-25
b7dec0ed6498c647ddaca1006fe6240b,8d0c97aee6fed824e2d1dd65eb09d104,delivered,,2017-11-24 17:36:32,2017-11-28 21:52:17,2017-12-27 14:34:04,2017-12-19
6ee77fd090a49ec9c4e15bd1a94e100e,d24a0f00aa18133811d0aa666da75ff6,delivered,,2017-03-25 02:15:36,2017-04-07 15:15:50,2017-04-12 12:39:05,2017-04-26
03128233e78ed8ade6738f2043f4cf8d,da1c9a7e7fa9de1d48ecd6d6e027313e,completed,2016-10-04 19:01:13,2016-10-06 15:43:49,2016-10-30 10:41:08,2016-10-31 17:06:03,2016-11-28
bfdd6ac5ada3910d1fbaccc4764fdf7a,46c2f44d74648856f74f92788848edc2,completed,2018-05-07 16:14:22,2018-05-07 17:35:30,2018-05-09 16:36:00,2018-05-11 21:46:51,2018-05-17
f7fa198627aefca94731f4ec2464271e,aef95302657b1911bdc55c37412632b8,delivered,,2018-04-17 07:35:17,2018-04-23 22:26:44,2018-04-26 15:22:09,2018-05-08
e0e836a1f8ee9e25d78d68727016e70d,2c78100a00d87d5c94812af161ccd4b5,delivered,,2018-07-20 09:45:17,2018-07-20 14:52:00,2018-07-23 22:58:27,2018-08-01
be6b5138c0b61238bd36565d70a864e6,86ce99d5744ae4ac3b99ff426147250b,delivered,,2017-08-10 07:55:18,2017-08-11 18:24:56,2017-08-14 15:28:09,2017-08-23
cd2c9b022c25b6279c5f61716a525c1f,4290bd84a6ae4fd0c1ade7aeb39d81cc,delivered,,2017-12-11 20:11:45,2017-12-12 22:37:04,2018-01-04 20:15:06,2018-01-09
64abededdf5e85a774c72bf6a4ea4a10,e821617ecdb325648a8f039e537048e2,completed,2018-01-11 10:29:13,2018-01-12 02:33:22,2018-01-13 14:54:25,2018-01-23 19:32:22,2018-01-26
bb5c56055a2362690b31944465465f8b,5c72a89f60c3aa1696568b6ad906cccf,completed,2018-06-07 09:41:50,2018-06-09 02:57:49,2018-06-09 08:54:00,2018-06-12 20:12:30,2018-07-04
7005da65f15cb4565505a05bbc8dee3e,a5fb67a73080413aa8305238a00b0440,delivered,,2017-06-22 22:43:20,2017-06-26 15:46:33,2017-07-05 16:03:50,2017-07-18
539f8cabdc5c85e2f451197749a96753,2d49987c2ebfdfd518cb64ad1d380083,completed,2017-02-13 22:48:58,2017-02-13 23:03:15,2017-02-21 13:59:01,2017-03-01 09:21:29,2017-03-13
87d439e33701be5b1e607849115ebf5b,0b683a7e42b6c883d715590590b5f986,completed,2017-12-17 12:00:08,2017-12-17 12:10:27,2017-12-18 22:42:22,2017-12-28 21:33:01,2018-01-18
f40b59109981de2b6d38eb4f42033102,eae6293ed6ddcdc7ef90d2b130dc2dc4,delivered,,2017-12-05 10:30:48,2017-12-08 16:25:00,2018-01-10 14:43:15,2017-12-28
a807e37413ae762568568100e439cfb6,4cad8e80a929c35386479f5845313874,delivered,,2018-06-26 04:35:20,2018-06-26 14:17:00,2018-06-28 23:21:27,2018-07-05
d7c88b34559c799b7170fb42a1222ab7,4bee7310eb7a2e6ff35cef3c2b3e0f5f,delivered,,2018-05-03 04:32:49,2018-05-04 15:46:00,2018-05-10 13:13:11,2018-05-28
50c2a6b25b1df03eff6f7249da47f931,7186629c8f63f25677899ab5350688c2,completed,2017-10-16 12:16:46,2017-10-16 12:34:09,2017-10-17 20:09:20,2017-10-24 19:29:50,2017-11-03
a43d72884af5f964762b9070af86b567,3e64ceeab7ec34164cc937c1b444c97d,completed,2018-07-18 18:53:03,2018-07-19 18:50:13,2018-07-20 12:34:00,2018-07-27 18:49:36,2018-08-13
6e522b46c78b3f2ba9e3b02f35b099de,0a4ce54374dbea3a49d7f31b0e7ae9f6,delivered,,2018-04-18 12:09:57,2018-04-19 17:46:53,2018-04-24 16:09:58,2018-05-16
fc1b9b5cbc32d283b6b7a023d0017d10,6e1f23d2506e1b305b1a730a046329a0,delivered,,2017-09-01 02:30:15,2017-09-01 17:59:57,2017-09-12 18:07:40,2017-09-18
9ff8d80b8ab2c8a80a16ba4ed7fee203,33c7ab37ec1d522359e98d00e420a5b9,completed,2018-06-03 13:23:46,2018-06-03 13:35:20,2018-06-06 06:08:00,2018-06-07 22:48:28,2018-06-29
394f1f9eb241c99e0090bc9f19e5ccc7,8e69913c447da381483a66e6c612b0d6,completed,2017-10-24 14:49:38,2017-10-26 02:57:16,2017-10-26 20:19:04,2017-11-08 16:09:10,2017-11-10
c614a7bb512bf1ddf2571743587c8cad,52600f42138586a44b2541c6eaff306d,completed,2018-01-16 10:09:03,2018-01-16 10:19:46,2018-01-17 16:37:14,2018-01-23 19:39:16,2018-02-16
6df0e5a8b0965f06d2e1219c846e1ad8,25fd5d5e6a1ab3e25399c96c96ad49d2,completed,2018-07-29 08:36:22,2018-07-29 08:50:08,2018-08-02 17:48:00,2018-08-07 16:38:51,2018-08-13
aa1bfc82ae55abe42cc7e85eefb1c994,9602f15c5b6b91e4332690c88fc5ea58,delivered,,2017-12-15 02:17:24,2017-12-18 21:07:10,2018-01-04 20:52:07,2018-01-16
4f83feea808ce7b6c6b80576c4f82809,447efb5f82d6ea044ec12018f2a69dc2,completed,2017-08-08 12:00:37,2017-08-08 12:15:18,2017-08-09 13:53:31,2017-08-10 21:42:12,2017-08-21
686c88e6a063eab771785d988188f5c1,969ffc0f7cc1175aa94fc82763b2172e,completed,,2017-05-09 10:30:18,2017-05-09 14:19:43,2017-05-17 13:04:17,2017-05-19
25a9d190845d7c88b05484cc31ae09e6,667685fee85de634f3c222e85dd8063e,delivered,,2018-01-10 10:33:03,2018-01-12 23:42:52,2018-02-01 16:06:04,2018-02-06
88594435967726f387be4e2e6db45f41,5f2e4b4b4ab6b3c9a85391c814d62172,completed,2018-07-30 20:28:22,2018-07-30 21:04:19,2018-08-01 15:31:00,2018-08-07 03:22:03,2018-08-09
1c1e0f9cc23b897d0dafed078015e273,fdfc8e4fd54596e9afe094b285258121,completed,2018-03-30 18:37:00,2018-03-30 18:50:26,2018-04-02 21:58:49,2018-04-28 00:19:18,2018-05-03
5410087995e1ebb53c26ce8e52ff29e0,febf66a130bc1bc3d35546f466261511,delivered,,2018-07-14 00:23:55,2018-07-16 13:37:00,2018-07-20 15:33:36,2018-08-03
70c13d94aa6f2f57d27a7babb9f0d215,333bd9e7da0cdb867ce8c636a5ab1e0e,completed,2018-08-26 12:06:17,2018-08-26 12:15:19,2018-08-27 13:53:00,2018-08-28 20:50:44,2018-09-03
31f7635117f842a96eaf8c03bf2c8dbd,272a66e5c06a785604f496b1d4bb8aee,delivered,,2017-08-02 20:25:20,2017-08-07 17:57:48,2017-08-21 16:35:23,2017-09-05
675abab9ccc9b20646e60d1846641618,ba34bfae97ed2bfeb61042af76893bd8,completed,2017-07-25 20:52:18,2017-07-25 21:05:11,2017-07-27 14:36:50,2017-08-01 18:27:28,2017-08-17
342b32ffd8aaa93d30dcf0497eeefbcc,ca5c7d66da557d5c557b5bf6e1ef2eca,completed,2017-10-27 17:18:09,2017-10-31 04:10:22,2017-10-31 21:59:31,2017-11-08 22:21:10,2017-11-17
c8064c27a7a95d048c1b15c09747ed80,a9dc1550353a0551d4ae2092bac399ad,delivered,,2018-05-14 22:37:31,2018-05-15 13:27:00,2018-05-21 17:06:57,2018-06-01
ccb6252838b1f9b4df467fe221e1f722,f449fd9a4efcb0cea3b97c27c05bae01,completed,2018-06-22 15:54:48,2018-06-22 16:20:13,2018-06-26 12:40:00,2018-06-27 15:18:54,2018-07-13
fd29920a0c21d7b7d5a2350ab9fab08e,ccbda4e04f7b516e64a26088f22cdaf9,completed,2017-12-05 00:05:32,2017-12-07 03:11:01,2017-12-08 18:22:28,2017-12-15 19:32:20,2017-12-28
b22b9811c2074480cc93f9e8b8e4c8b5,3d5611fadabfffc730fbbffaeb7cecbf,completed,2018-06-03 13:21:09,2018-06-03 13:35:12,2018-06-04 15:14:00,2018-06-09 19:41:41,2018-07-27
c298146eb4abd03afe4402ae168d7637,901a46cb14e58bee8dfa6e36c7df0184,completed,2017-11-25 18:19:03,2017-11-25 18:34:02,2017-11-29 20:48:38,2017-12-05 22:09:40,2018-01-02
f506fd1443d94ad16f25a94426fb8805,fd96f7c811ef18a28ec69e471328b60b,completed,2018-05-24 22:57:40,2018-05-24 23:18:23,2018-05-25 15:30:00,2018-06-02 20:18:34,2018-06-21
8ac09207f415d55acff302df7d6a895c,2d8bf5f6862af587af2e0b085a04bf0d,completed,2018-01-29 14:50:01,2018-01-29 15:18:37,2018-01-30 17:36:57,2018-02-01 15:43:08,2018-02-14
b4646db3266d2dcfe81b59aed062d3d7,c4a4198eed8a98fafd29a24afc9e6886,completed,2017-11-26 23:02:29,2017-11-28 03:39:33,2017-11-28 19:57:59,2017-12-17 18:36:50,2017-12-22
5da2004d85f2828349d887c989da2adc,95f592086150f0c95d3082aea047b816,completed,2016-10-05 20:20:59,2016-10-07 02:48:26,2016-11-21 10:23:41,2016-11-26 08:16:49,2016-11-29
504b7c1b22122e429928dcd1ecab50c2,6b0ce605437c4dc06f3ceabbe52ec569,completed,2017-09-12 12:57:09,2017-09-12 13:10:18,2017-09-14 16:01:37,2017-09-22 17:14:49,2017-10-09
742a36775534b588ed2a62ba4c2d9cd7,b3137029b6e1d3d2e172a8725c0d3e5b,delivered,,2017-07-29 02:23:30,2017-07-31 14:27:28,2017-08-12 11:33:14,2017-08-17
31827c49aa741fe6dc05ad3f63fef4e6,f8104ccef143d4fdd2690976345d235e,delivered,,2018-07-05 16:19:40,2018-07-05 15:26:00,2018-07-12 21:45:31,2018-07-24
d279acf202b55cb48ca420ecd39105e3,64e4610c79c90cff2b13643f3708ea16,completed,2018-02-21 19:39:07,2018-02-22 12:35:40,2018-02-22 23:15:15,2018-03-03 15:52:23,2018-03-14
0999a91ea28eb69b5120ccb4c90a1ff5,660bc90c1f3edac49bbbeda20afdfb59,completed,2018-01-05 20:37:59,2018-01-08 20:31:01,2018-01-09 16:34:16,2018-01-16 16:28:12,2018-02-06
8ae04dfbb6a99bc4d4871edc08bf8ee8,69669ffeb8cceacaeba748ae8e50af0b,delivered,,2017-11-24 22:54:08,2017-11-28 20:34:07,2017-11-30 14:42:30,2017-12-08
924b9944de552a095cc8e4978ac8a518,93aaeed4e69b8ff70a4a732cee3e0415,completed,2017-12-05 19:04:17,2017-12-05 19:30:52,2017-12-07 00:18:56,2017-12-11 21:03:11,2018-01-05
f9281da15642bc69f27307e1dc987b30,bc69102e8ae3e541c0a2762ce71264e5,delivered,,2018-05-14 11:34:48,2018-05-16 16:36:00,2018-05-24 20:32:46,2018-06-01
96dcfa01eb8318b92700f1e4e3709fcc,662ad4f6eb71e1eee49899ffe25272a2,delivered,,2018-04-19 17:35:20,2018-04-20 18:21:27,2018-04-25 17:14:51,2018-05-14
61966b6a3c4c582bbc36995227175fc6,a9a9a5f7935431f8f3a80e31bf910a0f,completed,,2017-05-16 03:22:43,2017-05-16 15:18:39,2017-05-31 15:45:00,2017-06-08
1cfced67fb82caa7fb2b4521de6e18e7,6bbe6939dc1b42b2e1d8622e5dbc0649,completed,2017-11-27 09:02:55,2017-11-27 09:16:12,2017-11-28 19:44:02,2017-12-05 17:19:13,2017-12-15
c49181fdd58a10a077a8a075b9a46e6b,48145944557a9c6c41f6db3a5e4bc4f2,completed,2018-04-02 18:39:26,2018-04-02 18:55:29,2018-04-03 20:32:59,2018-04-09 21:26:39,2018-04-18
d028d198f371aec5c0bbcadfc46c943c,96102e6a12a4cc071c0f51102e8feb5e,completed,2018-07-18 19:52:04,2018-07-18 20:05:17,2018-07-20 12:58:00,2018-07-24 19:44:25,2018-08-09
cde3f389a60c48bf85f49e8daf2144f9,1e98ec6af6b00f2b6c4974181855fbf2,completed,2017-04-24 06:49:48,2017-04-26 09:38:00,2017-04-28 10:34:30,2017-05-06 10:30:13,2017-05-12
496e779d0a36724d70beaf6ea94d7d9d,02f8299d68b913a3584db28a189be007,delivered,,2017-02-09 02:55:17,2017-02-10 13:57:54,2017-03-01 10:39:08,2017-03-20
3fcef5a4695061c567a02de2dd0cf7b7,5f2ce2a618a5d5cb6b84b9b1bec126df,completed,2017-02-17 17:46:01,2017-02-17 17:55:12,2017-02-22 09:20:00,2017-03-03 08:34:16,2017-03-27
2b473386b4243407da363718a2a382fa,15643864e18a9fcfad07392e13e28c55,completed,2018-06-05 02:14:49,2018-06-05 02:30:09,2018-06-05 08:18:00,2018-06-12 18:24:35,2018-07-12
8564695f6dfb1c4384d76dcf8e96ca35,268618e50b74d8bcdd12b134768be28a,completed,2018-05-03 09:44:40,2018-05-04 10:15:18,2018-05-07 15:05:00,2018-05-11 16:56:49,2018-05-22
3d5315f37b47c3b1d6a340014b809cad,0095d34ddb16f0d0776fc9f2a341dfcd,delivered,,2018-01-13 09:37:27,2018-01-15 17:22:41,2018-01-25 19:41:11,2018-02-07
9e536c5c989c3bc5667dde34c3490e0f,e9bcc0ba339fc79fdcabb987eb0ff722,delivered,,2018-02-16 11:30:37,2018-02-22 20:29:03,2018-02-23 15:13:32,2018-03-05
529a65336debb1c3e3327d7d67dc733d,37b891af1e46170207e5e0dcb2f88dd8,delivered,,2018-08-22 19:04:29,2018-08-23 12:08:00,2018-08-30 20:51:26,2018-09-14
840ee6b10ece14a3b4612f72e1fe6c75,83669924eef714e9bb9d979ceb69430b,completed,2017-10-22 01:00:13,2017-10-22 01:07:22,2017-10-25 18:19:05,2017-11-06 16:31:43,2017-11-13
80aa9c31556571f08988f12dc07476e1,ad4316eb148e96ac9e3e8ca82cd92717,delivered,,2018-07-12 04:10:14,2018-07-18 12:50:00,2018-07-25 21:57:05,2018-08-09
5859370f19fe47ef87a4b0d110e6cf67,51795c9dc161dc05ef36dc8460dfa7e7,delivered,,2017-05-30 17:23:15,2017-05-31 11:10:13,2017-06-07 09:23:22,2017-06-22
dd082c5f38a7001c40cf57a14f1b3b34,877e706c542a3af30b80f32d160dd874,completed,2018-03-15 13:20:24,2018-03-17 02:45:45,2018-03-19 21:52:48,2018-03-23 20:24:37,2018-04-03
bb713fd5cb7b02db84e82bee9c98304e,9088dec5473bc02ec4560958866cc524,completed,2018-07-13 21:06:19,2018-07-13 21:24:06,2018-07-18 12:00:00,2018-07-24 00:42:46,2018-07-30
c48e0c0045493baca42f6350289f1470,5660a2b24ae2f9e6a4f8d8c393ef408a,delivered,,2017-05-09 17:45:19,2017-05-10 11:23:42,2017-05-16 19:58:05,2017-05-29
28ba5952fc9baba1dc6797734ca82680,b4486d6bad6090e04d0f13164eb03557,delivered,,2018-05-29 03:14:46,2018-05-29 08:43:00,2018-06-05 16:28:24,2018-07-11
ffb64a7ef1be26d9bd759c6ce1c47987,60f516a0beabe65a204371fb91b51cb5,completed,2018-05-11 22:36:43,2018-05-15 05:14:44,2018-05-15 15:39:00,2018-05-16 13:31:58,2018-05-22
d5b4f23f53baadbbaaf0c6a983494333,9eecb0e524388f6bab5f8dab088a930e,delivered,,2017-11-04 21:05:47,2017-11-08 21:28:35,2017-11-13 17:43:16,2017-11-29
d1e51d46442dbad6b79b800dc7293869,312d3027d9c519119c09bbfe52d6a912,completed,2017-11-21 16:06:04,2017-11-22 02:53:14,2017-11-24 19:03:08,2017-12-11 19:43:30,2017-12-11
9788236680f37865a436975b87343adc,f19dbaebe68aa4476b88208062c068d4,delivered,,2018-01-07 13:27:08,2018-01-10 18:29:05,2018-01-29 23:43:08,2018-02-22
dd8532619e81337caf4ddc77fb34d981,4c82b862da252196bc8936f210aadc8b,completed,2017-05-15 10:58:15,2017-05-15 11:10:15,,,2017-06-02
9570539b2a98b46f96b1b029b1d76b03,cac5f6355ab50f1e1601e864e3735c94,delivered,,2018-05-03 10:57:09,2018-05-04 10:19:00,2018-05-23 20:59:53,2018-05-30
b85a7527aeed7648354efec94c8db7fd,d9c2e17e0fbeebd71fa661d9d6bf65bf,completed,2018-02-22 17:42:15,2018-02-22 17:55:50,2018-02-23 22:59:33,2018-03-13 11:46:47,2018-03-21
7106145f3789df33a461a2544bc2953a,9c55ef8e0bdf003d13d7978e45a3e370,completed,2018-06-06 21:58:02,2018-06-06 22:12:22,2018-06-07 13:58:00,2018-07-04 14:11:34,2018-07-18
ff3c0c2207c6a0aad6029251042fd6d1,547d508789892862fb96edcdecc4b261,completed,2018-08-14 22:21:43,2018-08-14 22:30:27,2018-08-15 14:35:00,2018-08-17 21:18:44,2018-08-27
058c781acedf69d42ac38a568ca97b05,5f20182d4742c105de1967ae7154043c,completed,2018-05-05 21:03:55,2018-05-05 21:33:03,,,2018-05-28
76c4c846aae2dae9e87dfa492c3f5259,8c193b870f6af1254fdbf4bffed544a3,delivered,,2018-08-06 14:10:22,2018-08-06 15:43:00,2018-08-16 16:59:42,2018-08-31
6f4864c33cda993b4b5d83ab68c28ef2,4959f24c154abce1a3ccd181696d2069,completed,2018-03-29 16:39:11,2018-03-30 03:15:23,2018-04-03 23:29:37,2018-04-09 16:49:20,2018-05-07
d1d539886286149eb3de077b14628918,a17911e007d948f30c700f81279a60ee,completed,2018-04-27 13:06:08,2018-04-27 13:15:24,2018-04-27 15:23:00,2018-04-30 18:22:35,2018-05-15
29d0c2dcd3c5d5fc8737f0b81bea7304,e4d5a32cc316be61bb51af386f67ba08,completed,2018-05-10 08:36:03,2018-05-10 08:55:44,2018-05-10 15:47:00,2018-05-11 19:33:10,2018-05-24
bf73f313ea64d4593da0084e25f67044,ac4adaa56772c24c8307ca0bc82e8779,completed,2017-03-23 13:50:36,2017-03-25 02:33:48,2017-03-27 11:12:18,2017-03-31 20:52:16,2017-04-17
a009ada42a46d83328c627c1ffc57f56,b1ff51bd725d9c52689b0cde47656bcd,completed,2017-11-06 21:44:01,2017-11-07 05:31:26,2017-11-10 20:46:52,2017-11-20 21:34:36,2017-11-30
0cd445b0eedab80706bb88ed32325d08,c8fd8ff6d1ad23474b5944bb65a13d37,completed,2017-07-08 22:01:09,2017-07-08 22:10:13,2017-07-11 10:35:25,2017-07-28 18:04:22,2017-08-03
b6a0322c894b82bc08bc02b35a9f12e8,e4acbb6c7d6f37e7e3549f41c95562c3,completed,2018-05-02 20:36:38,2018-05-02 20:53:55,2018-05-03 11:24:00,2018-05-28 15:48:43,2018-06-06
2d78939bfc4d766dcab37fe477841c1a,92c9aea03108d38e89023741442b118e,completed,2018-05-13 02:01:30,2018-05-13 02:15:07,2018-05-15 13:57:00,2018-05-28 14:27:42,2018-06-06
c169a9e130193e8343151c84accb258f,77e912c19fdfce2abed4fff5c47e5527,completed,2018-06-07 23:17:16,2018-06-07 23:35:26,2018-06-11 14:16:00,2018-06-20 18:29:58,2018-06-28
5e41827b759a0bb0ed7c166e8f9f43e1,7bced3969d47023b7ab580e4cfdda7ed,completed,2018-06-28 12:39:44,2018-06-28 12:50:26,2018-06-28 18:59:00,2018-07-05 18:54:47,2018-07-13
f4eef947e4385f95c5a7184a689fe241,f59463f6531124e7598a3ae111a753db,completed,2017-04-08 18:03:40,2017-04-08 18:22:28,2017-04-28 13:39:08,2017-05-15 16:27:44,2017-05-11
45755149572c323be55506b108bcdbf9,332075f1afb4ca1099819b4379bd2e8d,completed,2018-07-31 16:35:46,2018-07-31 17:24:21,2018-08-01 13:47:00,2018-08-06 19:50:55,2018-08-13
cb891a8a4daa2130941d2458f013b1b1,a1fe058e09f7cc693afdd283b2923421,delivered,,2018-01-31 17:35:31,2018-02-02 20:08:50,2018-02-15 19:35:30,2018-02-26
6e3aff29a0578d221332c4feecde19b2,201e5d199882bc09584e409388babd6d,delivered,,2017-03-31 21:45:33,2017-04-03 16:28:21,2017-04-19 11:52:17,2017-05-04
b62f088b105938198ca85cfd28e93efb,e0db0394d5cb8befcb6dbf57b1e7aa61,delivered,,2017-12-08 11:14:24,2017-12-11 18:12:38,2017-12-19 22:10:58,2018-01-05
446fdc806b0c1bade7477c8adb83b9e7,f1afd1b05c94e42923ad3cfa6d34c344,completed,2018-03-05 21:42:32,2018-03-05 21:55:24,2018-03-06 18:16:56,2018-03-08 21:48:26,2018-03-15
bd6423665c409db201f2193150cc8a83,f6f8afa3c76a31ae8b3f3dfea2083c15,completed,2017-12-10 13:53:34,2017-12-10 14:10:30,2017-12-13 16:53:28,2017-12-23 19:37:31,2018-01-08
d0e60fe0d150be98baa246426889d6cb,55311e340fbb8c4620330ff5a576f179,completed,2018-05-27 13:23:48,2018-05-27 13:49:46,2018-05-28 14:03:00,2018-06-07 23:10:47,2018-07-18
1031ac71b203bb98af456f6abf3c8862,9385cf864be9db1cdf47e4f45d3bbc6b,completed,2018-02-13 15:32:19,2018-02-13 15:47:52,2018-02-14 15:34:00,2018-02-26 18:52:38,2018-03-09
a7369745f22345ef2b1cbfc57e4e0a73,e3e00b7ea484ae1ef4b76737e3ec56fa,delivered,,2017-03-06 20:23:02,2017-03-09 08:42:49,2017-03-13 11:04:53,2017-03-27
d8fdddcd258b88c4919c52ce44756a39,c796c9785a45472c03b45277e6e4c2c3,completed,2017-09-30 10:43:41,2017-09-30 11:20:12,2017-10-02 14:46:52,2017-10-04 15:54:26,2017-10-24
351a4161d1abb1089cd923ba455f46cb,137405e93186f07fb1006c5015695907,completed,2018-01-18 15:26:35,2018-01-18 15:36:30,2018-01-19 22:42:18,2018-01-25 19:22:40,2018-02-09
4f586e2756d31db4f5d770d170dd51ae,9b7822c67a91b431e9254007b587214d,completed,2018-05-01 20:45:44,2018-05-01 21:12:28,2018-05-03 15:05:00,2018-05-11 11:42:03,2018-05-29
f93b3cb75ff8589459a1280b46c3b6b4,5b90f32250ae148d5e833a5add2c9adc,completed,2018-05-22 16:17:23,2018-05-22 16:57:57,2018-05-23 14:13:00,2018-06-06 20:32:43,2018-06-14
b52d00911bca95129c6468a48c807de2,e3594043f88c95220d9cccb2e97708fc,delivered,,2018-05-12 03:35:08,2018-05-14 16:00:00,2018-05-17 20:22:21,2018-06-07
6efbd8421b279564f46ea058cb1f8f42,f959e95df30671a5677044adcc37c138,shipped,,2018-01-09 14:09:28,2018-01-15 22:42:58,,2018-02-15
43ffc9065f8cc9f90df31987043188d1,6f6da18312d149f2f0c84b624212dc18,completed,2018-04-20 13:30:56,2018-04-24 18:40:15,2018-04-24 21:06:55,2018-04-25 21:29:43,2018-05-07
c96bb2323dfac3672b0a52e5add6b1f8,d73e02185ff717a508033f6befb48778,completed,2018-03-15 20:33:23,2018-03-15 20:48:45,2018-03-16 20:37:46,2018-03-26 16:48:59,2018-04-05
a8c92467b395f106cc93c91b6eb782e1,39523c1ff374843be2ac90cae00e8e04,delivered,,2017-02-22 03:22:55,2017-02-24 14:52:35,2017-04-02 09:50:07,2017-04-10
27bef9e280946001761b32ae6463dbe0,226f45581c1b5fe6ab7ac0d9e060a2c4,completed,2017-08-10 15:28:01,2017-08-10 15:43:42,2017-08-11 13:52:34,2017-08-14 20:47:41,2017-08-23
1c6538c8fc11f02d495ed84516f5c645,a3cfe1fa5dc5b58a54aef0aa5da71b45,delivered,,2018-04-30 14:32:34,2018-05-03 15:21:00,2018-06-05 23:21:01,2018-05-23
64570ade1d7db4b051bf5387c94bc96c,068a6193792ce340374afefa699e8880,completed,2018-08-17 18:16:56,2018-08-18 02:49:54,2018-08-21 16:05:00,2018-08-22 19:27:38,2018-08-27
cface3d9f0cffca04d1a90e042db06a3,c91b4e8ba054b6bd242bb17bcf7913bb,completed,2018-05-10 00:18:58,2018-05-10 00:34:07,2018-05-12 08:09:00,2018-05-25 17:21:26,2018-06-05
3b075cdef3ce549b7e7b8d6b4678ebd8,4d241930b5a4587fb9738efd3a3ee4fa,completed,2017-11-29 22:12:59,2017-11-29 22:39:57,2017-12-06 11:27:00,2017-12-11 16:53:21,2017-12-21
96acc057158c055d3508b8379df12cea,d29d92e86e87e8732c9558570df752ca,delivered,,2018-07-10 09:55:16,2018-07-10 15:06:00,2018-07-13 00:06:52,2018-07-18
a2ccfabd53f695441e4e9412ba9f8c63,e19ec9633dd14e28d7a23a4fcad2a945,delivered,,2018-05-03 18:15:31,2018-05-04 15:29:00,2018-05-08 14:42:18,2018-05-18
14653f2c907e27b1222157246d382c28,120dd4afde62b0c8dfe915a1597950bd,delivered,,2017-09-22 04:17:17,2017-09-22 21:22:50,2017-09-28 13:34:12,2017-10-11
48acec853641fe35696ffb5b01c44dd9,ba0083b9f813e6e5830fe651ce796037,completed,2017-10-03 13:02:57,2017-10-05 14:44:31,2017-10-09 11:32:44,2017-10-17 19:28:15,2017-10-26
c39b4b096477122be2548ca4b4462b21,cc4d7af7a584bf8b5bca2dca7e2200c5,completed,2017-12-24 19:01:26,2017-12-24 19:12:23,2017-12-26 21:22:17,2017-12-29 20:32:40,2018-01-30
16ee199eae699a717d29b7135597f94f,23f7f3f474507051261761742f88c5cd,delivered,,2018-04-11 01:10:16,2018-04-11 15:41:44,2018-04-17 22:18:26,2018-05-07
18b63a7615ed42ad3069b47278bdb298,5373c55da34967b583bbb58b41d48e6c,completed,2017-05-23 17:54:55,2017-05-23 18:05:07,2017-05-24 17:27:53,2017-06-13 14:44:32,2017-06-19
5703c825c39cb1235c7e8a3be949054d,094340afa1c674f88c7ffde85d6f9644,completed,2017-11-29 19:51:43,2017-11-29 20:09:50,2017-11-30 22:52:54,2017-12-10 17:27:26,2017-12-22
6e0261934103e060a0bed9e878373374,66a470a0e1d8c76b9a21cb40912bca2f,completed,2018-01-17 10:11:03,2018-01-17 10:18:25,2018-01-18 10:17:25,2018-02-02 18:46:55,2018-02-14
a42f5a19988bcb397ae627a3a72eb735,bafa1579d04b177aecfc4ae43af01b18,completed,2017-08-27 16:38:29,2017-08-27 16:50:13,2017-08-30 19:22:17,2017-08-31 15:41:41,2017-09-08
e5b2ed06cede059b5085e68c5225d993,e6882e9b4d8cac7125a6d98947ae0bf3,delivered,,2018-01-05 13:10:28,2018-01-10 18:49:38,2018-01-26 00:26:56,2018-02-02
1ea0993dbee417148367f2243ce047ec,02b2b9ae976e3d979e488606fdac435e,completed,2018-01-27 11:20:42,2018-01-29 22:15:25,2018-01-30 18:08:43,2018-02-17 00:04:09,2018-03-01
cb4b8586416200f4f78647bb9b690543,bd46ef0523578ea078328cf1e798a4b9,completed,2018-02-05 18:42:01,2018-02-05 18:55:38,2018-02-07 23:04:33,2018-02-14 20:07:52,2018-02-21
39440d3f8a70fc392a19f6a6fd1af993,6f715b0f57a3f9763415e74d205782b4,completed,2018-08-19 11:30:36,2018-08-20 11:32:51,2018-08-20 13:06:00,2018-08-29 22:03:14,2018-09-12
6e92a04973cb201200ecb4d6f82bb5bd,dc74aac682ad015d9b0e0fa85182e16f,completed,2018-03-02 17:45:24,2018-03-02 18:15:35,2018-03-06 15:32:34,2018-04-11 17:52:32,2018-04-02
bb7cf7d6dbc99d0fd7bf5c103862d714,8b0c1ccac39f48b8c9394e460e30297d,completed,2018-04-25 17:17:26,2018-04-25 17:52:34,2018-04-26 13:07:00,2018-05-16 13:32:30,2018-05-22
bd4e7bc5d050cfab04d0b18702b654d7,57020ab4930fda0c90292f4c4d7b6d25,delivered,,2018-03-29 13:07:33,2018-04-02 15:52:10,2018-04-13 13:28:30,2018-04-20
13367e74393271c3cc6d4e43540ef547,ac68fcce5f4ce4464d340e620f7808eb,delivered,,2017-12-17 08:33:35,2017-12-18 23:21:53,2017-12-21 16:07:39,2018-01-11
92067448c4d19cbdc8e0f8dd683e63b8,6c95355bb9260a9b0abbe3e226bd7a16,completed,2018-05-03 22:41:07,2018-05-03 22:55:14,2018-05-07 09:17:00,2018-05-10 20:42:42,2018-05-23
85eb5489e874a057b18c8b01ef44d1e5,fd37618b280487ff41f7d9d62cb35552,delivered,,2017-06-29 02:50:31,2017-06-30 17:08:51,2017-07-17 20:42:22,2017-07-25
bcb6134869795ad066027719f33af2d7,3431cbe244e35b43d22a485ed8752e5c,delivered,,2017-11-23 02:47:40,2017-11-27 23:58:37,2017-11-30 21:06:25,2017-12-07
02b2c02d27d60c0e658675335ca80216,9d467d901959584e227cdeb1dd1e0c62,delivered,,2017-08-05 13:10:18,2017-08-09 20:07:44,2017-08-31 18:37:37,2017-09-05
f577c78346131418552c3d7fea582723,06d338952a08988a496796c25a61d12d,completed,2017-09-11 11:41:16,2017-09-11 11:50:51,2017-09-12 15:46:02,2017-09-25 20:47:38,2017-09-28
e085a1b1ca9ba6f5fbde50295ce6b357,2ef522c87ac1508af9b31a67f36d4f3b,completed,2018-07-27 13:43:02,2018-07-27 13:55:16,2018-07-27 14:03:00,2018-07-31 16:32:16,2018-08-10
9afe864f4e1be97abaf15a8107361413,606a373040ab8900cd368e44e6a7bb9b,completed,2018-05-13 18:08:30,2018-05-13 18:32:14,2018-05-14 10:50:00,2018-05-18 13:12:44,2018-06-04
184cc3e09f63ccf3f0de8067b3badfb3,6e5579939594a12931611fb2b455b08d,completed,2017-03-24 20:59:38,2017-03-24 21:10:12,2017-03-27 08:09:45,2017-03-31 14:42:37,2017-04-17
cd07e3ceeebd529181ed30afdf30d43f,3c96cfdac2bce85bd05840b62c0e2e8e,delivered,,2017-04-21 16:50:18,2017-04-24 17:44:09,2017-05-03 14:32:54,2017-05-23
894f91c1c79ed1df3d678edb9970e88a,86026411ceb03f946a2ee941191ee906,delivered,,2018-01-07 17:07:10,2018-02-14 20:36:32,2018-03-01 17:52:32,2018-03-20
a795d23a5dda16a79cabe752ef263cf7,97091f48563cf12e2e81034e5e6f124f,completed,2018-06-19 18:59:37,2018-06-20 02:55:35,2018-06-20 14:18:00,2018-06-25 18:36:59,2018-07-12
77265921b538b8258ca73fd168e46ab2,7bbd0991ce7abc02edc027353b6e3f73,completed,2018-06-10 12:43:02,2018-06-11 12:57:00,2018-06-21 08:25:00,2018-06-25 16:12:34,2018-07-13
7e72165c5aea9996c625cfe62c8e1500,06db786002c0a85b36bdaca70b9fb4fe,completed,2018-03-04 12:00:53,2018-03-05 12:09:07,2018-03-08 18:33:15,2018-03-23 16:55:20,2018-04-02
6048533001f5fce8b89fa52898d99047,77fe44efe5b14555df44f027cae1cdba,delivered,,2018-07-21 16:25:11,2018-07-23 13:56:00,2018-08-07 18:46:53,2018-08-20
b2270b13a48230d3898b0e5a2abcac01,c2a7fc350843a4acc78dbbf7bf923755,completed,2017-10-16 11:15:09,2017-10-16 11:33:48,2017-10-21 12:42:03,2017-11-01 19:18:44,2017-11-07
bf0310bae1a889330a16496d6f7b8628,0977ccfa0b60832ce18f226b73853918,completed,2017-07-31 13:43:10,2017-07-31 13:55:23,2017-08-03 18:03:16,2017-08-21 19:13:26,2017-08-22
1e7bc4fa92ad71dd2603c7582ebeabf8,ca693ab312ae43e69370a1df11f190e3,completed,2018-05-13 23:02:50,2018-05-13 23:11:59,2018-05-14 11:18:00,2018-05-22 19:26:42,2018-06-14
cda39e972551602661cd5e8908ee82b5,9937a5e470c80919fea6199a76d8bc8f,completed,2018-06-23 10:35:04,2018-06-23 10:58:54,2018-06-26 14:17:00,2018-06-29 22:12:10,2018-07-17
d53d7b60c29d9e2fba820bfbe027df12,73e311686e5dc3940033eeb56edebd69,completed,2017-05-25 22:17:18,2017-05-25 22:30:18,2017-05-31 09:57:23,2017-06-07 11:32:03,2017-06-14
d39b2823c7beda9e56a1783db04df596,83353be61700ed54d5e9d1b3f0dbc4b8,delivered,,2017-02-03 10:35:11,2017-02-03 12:00:59,2017-02-14 04:54:56,2017-03-03
dd4d421872976011ae063357e010a0cd,e67d7a7f5c958be8a6c11175170beab9,completed,2017-10-14 20:30:54,2017-10-14 21:06:25,2017-10-16 20:10:46,2017-10-22 15:55:49,2017-10-26
568e71250d146ee4bf4b6f85617c6843,0ed1c626189e974a2ba199c5f7c23bbc,completed,2017-08-27 18:27:06,2017-08-28 17:04:55,2017-08-29 19:26:08,2017-09-04 12:04:40,2017-09-14
8f505b97d690e877f34131b13f828667,8f05d87aab36238f3b226c49a39e83ae,completed,2017-11-14 19:11:32,2017-11-17 04:15:34,2017-11-20 18:55:05,2017-11-26 19:25:24,2017-12-08
3cc50a462016d06a3cebf8f5731d3ee6,275232a5e605bb6d1f97eb77679bfd0f,completed,2017-11-23 20:26:23,2017-11-25 05:19:24,2017-11-28 19:08:30,2017-12-06 22:37:16,2017-12-18
0bb34cb6a7308c8a0be897369360bcd6,dfd31f8e07d6a7078ae3c8119cef1c2e,delivered,,2018-04-05 13:48:42,2018-04-05 23:55:18,2018-04-09 22:32:13,2018-04-27
eec5a5f87ba565c451bd208e03ed3b2a,ee314c2fe1e72ee78535c5564f24e8aa,delivered,,2017-10-02 22:49:28,2017-10-06 18:39:05,2017-10-17 01:19:27,2017-10-24
119b6b27a344f78d540a9fd0f01cfcb2,deebff8a88f096e12991c0f1caa309d3,delivered,,2017-06-03 02:22:42,2017-06-08 08:56:36,2017-06-19 15:13:17,2017-06-26
4b1fd4c19cb4a9c1dc657af8a028d002,810c7f3d2980da39feb31e235cc6875b,delivered,,2018-02-08 11:50:32,2018-02-14 19:59:04,2018-02-24 01:19:54,2018-03-22
b1b6c6679301e883c54342f1610a5360,16b44956cca18a175a2cab5956fea5d5,delivered,,2018-01-27 19:19:42,2018-02-15 04:26:38,2018-02-23 19:43:08,2018-03-12
76b8ef6b0f6db30a373e60af37961b2f,ac297eac8d48f3561ed2f5f84c439cfc,completed,2017-07-18 11:11:07,2017-07-20 02:15:44,2017-07-21 19:41:24,2017-07-22 12:11:59,2017-07-31
0094d4660e323945f84f5c29eb348aae,b2381a85f8237639da2719cd5981b007,completed,2018-01-24 22:05:42,2018-01-24 22:14:25,2018-01-25 18:22:43,2018-02-05 16:04:17,2018-02-23
957ae16eb95929758c00d37bb8169b6d,3050b0a7a0f1de5eed8db1c7d211cb13,delivered,,2018-02-25 18:10:19,2018-02-26 19:41:57,2018-03-01 21:37:00,2018-03-16
b0c04ea907df18b10625b845cb6ddc10,95c1444daa9e7372d604f64f3ee1a567,completed,2017-12-05 10:19:57,2017-12-05 11:05:33,2017-12-06 21:53:21,2017-12-28 00:29:04,2018-01-10
037ded3ba29ebe9a96acb1177cc52b51,b4bb8edf40ac2899a46919469fd8d21b,completed,2017-10-26 15:07:45,2017-10-28 03:07:07,2017-10-30 19:51:42,2017-11-03 23:21:31,2017-11-17
296208cb125865ac74241ae82932093e,e7de5bb1a046dab796306f7c85bd014f,completed,2017-06-09 22:50:05,2017-06-13 04:35:32,2017-06-16 13:33:09,2017-06-26 12:16:06,2017-07-06
ef1f03f43bc6cbad70025fec6b2d369b,ced97a9646c3faa02d66ac532db985cb,completed,2017-12-23 16:04:44,2017-12-27 04:14:50,2017-12-27 21:55:50,2018-01-03 14:57:23,2018-01-15
b541ddf0b037dc357b232eac15bca4a7,a9747726d8eee30a4508fa88cd8a20a4,completed,2017-11-08 19:49:12,2017-11-08 20:30:58,,,2017-12-08
4439ae87a236a720d52416f0f5b816e7,b8f9780d616aaacbbeebe26992a38ab6,delivered,,2018-05-17 10:38:34,2018-05-17 13:37:00,2018-05-18 19:14:35,2018-05-28
a15fc4ce7d1b1cd6ec005a2f267758d8,ab2edda563a03f3767a676f16b29f45b,completed,2018-08-14 14:29:53,2018-08-14 14:44:19,2018-08-15 09:57:00,2018-08-20 13:58:31,2018-08-23
46f4a081ff99f052875639e33bf5d1d5,f86397554a5832c14ba104c85bbe7c39,completed,2017-10-09 20:39:31,2017-10-10 20:49:57,2017-10-21 12:42:01,2017-10-28 10:08:42,2017-10-26
5dc415d2a18c5bf06c2525fae14fb537,6f8f59c663734b3f188aba68f54342c3,completed,2018-01-02 13:08:31,2018-01-02 13:16:26,2018-01-24 18:09:24,2018-01-28 13:13:23,2018-02-02
2ee6def4881e350b9ebc0f96b08cdac0,b486f1603eb026a5be2e007761fd803a,completed,2018-05-11 08:42:16,2018-05-11 08:58:10,2018-05-14 16:40:00,2018-05-18 18:43:39,2018-06-01
61a689b9ff547322cd08d17069939e86,dafde71460a8cb1b3c205fc8825cdc53,completed,2018-04-06 12:25:07,2018-04-06 12:35:18,2018-04-09 12:13:24,2018-04-12 23:28:43,2018-04-27
a67ab576f5aab60b3a2d39cb3a94c620,f731689ff400d169f1c568418ef8e856,delivered,,2018-02-13 23:07:36,2018-02-15 17:29:13,2018-03-06 16:49:05,2018-03-14
8b353b3ac8bd5c8a07201989bdcb8f93,4df0de6547b0163039e798e47f8575e3,completed,2017-11-04 03:19:27,2017-11-04 11:50:20,2017-11-09 18:29:41,2017-11-13 16:36:41,2017-11-27
13755e9cd8234edd7750fb497caf403e,347a5aa5d381e31e52b84bfcae3e1eac,completed,2018-02-09 13:45:49,2018-02-10 14:31:46,2018-02-14 15:29:03,2018-02-21 16:32:47,2018-03-08
b34e632947c7a44b7afd9eaee92f7dbb,9436ddafba22b7bce5b50f2a4ca57246,delivered,,2017-08-06 12:43:07,2017-08-07 18:57:44,2017-09-19 07:49:51,2017-09-13
c27efcd088787bad815507fa7f5bcea0,5afa275509eaa44b988714f0e5e469f1,completed,2018-02-18 16:04:11,2018-02-18 17:10:19,2018-02-19 17:07:46,2018-02-26 20:09:14,2018-03-14
8505cbf7005b6ec865878f42abdb291a,435bbbf7a1d328975b15ebb8eece0d8f,delivered,,2018-02-18 19:10:25,2018-02-21 23:22:18,2018-03-01 16:19:37,2018-03-14
76bdc8518c9c3ef50f9a240b93f97987,186b3bdd7ccd6d69121a2ba60632a1f7,completed,2017-09-03 10:25:25,2017-09-05 04:44:22,2017-09-06 11:04:36,2017-09-16 16:12:14,2017-09-22
f8dc82b0d1ce6633002e0e0d2d17282f,48953746f0a26f3f37132e5bea883b85,completed,2017-05-25 00:33:44,2017-05-25 01:25:22,2017-05-26 08:36:26,2017-06-02 09:33:15,2017-06-23
35c20257f4ae4439e4560d6e5ad5c658,7bedc4b5a1d3909da4c37de13206b87f,completed,2018-07-02 10:27:42,2018-07-02 10:50:09,2018-07-03 09:51:00,2018-07-11 23:21:23,2018-07-30
2db1d0694f169b74b5bbee207ca7cc64,643851ccb6d55c6d549393aac4aaa4b2,delivered,,2017-10-04 09:56:20,2017-10-10 15:58:19,2017-10-11 23:10:54,2017-10-20
c89817240e09ddf1fc2d8ecf05464107,807df231549803cc45b10dc50ad40322,completed,2017-06-15 16:48:03,2017-06-15 17:03:06,2017-06-16 17:19:41,2017-06-26 13:46:03,2017-07-20
1bf716344048611744a7865ea63047a9,a76edae0e8b3aece206b4b1ad4d20951,completed,2017-11-12 22:30:37,2017-11-14 03:46:36,2017-11-14 17:02:21,2017-11-24 13:27:03,2017-12-13
6ae81f46190acfedd354db1a69ecfb03,3f6df3e18533041a83b22eb7b412894d,completed,2018-04-24 21:08:13,2018-04-24 21:30:32,2018-04-25 14:09:00,2018-05-07 22:24:33,2018-05-23
d062df7045ef15cdfd841bb52d798a0e,e9c9e8edea5b2c31b8ce06f9ff086ce4,completed,2017-07-09 19:10:21,2017-07-11 03:50:41,2017-07-12 18:03:33,2017-07-26 20:34:03,2017-08-11
e33ae8b905bb0354b42f585bdfd3ab0d,4eccfbae6ae2126a462a53d2cda99572,delivered,,2018-03-07 11:50:27,2018-03-08 05:12:07,2018-03-28 16:28:48,2018-03-28
d9979ad46266bbd78c21760fd28af8ec,f102a893dd9c1529f6f5e6b9aa9bebaf,completed,2017-11-24 00:24:57,2017-11-25 03:33:43,2017-11-27 22:28:42,2017-12-07 19:37:00,2017-12-14
143557cd5a7387503d5222e9a1efed75,c6a0d9bedb0b91a8a78fcfe6a2512d93,completed,2018-04-03 09:48:52,2018-04-03 10:30:24,2018-04-04 19:08:49,2018-04-14 19:36:28,2018-04-23
9550c6dde457784adf6688cea59cd6b8,5459ad3a59231e5ad6fe0d220931743a,delivered,,2018-08-01 13:24:34,2018-08-10 10:55:00,2018-08-13 15:28:49,2018-08-06
4ca7c5fc206f2f243a5cdfd1e32a614c,4a33612c0b32f7a2e91deaea2a05bda9,delivered,,2018-04-24 18:59:06,2018-04-26 09:26:00,2018-05-08 22:21:59,2018-05-17
a977d2aee8b0f8204693983195733cf9,fa807c8cddc512419cdf33e56c888386,completed,2017-04-24 13:29:52,2017-04-24 13:45:08,2017-04-25 11:35:32,2017-05-15 14:51:30,2017-05-25
b45218774c4d91e22ffd4165c0cbcc38,839c458c99f7ce55009781ef0a7b3300,completed,2018-02-17 18:05:16,2018-02-17 18:15:30,2018-02-19 10:04:40,2018-03-09 21:09:45,2018-03-14
3fcc23281e8679bfb293a37d2fd3eeb8,3afd83b96ff63cd65d69405b42b48738,completed,2018-02-28 16:51:30,2018-03-01 02:35:39,2018-03-06 15:42:02,2018-04-04 19:51:57,2018-03-22
5bf4b0c6624c03f4a531a60082fab3b5,b73365f2845e82a0339730921895e5da,delivered,,2017-03-13 14:31:07,2017-03-15 09:12:22,2017-04-03 15:05:19,2017-04-05
61181b6edca2c3a0b58c77e58d91a8a3,9527825089af32ff7b72aff6e13df266,completed,2017-10-18 23:35:55,2017-10-18 23:56:39,2017-10-19 19:07:45,2017-10-31 15:50:07,2017-11-16
bb4d578c23506bbef7d3cd919028a8d1,faf2138d43e5c5d2a151499ca53b01bd,completed,2017-11-24 13:48:48,2017-11-24 16:13:35,2017-12-02 00:03:02,2017-12-08 09:37:14,2017-12-18
724851759f03251eb3a9e209916f07db,17d32607b69ff5f17724566ff49aa9fd,delivered,,2017-07-21 12:23:05,2017-07-21 17:22:28,2017-08-04 17:42:37,2017-08-14
44cb884118c81bf6db2f43cf11ab63d6,99c0abffb5110160b9da888d3cd4de9c,completed,2018-02-14 18:04:44,2018-02-16 07:55:48,2018-02-19 16:19:00,2018-03-10 10:34:29,2018-03-22
1b9f098d737d935f7db04ff053f529be,2f434a46bae1256314ee1f13056cd5cb,completed,2018-02-21 20:21:57,2018-02-21 20:35:32,2018-02-22 22:56:53,2018-03-23 21:54:38,2018-03-22
a8bbfc92aa07f8d418960d1afcaad4c2,3f80d31744ca18a1d9d917ed02659cd8,delivered,,2018-05-18 18:58:17,2018-05-21 15:21:00,2018-06-05 13:34:58,2018-06-05
69923a4e07ce446644394df37a710286,31f31efcb333fcbad2b1371c8cf0fa84,delivered,,2017-09-04 11:43:25,2017-09-04 21:22:15,2017-09-05 19:20:20,2017-09-15
41b3745609d5c6c750f838cae9f18804,d78066bbdc72ea3165f01cd7c572091d,delivered,,2017-11-08 19:47:16,2017-11-09 15:25:37,2017-11-20 22:44:24,2017-12-06
68e4d20e5dcfc99ff04c7fc1ddc60c65,99fd0c20b4645bd61bd6795a8ce33ff1,completed,2018-03-06 07:41:33,2018-03-06 07:50:21,2018-03-06 23:05:05,2018-03-08 01:44:28,2018-03-16
b940725ea70c2e68d9e76841eaeebee4,6ea7de0aff8d4a57c2bfdf5c73690413,delivered,,2018-01-13 02:09:18,2018-01-18 16:48:40,2018-01-31 14:44:47,2018-02-06
ddbc3c65368eb9c4bcb2f1dc4feaea56,0e34b195e55c95b048d7ac56ce605fb3,delivered,,2017-11-16 07:06:48,2017-11-17 21:44:36,2017-11-20 23:03:53,2017-12-04
e114923f818130cb74183d70a5d22371,e5a3520facb20857810f7bc4db5564c1,delivered,,2018-01-19 02:37:46,2018-01-19 21:36:54,2018-02-01 00:19:46,2018-02-16
a526fe23020ad8b0d2b1081b7f769452,c4ab9534c84e6ebbc22853ff357ea2ae,completed,2018-06-23 10:27:01,2018-06-23 10:58:46,2018-06-25 12:53:00,2018-06-28 13:16:34,2018-07-12
5c9a09fd2021bf429b060aa68282c87a,ec932452f1cccb28ab8c35b5fcb9d595,completed,2017-10-05 22:27:21,2017-10-07 02:28:31,2017-10-16 19:47:54,2017-11-13 20:26:54,2017-11-10
92c427aafb62360f8e6eeb77f851b7a7,b25bf9c7c5fea8692412832439fba968,delivered,,2018-06-10 12:31:44,2018-06-11 10:59:00,2018-06-14 21:37:54,2018-07-04
72ebb0547658a1d829e79aca8367d606,1c3b7b5254404bf529379e7433b758a5,completed,2018-08-02 20:20:10,2018-08-02 20:35:26,2018-08-03 12:27:00,2018-08-09 17:34:18,2018-08-16
81ab0b4068c1bae0e818206c28b2c9ca,4b356889aae8fb19ebc052206a8e3169,delivered,,2017-07-13 18:30:15,2017-07-18 12:05:00,2017-07-27 15:38:39,2017-08-14
998b1beee068744ac833dd8b31944623,4388eb52412b71e3b55ca093b0fca09b,delivered,,2018-04-26 19:11:36,2018-04-27 10:07:00,2018-06-05 17:02:57,2018-05-22
5bfff93bf1a78cecbf645fe86513ad0f,288223ca4ff3435a01a015f18fccc873,completed,2017-09-28 10:41:33,2017-09-28 10:56:15,2017-10-03 14:00:15,2017-10-06 20:10:17,2017-10-30
57e1f02c24c1c6c9b445d77373d9f4fa,6feeb77df30ef447c4f061a576768be8,completed,2017-05-04 16:50:16,2017-05-04 17:03:07,2017-05-11 10:40:49,2017-05-19 10:49:59,2017-05-31
4c2b78efad2dfa6a3bb1cac6560cd2b7,b3d3bd9297ddef4e81dc0f8661d605d4,completed,2017-04-14 10:06:15,2017-04-14 10:15:16,2017-04-17 17:28:09,2017-04-26 12:23:16,2017-05-10
dd8b565021d8781e5b1a93e85ec5aba4,1bcef4aba3c60510ee22250ef9a6f2a2,completed,,2017-06-20 15:45:11,2017-06-22 08:35:56,2017-06-27 22:17:27,2017-07-07
557fe5a8a05a2bbb733aacdf6d9b2b9e,602c734d4a72768d9e0cf843f55dc8af,completed,2017-08-03 15:26:37,2017-08-03 16:50:11,2017-08-04 17:43:10,2017-08-08 17:28:05,2017-08-24
68463e6110f0910eac75194e97218903,c46aa2d0fd5395ba47766ca2de7068b8,completed,2018-04-19 15:44:40,2018-04-19 16:28:50,2018-04-21 00:01:57,2018-05-14 18:48:49,2018-05-24
d24f01de1dce380fb010847ceac48413,8a2edb07c1097a748978bc590ba3cd9d,delivered,,2018-04-16 19:32:34,2018-04-17 18:58:46,2018-04-25 18:50:42,2018-04-26
d722b334d743dc19d08939ed8a57664e,3d095062e539b5602456c77b77d1f18e,delivered,,2018-02-11 13:28:20,2018-02-14 19:36:56,2018-02-17 02:06:39,2018-02-26
a97bd5e7cb82fc947d946bc4d3505805,e6a332325992b11bc1f237a65335cb40,completed,2017-06-17 20:46:09,2017-06-17 20:55:14,2017-06-19 15:36:49,2017-06-26 15:42:23,2017-07-11
ed8998927739822537e027a5af81b07f,6b5941ccdbb65f7bf9babeb7de8f3aad,delivered,,2018-08-09 03:35:14,2018-08-15 15:13:00,2018-08-17 19:29:37,2018-08-15
bd772d39b54bb1d71b63a7e1c1c8304b,245d1d468d7769a84760d0fdcf770137,delivered,,2018-02-01 02:56:49,2018-02-02 16:58:54,2018-02-22 19:55:47,2018-03-07
5295a4f70cac6082f1f9051409e69010,268723d1b8df2d5a3d5e0ac08bae4e9a,completed,2018-08-02 13:15:03,2018-08-02 13:30:23,2018-08-03 07:00:00,2018-08-13 21:56:36,2018-08-10
6e63dcc83ec280b72783617737ce886d,dd2b0396d98a4435d214a2cb44d60663,delivered,,2017-11-29 21:56:57,2017-11-30 14:51:55,2017-12-07 01:33:37,2017-12-20
a9061bc1d1e825c458ff521846c5cc77,5869e7e39f8126838d6f76ddea5d193e,completed,2017-08-30 18:44:19,2017-08-30 18:55:12,2017-09-05 19:57:49,2017-09-12 21:41:11,2017-09-18
204d4d908a640f0b6f4f0d306dc97fab,9b2599fbc978e2b119aa13afd44211ed,completed,2017-07-14 20:06:12,2017-07-14 20:15:19,2017-07-18 14:02:49,2017-07-21 22:07:35,2017-08-07
88378ffe8de3a4e0d7ef03e71010d618,c1376f3aeb94f912ba838eea99b8667a,completed,2018-07-10 16:53:01,2018-07-10 17:05:40,2018-07-12 12:15:00,2018-07-20 19:06:45,2018-07-30
96bac00ebfd18ba64dabd7cb27471282,2f7319232811fe9879212e93efb30147,completed,2018-01-09 19:34:58,2018-01-10 10:32:21,2018-01-15 17:06:42,2018-02-08 00:16:40,2018-02-16
ddf4b30463e9b58a0ad68f6bc5ed5291,b901a3ed9805cc223596acc6a5c1838c,delivered,,2017-08-03 01:24:10,2017-08-03 16:08:04,2017-08-09 11:51:46,2017-08-23
70102042893558dbf834b15a4b4fcbcb,7397ea54948b521f7b64b333fe2558b2,completed,2018-05-27 11:13:44,2018-05-27 11:36:02,2018-05-30 13:59:00,2018-06-25 16:32:30,2018-07-24
adbd608bc3c4a0f50224fa3b9543f791,a0f9c54dfd7f6c225f385ffc4753e0fa,delivered,,2017-04-27 13:15:33,2017-04-28 12:15:40,2017-05-17 10:28:44,2017-05-16
76b3916173a86a399841b62399174b10,2d7a042354d223815c70ee2519f72c9c,completed,2017-03-29 20:08:15,2017-03-29 20:22:21,2017-04-13 19:39:53,2017-04-18 13:39:01,2017-04-18
adc12f10b0d49b969eeff04bfef21427,b13f6814a87e9fcc95db3980cbb7af42,completed,2017-09-22 03:30:41,2017-09-22 03:44:23,2017-09-22 17:54:39,2017-10-13 17:13:22,2017-10-25
cf5a089353c76e21f2461f8b6d6f883e,ee32944bc9002e21a1e00e852d34b2d4,completed,2017-11-24 21:17:14,2017-11-28 03:20:29,2017-12-06 21:38:24,2017-12-22 00:12:30,2017-12-18
75ca39310ce23200e156063e255c3086,0154fa29866c388925f1cb6a76f41368,completed,2018-01-15 14:38:50,2018-01-15 14:50:37,2018-01-17 13:16:48,2018-01-26 22:36:35,2018-02-08
0068c109948b9a1dfb8530d1978acef3,34417388de13fbcd12cfcbd9d1b8dfbd,completed,2018-01-22 19:46:58,2018-01-24 02:53:04,2018-01-26 16:49:12,2018-02-08 18:39:13,2018-02-20
54d48dcc8e5eb73b1f3f3f560fdaebec,a5c9b12d231eb4f71cca7a5a8feff095,completed,2018-07-20 16:53:20,2018-07-20 17:05:12,2018-07-23 11:45:00,2018-07-27 23:48:28,2018-08-14
d4ed3d242ba3c0082668360172454c65,b0c1002c1c2785950d4753721642b0be,completed,2018-07-17 21:17:43,2018-07-18 18:03:13,2018-07-19 14:34:00,2018-07-20 20:28:48,2018-07-30
8e17072ec97ce29f0e1f111e598b0c85,9e29cde4ddb42f9330bcf3c9bc23d177,delivered,,2018-03-31 15:50:11,2018-04-03 15:58:24,2018-04-06 17:38:34,2018-05-04
a137445b2ef43929329761dadf764f5a,40d48e816a2a1dba20bbc348941f03b7,completed,2018-06-10 13:45:18,2018-06-10 13:55:20,2018-06-12 14:52:00,2018-06-26 01:38:47,2018-07-13
72c2d35f7d08e990d781560fdbbfa563,b9de7d4d29e2f39cf47acb6cd6e2a7f2,delivered,,2017-09-09 17:50:49,2017-09-20 19:51:41,2017-10-06 21:15:02,2017-10-10
9378b5fa3133e86bb44a365e66c24b03,5993719f0ba88317472998a2f277f4e6,completed,2017-10-03 10:53:53,2017-10-04 10:56:28,2017-10-06 11:35:09,2017-10-30 17:39:06,2017-10-30
01e662008f03009eb9b97f9333fcd6b4,bd13ebe5d7f8f2923430da33ffcf40ec,completed,2018-06-30 10:04:41,2018-06-30 10:15:12,2018-07-03 08:38:00,2018-07-14 13:56:47,2018-07-20
cc2e6cf82767599713d657cd5cf8b300,fb5a37c5751065b31f48a501d47eb1bc,completed,2017-09-12 00:31:07,2017-09-12 00:44:04,2017-09-14 21:44:30,2017-09-26 19:23:30,2017-10-20
a71c265fe6df02962e2af3df997db3f7,6d23ead2840b2bcaa51e07c0e7b900cc,completed,2017-06-26 07:02:41,2017-06-26 10:32:34,2017-06-29 05:37:34,2017-07-10 13:17:45,2017-07-18
9feac9aefe68aad21858f5edd41855bd,1e895c76e8cd693bb39fa6731f209448,completed,2017-10-16 18:01:46,2017-10-16 18:24:06,2017-10-17 16:37:50,2017-11-01 19:03:03,2017-11-13
d885635e019669c17658a0f898cf7dd6,5476109112a6909ea3fcce7c37cb2e37,delivered,,2017-11-16 23:50:44,2017-11-17 14:32:13,2017-11-20 22:22:59,2017-11-29
119a3c5bf983f0498c0c21c1aca734e0,e81e3c4a1ce58b000f69c2166bffc095,completed,2017-07-27 08:44:16,2017-07-27 10:05:28,2017-07-28 17:47:59,2017-08-07 19:14:33,2017-08-18
38793c3d7ddaedf4e05f8fe9ce42ccf6,1db9b4524b0798a3ee902d3bcbe087fd,completed,2018-08-01 15:54:56,2018-08-02 15:50:20,2018-08-03 14:46:00,2018-08-13 13:06:25,2018-08-29
2ca73e2ff9e3a186ad1e1ffb9b1d9c10,e76f777f29e83b393d786accf49e7955,completed,2018-03-18 21:01:32,2018-03-18 21:15:36,2018-03-19 19:52:47,2018-03-23 00:32:34,2018-04-11
6890a2ccd47e0016c365c4e1a240cbfb,b0e27b16cd62374210e26dce27bd37a3,delivered,,2018-01-31 16:51:21,2018-02-02 04:31:54,2018-02-09 12:34:57,2018-02-26
fe09fd9d707ff0915cdf61375ff70a69,053bad9339f2931b4ff9edf287875a36,delivered,,2017-07-22 15:15:20,2017-07-24 19:05:01,2017-08-04 18:25:17,2017-08-17
f8b03167e5ba1a53c4cf71a6980ac365,291de21e7af40531dbb32f8af3309cf8,delivered,,2018-04-04 11:49:22,2018-04-05 19:12:35,2018-04-12 19:16:54,2018-05-03
27863884193fa88ed79c356f4f568fe7,6db7d2433a64ccb8a2258d3282007b7a,delivered,,2017-02-11 02:55:17,2017-02-13 12:00:45,2017-02-20 12:31:39,2017-03-21
bbd3a25020d87553521169c4eeb9c8ce,49f0feaba6e05f5663d785458a63fe46,delivered,,2017-08-13 22:50:17,2017-08-21 19:35:01,2017-08-24 17:21:33,2017-09-01
ebdb644689d34624ae893cfe690e6734,bb502d133f78d9a41c6f118585010147,completed,2018-06-12 19:49:38,2018-06-13 07:13:02,2018-06-13 13:51:00,2018-06-21 19:12:48,2018-07-24
eec7e98395df9643250ff81c7dd06443,1a46d7bb3dc763ad243729435e87b3b0,completed,2018-05-08 17:02:30,2018-05-08 17:15:22,2018-05-09 13:49:00,2018-05-10 17:02:49,2018-05-17
326aeb6a8be7b282c4d5cfba7ff0a072,7607e42e3a93ed96cc608e768f497ade,completed,2017-11-23 20:20:10,2017-11-25 20:13:22,2017-11-27 19:44:35,2017-11-30 23:48:32,2017-12-26
d89b07cfd47a01ec2bb692b4ce6af6df,5a5692225e8f8c8e991e45612fe94f4e,completed,2017-02-20 14:24:22,2017-02-20 15:00:18,2017-02-21 13:34:42,2017-03-13 08:33:04,2017-03-23
3bc25388dde67d943ffaf8db488cebc0,3d16f10d74d9822a98c80bc491fea6d5,delivered,,2017-06-14 19:50:13,2017-06-27 08:52:53,2017-07-05 13:57:27,2017-08-02
503a416fb4261893e74138567c7138a5,51f1a09c5cf431a3ffb2ac3d0ac7a73e,completed,2017-03-12 12:24:51,2017-03-12 12:24:51,2017-03-13 09:24:52,2017-04-05 17:27:51,2017-04-13
ea758df7f35b0c9481727b5430b21f85,690c457dfd68f1556cd9a6894e684c12,completed,2017-03-28 17:29:02,2017-03-28 17:45:14,2017-04-13 15:04:48,2017-04-19 09:19:41,2017-04-17
5cf5c176bf686e84240099820ce175ac,d71307c0c7df552b660c6d58721f8df6,completed,2017-10-12 12:32:45,2017-10-12 12:49:14,2017-10-13 19:27:40,2017-10-18 19:17:49,2017-11-09
ec00dde786ff2f5a34dda004de0b76cd,7586fb75bde894464060825135c1c887,delivered,,2017-08-28 03:04:09,2017-08-28 21:51:31,2017-08-29 22:13:48,2017-09-11
ab4362fccbf0de9194dc5b7c0ea13585,b63e59e7dc8d01607c4765255d9bee9c,completed,2018-07-13 09:52:01,2018-07-13 10:05:17,2018-07-16 15:29:00,2018-07-23 21:36:25,2018-08-08
67d234bcc416725cb502c08117a69500,3be3915445cff816df03e7e980dce851,completed,2017-06-03 10:26:30,2017-06-03 10:35:11,2017-06-16 16:20:50,2017-06-26 12:32:41,2017-07-14
f05e32e2cc67748c34a77da2ff68841c,fab1a643ad6f3da348860df58bf39a24,completed,2017-12-21 16:11:33,2017-12-21 16:30:09,2017-12-26 19:08:54,2018-01-09 13:35:07,2018-01-29
a37a8212759ef9735b765a1f9ba37eb2,2d5f2b1f7d4c7fc279a33c274acfaf63,completed,2018-02-22 16:26:25,2018-02-22 16:56:20,2018-02-23 23:28:01,2018-03-08 17:44:10,2018-03-20
c9359e6f27fbe7d1397c40031341540c,2cda6ebc70f0a9119ac4b8dcee2fa730,delivered,,2018-08-04 21:45:12,2018-08-06 14:50:00,2018-08-08 17:25:32,2018-08-16
3f2169b11962eea86fc1eb73ddd46297,a83c38b88992df4389575e3cb17e7df5,delivered,,2018-04-27 10:12:22,2018-04-27 15:15:00,2018-04-30 17:32:34,2018-05-16
7b0e8a1996764645b732cc1916a504c6,76306af3efc88f9d066b361e6597ec0a,completed,2018-02-22 16:04:32,2018-02-24 02:48:33,2018-02-27 19:33:01,2018-03-01 21:38:14,2018-03-16
775a7a08701f1131029bf828eb85b602,6551128590e104a5b35d6a492a9d3e18,completed,2017-11-05 00:20:47,2017-11-05 00:46:27,2017-11-06 19:41:30,2017-11-21 21:03:24,2017-11-27
a44e76e7c4a14d636b1a30c76c9e9999,2657db2126e03c6cd144184f8c8a00a1,completed,2018-06-11 08:34:24,2018-06-11 08:58:18,2018-06-15 08:30:00,2018-06-21 21:48:52,2018-07-12
dbf13db0efcf04002238ab4d115cabf9,bcad4bc4532c5833aa4ab073b2284d12,delivered,,2018-03-26 23:15:18,2018-03-28 18:32:43,2018-04-16 11:47:48,2018-04-17
86cd8ffe3eccc0207618a3187a294ea1,c21afced8495ad11eae409dca73ce140,delivered,,2017-08-13 22:23:54,2017-08-14 19:23:33,2017-08-17 19:15:32,2017-09-05
be7d02ed4f9ec9a43ac0f6adade17ade,0ddf8285e8d523864efdb434122f13fb,delivered,,2018-07-05 16:23:22,2018-07-03 19:26:00,2018-07-04 15:33:58,2018-07-20
b278e32520c84b90579da72688800ff6,b540304457f0fbc4b43baf7e018f8e5e,completed,2018-08-19 22:10:33,2018-08-21 04:10:37,2018-08-21 12:07:00,2018-08-29 01:13:43,2018-08-30
befa6a368509da9057c98129af8321d1,60b2dc4d4414526a06f5fe22755855b5,completed,2018-03-31 11:59:29,2018-03-31 12:10:18,2018-04-04 20:43:38,2018-04-09 19:08:27,2018-04-23
3b694fa216b9963c2df0ad993a355551,d2d83da97b053656de05c3a2184666e5,delivered,,2018-04-04 20:08:46,2018-04-07 01:42:39,2018-04-12 19:58:29,2018-05-04
908614c6fc54de3da2958fbd4bb8d00b,e304599e7f4fa5cf0656a59352d11e59,completed,2018-05-08 18:05:59,2018-05-08 18:31:41,2018-05-10 09:55:00,2018-05-16 15:14:38,2018-05-29
0f1fbabf04ee04bc44fb07f93fc478c6,b15d76aacf87f478b07ac806f0248d9a,delivered,,2018-02-08 14:30:28,2018-02-10 05:48:22,2018-02-23 19:57:14,2018-03-16
69adad596ce64d77dd2a23f85ce3aa98,06ee09badc38b922a88d417e5134e3aa,delivered,,2018-07-20 20:05:16,2018-07-25 14:14:00,2018-07-31 16:08:49,2018-08-28
2b7c0e3fb7de6dc7f388783e33800777,8106b3528fbf066b77aaed82346c0d32,completed,2017-05-30 19:25:56,2017-05-30 19:50:07,2017-05-31 13:35:21,2017-06-12 14:59:45,2017-06-30
1d911134e95ec6f299e80fe19b5b88c5,4dfe57404141dbca39b1eae2ec077e78,completed,2018-08-05 22:27:23,2018-08-05 22:35:17,,,2018-08-28
2260cb2dc43ff44ab9b095424034c741,04d5cb41e92cebd0f1051d38c10f5ec4,completed,2018-03-19 12:02:43,2018-03-19 12:10:37,2018-03-20 22:42:00,2018-03-21 15:05:11,2018-03-29
04cfd74948a554f6f404e78f54f26b22,905bb858283fd4c7c6da0aefcafeac32,completed,2017-10-20 16:39:05,2017-10-20 17:49:31,2017-10-24 19:58:58,2017-10-30 21:32:31,2017-11-10
73104970a86b9a01354c304ea42ce0ba,e435c2706ddda24417570a00a4321e48,completed,2018-01-01 22:12:41,2018-01-03 04:31:22,2018-01-08 19:34:37,2018-01-16 20:37:07,2018-01-29
91116032517d91c1180ea2bd34db30c3,cbece3180303b43f336eaab51da85aad,completed,2017-07-16 09:50:28,2017-07-16 10:03:27,2017-07-18 19:42:20,2017-08-15 21:17:53,2017-08-16
40237bfdaa849b45bb6dc75be63c3abf,238936b5700a697c2b7de970c54b21c8,completed,2018-02-23 15:17:38,2018-02-23 15:31:45,2018-02-26 18:52:22,2018-04-03 21:22:39,2018-03-15
2239463fae220242bce349a6cffd6fc3,5e918cb6a13d496ac96cff35848407e1,delivered,,2017-11-02 23:45:20,2017-11-08 18:58:41,2017-11-23 14:16:43,2017-11-24
06fef28288938378d269904800db589f,332b269682a1dfa3237a8641690993fd,delivered,,2018-08-22 14:45:26,2018-08-23 13:22:00,2018-08-29 21:36:55,2018-09-04
b8ea12ebe7c677d3726c4740450c2682,89033ba7998b37943b20c5cb686c932c,delivered,,2018-04-27 17:35:35,2018-05-02 12:26:00,2018-05-16 22:48:45,2018-05-29
0a56861d762ee1f82f5cdc2de2b1f71a,5990f7c1a76e6442f8759da9aa555d21,completed,2018-06-27 04:36:14,2018-06-28 02:15:47,2018-06-28 10:52:00,2018-06-29 16:41:28,2018-07-12
8e037d22abe0755825b4a5bd17135b23,29bafca28f3133a6055dd58892615b55,delivered,,2018-06-24 13:34:01,2018-06-25 15:27:00,2018-06-28 14:32:20,2018-07-30
fe7387b4827383e4868b82be1dd12722,36296254382f4dba3677937dcb5285f5,completed,2018-04-02 22:13:18,2018-04-02 22:55:29,2018-04-03 22:12:33,2018-04-07 14:35:43,2018-04-25
4aef5ed4edc1a9e8187bbaccbdc0758d,99c1e7f654f974c82479c6a7b235c7a9,completed,2018-02-06 20:33:21,2018-02-06 20:50:31,2018-02-08 18:02:52,2018-02-10 00:29:38,2018-02-22
4c294948777312118d8f0364dacb18da,478e045863cd16bbbdb26ae98edd63ea,completed,2018-03-04 22:49:33,2018-03-06 03:35:40,2018-03-06 18:09:37,2018-03-26 21:52:53,2018-03-21
9cb8c7bd7be3365cd019f27478f6f974,a8131efea21bdc71335f152cbd7767f7,delivered,,2017-10-11 17:08:57,2017-10-13 20:13:01,2017-11-14 19:17:10,2017-11-17
0847671e74f36253e410d74921dff936,88797eeedbc6f829464f79b5fb7dcd63,delivered,,2017-11-25 22:33:26,2017-11-27 20:21:30,2017-11-28 16:38:29,2017-12-13
cd71899a778ba1fda975b9ea5fcd214f,5ac0a94fa44edf813f591042fd757888,completed,2018-02-20 17:31:46,2018-02-20 17:47:51,2018-02-21 19:34:12,2018-03-05 11:57:27,2018-03-12
add9b8e58a85333ecd17897517ceda1b,592da19fd99a3565762a49b2103cbd26,completed,2018-07-17 21:07:47,2018-07-17 21:21:46,2018-07-19 12:24:00,2018-07-26 22:05:02,2018-08-01
d493b5c44e863b686314d9f5b6086c82,864ea4e13482b7fb6729e096f7abe17c,completed,2017-04-10 23:47:49,2017-04-11 01:05:19,2017-04-11 12:59:05,,2017-05-12
727140332cb5607e87e03e1501f636b2,06199a7981ec145069afeb0baf66a49b,completed,2018-08-15 16:22:26,2018-08-15 16:30:25,2018-08-16 15:00:00,2018-08-21 17:48:53,2018-08-30
63e5ce05a132aa8375fcde048ad4482a,fc866346d8684918168b05ecf4a48a2a,completed,2017-08-31 11:28:28,2017-08-31 11:44:48,2017-09-01 19:59:46,,2017-09-19
5d32187d4c1f5c1340c4895593de6eef,3e72de005864d8a7e1b86c03fe94380a,delivered,,2018-01-11 02:35:43,2018-01-11 22:19:22,2018-02-06 21:38:47,2018-02-07
341fde35809d4cdae709b875a0040b23,5d0a1762c0f0dd867d87f1292aa74222,delivered,,2017-11-02 22:15:25,2017-11-04 13:47:38,2017-11-15 16:31:57,2017-11-30
1e6832ed905471e6aaa1c8e6c09186be,b9f2ab1c760b97accfedeb1070e7cd67,completed,2017-05-31 17:23:00,2017-05-31 17:35:13,2017-06-05 16:59:42,2017-06-14 15:38:11,2017-06-30
5c9657078bbc1c0b67c071d651331b9d,40c55da090bab9a49ec1e80f4aba5232,completed,2017-03-10 12:50:20,2017-03-10 12:50:20,2017-03-14 12:34:16,2017-03-17 05:27:55,2017-03-29
2f881be41e2ead562c1aa96d274fde55,b46150e23f63d6d715074e2b9004ae63,completed,2018-04-25 12:23:33,2018-04-25 12:35:26,2018-05-03 13:01:00,2018-05-05 13:32:08,2018-05-16
b58ad6013994eef55be5cdaf76a1a14d,e89d9baac0b6b9fa7a520be393ff22d0,delivered,,2017-11-30 18:13:23,2017-12-01 21:21:25,2017-12-14 16:09:26,2017-12-27
4d4dd908b377956e48b6c6a89e59e37b,627118c4a3a8765bf653b5a4748fec00,completed,2017-11-15 16:14:25,2017-11-15 16:26:24,2017-11-17 17:54:53,2017-12-12 14:33:56,2017-12-12
12ed975e5a3e3025ddfa0eb174f739e2,0fc1d7d1282656a9494f9c47a6c5276c,completed,2018-04-17 16:07:29,2018-04-17 16:30:19,2018-04-18 19:55:04,2018-04-19 20:26:30,2018-05-03
389fe6a1834e9ac1b0ca61a63346667b,70fcd63fd02ad8c1445c178f8461d774,completed,2017-06-23 17:25:55,2017-06-27 04:05:35,2017-07-03 16:16:45,2017-07-04 14:43:25,2017-07-06
3bc480522832a0e93da7aeced8fcd9a1,a555a5df7cab99101ffe4ee4e349519c,delivered,,2018-06-07 18:55:39,2018-06-11 08:25:00,2018-06-19 17:49:31,2018-07-05
54c5976111a966ff8a2224dd242cd07a,195ca01e41b6510dd66cadfd844b5016,completed,2018-07-15 21:12:17,2018-07-15 21:25:13,2018-07-16 09:34:00,2018-07-24 01:03:46,2018-08-07
d6bd807af8d3eb49c318aa5b683c909b,e9342c1b3013083c0c5cff90aaf5a6b5,delivered,,2017-06-06 13:42:49,2017-06-08 18:34:02,2017-06-19 20:07:43,2017-07-04
6da03ff3a2192306afabb2c8afb92c5b,196568a17e905501e428b29ca61042cf,delivered,,2017-08-14 14:55:14,2017-08-17 23:57:32,2017-08-24 17:23:35,2017-09-20
08d61eb463e165c095e7de595a773d90,ddb1b2c2aa460a5532a28067b1adc06d,completed,2018-03-05 18:12:32,2018-03-05 19:20:30,2018-03-23 20:38:36,2018-04-03 20:26:26,2018-03-29
8f96488e1125afa99a1f2284cdeb551d,37d5b13601d5ebe147af1734409cf181,completed,2017-11-13 18:07:33,2017-11-13 18:30:44,2017-11-14 19:40:01,2017-11-21 16:49:19,2017-12-01
3e3a94885730f7e2aa4da0a98a4180e0,b44d6441a07845ea9e5f870f7609f724,delivered,,2018-02-17 14:15:21,2018-02-19 15:27:05,2018-02-23 21:25:40,2018-03-15
9f31ff10dac68801116cdccf40f85471,c8286741eeff835e11e568cf4de43a6d,completed,2017-08-17 14:37:37,2017-08-17 15:06:16,2017-08-17 19:59:52,2017-08-21 20:11:29,2017-09-13
67ac8397ab2a26915fadd6e3ed4250ee,b18e1cd830f8a5b16b7bb5dac8c183ec,completed,2017-03-22 21:33:58,2017-03-22 21:33:58,2017-03-23 10:20:30,2017-03-31 15:30:08,2017-04-17
4ffa6925f9e9d85f1da329843f349238,1d86bef4435e86c93f884cfcca6bd468,delivered,,2018-05-01 02:53:15,2018-05-03 11:09:00,2018-05-10 20:21:07,2018-05-23
a01f15efc2aa7e4ee731663d69c0f0e2,8fcd113dea7cad87e66f1d76c4e25b8c,completed,2018-03-24 16:29:50,2018-03-24 16:48:03,2018-03-27 00:58:32,2018-04-06 23:27:48,2018-04-16
6653526158fc41798fd489f9b3c86b56,6891f408eff19028a930876c13bdbc05,delivered,,2018-07-28 09:10:16,2018-07-30 12:02:00,2018-07-31 23:27:38,2018-08-02
8736bdf66d2a95b749c3fb6c3108f819,ab55387d1feda27c9ce4b84f8f83738f,completed,2017-05-21 14:05:34,2017-05-23 04:22:32,2017-05-23 10:19:29,2017-05-25 10:43:49,2017-06-02
3d93d8068cdb0206fc87b5d539a45f6b,50fe74772bbe79551d435c4a6437775d,delivered,,2017-11-09 05:31:37,2017-11-16 13:16:38,2017-11-17 17:37:53,2017-11-22
6fcbf1246440ef1de682fcab6ad5757d,d2b401a6c35de1f9edb7eafa56e43e76,completed,2017-03-05 17:09:24,2017-03-05 17:15:12,2017-03-06 08:43:50,2017-03-14 10:46:03,2017-03-31
6fdfefccad3a0118a8c8957249158771,7389ce9498dd27c46fc01c39626b6499,completed,2017-12-11 23:55:52,2017-12-12 00:19:36,2017-12-13 22:55:01,2017-12-19 00:28:26,2017-12-29
9794be04f5fee945ef8dd4dbca5c66e7,77a882e71e78be084cfa7fe46811dd33,completed,2017-04-13 08:21:08,2017-04-13 08:30:11,2017-04-13 11:27:16,2017-04-20 12:00:01,2017-05-09
17d1c72c26f43dbcb91705626271e2f0,a31825d0c893a0c13dd57cd8a6e22b93,completed,2017-11-02 17:18:08,2017-11-02 17:25:53,2017-11-03 14:37:56,2017-11-23 17:41:06,2017-12-07
ea1210816b91efb1908d9ba1bbcdbbba,611ea8e4e26938cb284901657e69d880,completed,2018-06-03 15:16:32,2018-06-05 03:35:15,2018-06-05 13:52:00,2018-06-14 22:03:46,2018-07-20
cb4d02620d1bb019ae594478c5d9f565,11f4172096c062f11e0da57ad9817572,completed,2017-11-16 17:01:45,2017-11-16 17:16:01,2017-11-22 18:29:35,2017-11-23 18:06:10,2017-11-30
e5da8f29d47b6f0f3ef8ab33a013a0b3,c6d90ccb4260e1d4ec587ab1463752c2,completed,2017-11-21 22:54:55,2017-11-21 23:06:22,2017-11-22 23:09:00,2017-11-28 22:27:35,2017-12-11
616766a13421c758b45c1912e9e4fedf,0a4e3807c23f486dea9adbdf8c73a70a,delivered,,2017-03-08 23:21:32,2017-03-10 13:04:47,2017-03-28 16:14:54,2017-04-06
8a89e623c844986aeea618a70d472556,10a1ee2e9f087707afa9f300243ab482,completed,2018-01-09 10:15:09,2018-01-09 10:29:34,2018-01-10 20:23:07,2018-01-24 17:54:57,2018-02-02
452045e853d5fa6f87a6ebed979b3134,37ffb68c39bd78aec200de254446972f,completed,2017-10-07 17:14:13,2017-10-07 17:28:18,2017-10-09 22:12:47,2017-10-18 18:19:59,2017-11-08
6bc359e26c859e9a1d3d1c157f38c930,709149b32638dbe23f758382c325536d,completed,2018-03-18 22:43:15,2018-03-18 22:50:43,2018-03-19 17:03:21,2018-04-04 18:48:28,2018-04-12
dd936caa925da4ddcfc308b3c788f643,af3cefcdf63b8f9f8f86f3bdbd41a7da,completed,2018-03-19 16:58:15,2018-03-19 17:10:22,2018-03-20 20:51:12,2018-03-21 21:46:35,2018-03-29
a9d0ac57129ce34681afa30e779f3466,0a3be6888566894976245d7cb56c0235,completed,2017-10-12 11:06:55,2017-10-12 11:26:09,2017-10-13 22:45:56,2017-10-19 19:43:57,2017-11-06
a8b96b7d5604088bca60e1822012c0cd,5bbdcb7c7f536aeff877f51af0f02b37,completed,2018-02-15 14:28:19,2018-02-16 07:47:04,2018-02-19 23:13:16,2018-03-17 16:24:37,2018-03-16
a231611f82f7625fba490466e2606aa5,ce7eca55be37e75d368b4a6d903e5b2a,completed,2017-05-28 23:28:36,2017-05-30 04:50:20,2017-05-31 16:00:05,2017-06-06 17:37:19,2017-06-21
144bc17d37931097a63d8dbb87bfd2a9,41882b0f934c20a88f3d44f382d5e376,completed,2017-10-24 12:22:30,2017-10-25 02:08:37,2017-10-26 13:27:49,2017-11-06 21:32:14,2017-11-14
83fae28795d7d8f02ff4edb1e9e78226,53d853f5d732f4bf8ce804877dc9e27c,delivered,,2017-12-18 16:35:26,2017-12-23 00:07:24,2018-01-09 13:38:21,2018-01-17
d11f4ebdaac0950df9e15dd286ddbe81,e8ac46ea1c09bca1c8e41fbf6662a7f8,completed,2017-04-06 23:35:54,2017-04-08 02:45:54,2017-04-13 13:23:13,2017-04-20 14:41:30,2017-05-04
028aa7c930356788f861ed1b7f984819,4f093ba642d31211516e40197a8e3aa6,completed,2018-01-13 20:35:15,2018-01-13 20:49:46,2018-01-15 16:56:57,2018-01-29 21:51:18,2018-02-14
003f201cdd39cdd59b6447cff2195456,e41d728aab3d0dff5fb070f93eb61345,delivered,,2018-02-21 17:10:41,2018-02-23 00:07:44,2018-03-28 18:54:53,2018-03-22
32bb58472bb3798f5d511d52fc159d98,a2e2a4d271cf0c0a0ecaf089c9f57a85,completed,2018-01-14 23:22:20,2018-01-15 10:11:00,2018-01-15 17:24:12,2018-01-16 20:38:50,2018-01-30
dd83f07edd1cab3ae6e2fc4250f544fc,8780ee502849f88263a701e9f17fe447,completed,2018-05-14 14:11:41,2018-05-15 03:55:56,2018-05-15 12:03:00,2018-05-21 17:08:25,2018-06-07
425dece5c02ae29542005b6c0a9c3b63,f17604f3f89e57c7ed3df37759b9c8ff,completed,,2018-07-14 14:05:12,2018-07-17 13:15:00,2018-07-20 16:32:10,2018-08-02
b35ce82e5e535cc632c4441e01d6046a,67f2cb51ce2f2e03409b212892cfadb7,completed,2018-07-19 18:14:54,2018-07-19 18:25:16,2018-07-20 14:20:00,,2018-08-13
beaaa51d8c9cf4009ff933505cdaf101,fd78478906e879b770c640f537e4484e,completed,2017-07-21 12:16:02,2017-07-21 12:30:19,2017-07-24 16:32:51,2017-08-08 21:22:16,2017-08-24
d5de010b46ae0907273f83e91822a024,c091ccef2611f33bfe395e5b62fb8cd4,completed,2018-04-03 02:09:13,2018-04-04 18:10:17,2018-04-05 18:33:00,2018-04-30 19:59:42,2018-04-30
f7c14483b0baaae57ea57152605b3b2f,71ce198713478fd4a64201e685d158be,completed,2018-03-26 08:27:19,2018-03-27 04:08:43,2018-03-28 20:41:36,2018-04-04 17:11:52,2018-04-12
c41e5bb170e2a4647f22c8f8f2f07ca7,6b91cdd21fd6d3495008e52d498da1d4,completed,2018-04-03 00:18:25,2018-04-03 01:10:15,2018-04-04 01:42:24,2018-04-04 18:50:49,2018-04-13
6ace4fd24c8e5661014f21454a84bf1c,7d1c74a9dd318349ca7f7740a0a1e07b,completed,2018-05-20 18:06:06,2018-05-22 08:34:03,2018-05-23 14:49:00,2018-05-28 12:38:34,2018-05-30
7884c6faab9a4bbe9835842887be94cf,d9bb6e1f3042e7656a442937844361c4,completed,2017-04-25 20:58:58,2017-04-30 20:31:03,2017-05-05 14:20:25,2017-05-16 14:00:03,2017-05-23
443ca495356740c3822c77b19cf02c4a,8b764bd5e763af6c2154cebd54e1f66e,completed,2018-08-15 17:18:49,2018-08-16 03:15:27,2018-08-20 16:49:00,2018-08-27 16:22:51,2018-08-29
88834299d278c558dc9d76e61f0c2388,9617b9a23d254b90cd66aa0569a647c9,completed,2018-06-09 19:24:48,2018-06-12 04:35:48,2018-06-12 13:35:00,2018-06-20 13:33:18,2018-06-28
841f2e1933fe5a504b9988e799265650,81ed477e10452817996fe3602e75b3cb,delivered,,2018-08-18 02:35:20,2018-08-22 15:00:00,2018-08-27 22:40:44,2018-09-27
35a1f77503821f43673d975ffe0bb7b4,bbcf8ece3eb8126cd7e507284ede76c7,completed,2018-08-21 12:46:29,2018-08-21 13:10:39,2018-08-23 14:04:00,2018-08-28 21:32:14,2018-09-14
8fb7d40ee1093b202dec8c0e06e2d21b,7c31b35bce44552d9bab64daaadc1098,completed,2018-07-03 22:11:32,2018-07-05 16:27:08,2018-07-05 14:47:00,2018-07-06 15:51:58,2018-07-18
b08e0b030ec3af9bc4ca51134a0bfced,1147cfa7db718ca80236195d7fbf7dcd,delivered,,2017-06-21 02:32:14,2017-06-22 08:16:36,2017-07-05 17:19:45,2017-07-11
f8b13ccfc06fd1baa3b0b9a9f1d368de,f85e2cc1f55bd805121094b06905af7f,completed,2017-02-15 14:47:09,2017-02-17 02:23:35,2017-02-17 14:45:40,2017-02-24 14:26:02,2017-03-16
b07bd6d2317297a22b80a9836b464d59,96b26852f269357c7f9f7657a77d1a9c,completed,2018-06-25 11:15:28,2018-06-25 11:33:53,2018-06-25 15:02:00,2018-07-04 00:28:42,2018-07-26
3e93213bb8fdda91186b4018b2fe0030,353e6a256f90a009d3e801b655f33b98,completed,2018-07-17 23:49:21,2018-07-18 00:05:19,2018-07-27 11:54:00,2018-08-07 00:02:47,2018-08-09
f2d78e5d17d66ca25ccafaec01ccdff9,51cb4856db49f27e75b8d74da948ff43,completed,2018-05-07 09:20:56,2018-05-08 04:55:19,2018-05-08 12:02:00,2018-05-16 12:03:18,2018-05-24
366f322ad95ebd9a14346c9f8425a68b,a23719a98faaed0e45e77564e1ec3f47,completed,2017-12-01 11:07:35,2017-12-01 11:31:24,2017-12-01 19:35:08,2017-12-04 20:33:05,2017-12-19
8c3ef96e828b5894ec632ba10985867d,5cc1b597806534b1fd8814a7a9d85230,delivered,,2018-08-23 16:05:38,2018-08-23 15:31:00,2018-08-27 19:11:17,2018-09-06
ed2c57fed139a0eca6a0204624201f0c,4623cf76f5a83537bd7d4dcd07c213a6,completed,2017-04-19 17:26:36,2017-04-19 17:42:25,2017-04-24 14:55:48,2017-05-16 08:17:32,2017-05-18
64bf167fb87c4bccf7cbfde95d835ed5,1cff04e5f7309d1e3439088588d45794,delivered,,2017-08-22 04:10:53,2017-08-22 18:08:03,2017-08-25 20:59:46,2017-09-08
3f708b582c7040dabf08966da9400649,5086db9b5b639d5b5a71a29df7d788dd,completed,2018-03-30 22:50:50,2018-03-31 22:47:24,2018-04-13 18:51:47,2018-04-14 17:58:28,2018-04-27
a9ada7abcca958b99713b0cf42dc5c4c,5c60cb728486849503147328e610ab4d,delivered,,2018-07-23 11:31:30,2018-07-23 18:11:00,2018-07-24 23:08:28,2018-08-01
27d0167780910831455af6f6bfc7179e,ad1b638693b03bdda5f8a9cb6d8a000e,completed,2017-03-30 11:13:22,2017-03-31 02:10:21,,,2017-05-09
9fa4cb601bf44b1c03ed05feccca9efd,760951a16e7fdb2e706cd262251d15a2,completed,2018-03-01 10:20:17,2018-03-01 10:35:35,2018-03-06 20:33:27,2018-03-19 14:47:02,2018-03-19
c8328720517a06417715c52c03e52c89,6c9d63dcc91fffd0889c697add8a03cd,delivered,,2018-07-11 10:50:14,2018-07-13 11:06:00,2018-07-20 23:19:45,2018-08-14
ac579d1cb61f3f0f7a4497e3513ae073,7bf41e9619852285ef47577944016105,delivered,,2017-11-26 12:18:21,2017-12-04 18:17:14,2017-12-28 15:34:09,2017-12-21
a36a7f2219c828e52cb094ddc8d89b84,1118a9782ac9c9080b3f6fbdb92be7d8,completed,2018-07-03 16:01:57,2018-07-05 16:31:01,2018-07-04 13:38:00,2018-07-09 20:02:59,2018-07-23
1ba72b885472d4dd42ff46556f3de1c8,5e6ad19f435e97b7ad8b05d71ca6f032,completed,2018-05-20 12:49:39,2018-05-20 13:10:26,2018-05-21 14:53:00,2018-06-05 22:40:44,2018-06-06
ba6b7c9ac45804edf2da548323f82306,0f2bcbb299b77a637956ff29b6c03b6e,delivered,,2018-03-28 18:47:21,2018-04-03 17:14:46,2018-04-06 19:41:35,2018-04-09
ab722aebd7d92f979b381ec1d4080551,ade30c33d12f41fb6a80e79d43656cf6,delivered,,2017-11-28 03:20:46,2017-11-28 18:27:09,2017-12-05 22:22:12,2017-12-21
bd809a829bd4588fed061fedaaad437c,b98d5a796ad502ec4b775f6f737cb0ac,completed,2018-02-18 17:31:24,2018-02-18 18:35:24,2018-02-21 14:55:16,2018-02-28 23:28:31,2018-03-09
7a7375f58149053d599aae579288fd96,de7a087330a6bb7fe20d36390a5c2574,completed,2018-04-27 18:13:27,2018-04-27 18:32:08,2018-05-03 14:47:00,2018-05-23 18:21:49,2018-05-16
40542f414acd736bdacaeb85dc7df95a,4c617161230211252e057caafba04bbb,completed,2017-05-02 14:11:00,2017-05-02 14:22:39,2017-05-03 12:33:04,2017-05-08 10:42:33,2017-05-31
4315afe81f99b1c8d4c3c9ecaa6852fe,e69b6e58854eac54ef38c49d7b6e551b,delivered,,2018-02-16 15:07:03,2018-02-19 21:55:53,2018-02-26 16:22:41,2018-03-08
2bedc0d7231e504d0476c606108e7e73,fff93c1da78dafaaa304ff032abc6205,delivered,,2018-06-13 02:59:41,2018-06-18 14:01:00,2018-06-21 11:56:46,2018-07-11
3363886715280209c8fb0bba5cc4ab95,7af6f16370ff07d2d1fbb16b3f23496f,delivered,,2017-07-20 12:30:08,2017-07-22 14:43:25,2017-07-31 20:22:05,2017-08-15
d5a0ba4a296ed948a8c9536f557cedb7,8781dd7a3b1e8a293587b0c07e4e60ec,delivered,,2018-02-21 21:30:23,2018-02-26 14:32:47,2018-03-13 20:14:19,2018-03-19
8ac26cb701a7887cc7c458683408c56a,e8d9522aec46a24f049b2db9f06dff9d,completed,2017-05-16 15:54:51,2017-05-16 16:05:14,2017-05-17 11:56:57,2017-05-31 11:22:20,2017-06-13
364aedfbbc0fa797cdee61d4dc4d2dcb,b9dd2402a49f032e7942c2e126e34f52,completed,2018-07-18 00:04:57,2018-07-18 00:21:48,2018-07-19 08:51:00,2018-07-24 21:21:27,2018-08-07
b340bad398af7decf0274add863baa06,0d03a578cc1b3e2eb801d7a01ed817f8,completed,2018-02-19 16:05:56,2018-02-19 17:46:58,2018-02-22 15:57:44,2018-03-07 20:12:30,2018-03-16
dcfa642110e1838bd3bf2fb2fbe12042,2efff784e71058a57af1b1606a9c60ca,delivered,,2017-12-17 11:35:29,2017-12-21 19:40:34,2017-12-28 23:48:48,2018-01-22
faec57243cbdefccdabf032fc0bea9fc,6ed87d23528cc70b873dec58ff082130,completed,2018-08-20 00:59:32,2018-08-20 14:52:14,2018-08-20 15:13:00,2018-08-21 17:09:01,2018-08-23
be79bec4cf283fa33ea0da903f3ca6ab,8a99d729c6cf610badf63e5bbf1f7b21,completed,2017-10-26 19:56:56,2017-10-26 20:06:42,2017-10-27 20:07:25,2017-11-06 14:14:53,2017-11-28
aa4a7de098f44e8ab3764edd1e82f34c,2c413ac8eded2e9d75ec57a12edccce3,completed,2017-07-24 17:28:51,2017-07-25 03:35:40,2017-07-28 18:53:01,2017-08-01 16:07:49,2017-08-04
37956c8c2b061c4a39b146aac4a9077d,1245c5bc6e72ca725a9e4a021ff4ffff,delivered,,2017-05-29 17:45:17,2017-06-01 07:07:32,2017-06-07 14:50:15,2017-06-09
f6b803d15fa58d6e0409ce0cda40121b,5d70320029286b786d50336af0fc26b7,completed,2018-01-13 11:16:04,2018-01-13 11:29:23,2018-01-18 21:48:50,2018-01-22 15:18:47,2018-01-30
5d9aa63551a24b92660a08b0e8ef22b6,e130e0b9fa4f2573df38d4ae3e87825d,delivered,,2018-04-07 18:28:13,2018-04-09 21:19:14,2018-04-19 14:21:04,2018-05-04
270f00466aae4f41f010eaba2da31425,7173277fd224065c8b8100db8b2414bf,delivered,,2017-12-28 19:35:23,2017-12-29 21:39:05,2018-01-05 21:14:12,2018-01-31
38ea876db54669e7e86dc8c79049b795,0e7fec9f549c214a9303b5d4b2067ede,delivered,,2017-04-03 20:15:10,2017-04-05 14:57:37,2017-04-12 08:18:02,2017-05-08
db66ad4e69244a08ca990191877c78b5,fe15baa89a27d9486370adc29d11983a,completed,2018-01-01 18:28:26,2018-01-03 04:33:30,2018-01-04 21:52:20,2018-01-11 21:06:23,2018-01-30
1167028eaef4a4e52b2ac530aa8beb9f,42f395e1f35d1a041bafea4dd0875e08,delivered,,2017-12-15 11:32:25,2017-12-20 12:58:10,2018-01-09 23:43:48,2018-01-16
4c374f090868ac5a5910f6b1fd383c25,023fafd700dff9fcc64d28e2defe98b9,completed,2018-04-05 10:40:30,2018-04-06 09:09:23,2018-04-07 01:16:42,2018-04-11 18:19:24,2018-05-04
4114c50e035cecc014d1340671e07f88,7c39e1d850847549a7364245d341f35f,completed,2018-08-13 12:55:41,2018-08-13 13:05:19,2018-08-14 12:50:00,2018-08-20 15:54:58,2018-08-23
e5e002b62cfa5c3917cd18d862778916,83d55f159d479719eae036a2093ef4be,completed,2017-11-10 16:28:51,2017-11-10 16:51:24,2017-11-13 19:02:40,2017-11-25 00:28:56,2017-12-01
235d63795ce7643944b9b41203d37c30,24912b3f70d821646de5391c74cad1a7,completed,2018-07-12 17:34:28,2018-07-12 17:45:19,2018-07-13 14:13:00,2018-07-20 16:03:37,2018-08-08
84198a43f45cfba1ac8532871da9fab8,6b5c111bee605b7af9779ffd96c1b564,completed,2018-06-02 14:19:39,2018-06-05 04:52:04,2018-06-07 14:25:00,2018-06-08 13:26:43,2018-06-28
74599b2f01a4dc2150e3e9c9d8ecab7f,e8ae3c014c3089e4d85ea36f72cacbba,completed,,2018-08-02 17:10:13,2018-08-03 15:09:00,2018-08-10 13:12:03,2018-08-24
c01b52b26b2be81e5712a958631d858e,83b1928fbc6df37e7c6e0d47a051cdcd,completed,2018-04-21 13:54:24,2018-04-24 19:24:56,2018-04-23 17:37:47,2018-05-07 21:34:51,2018-05-16
f4acc0596b8a9fa4199a609584e1bcf7,d1fc9970a51c0e723f333dbc34f546ad,completed,2017-11-24 19:05:02,2017-11-24 22:34:54,2017-11-29 23:12:05,2017-12-12 15:58:26,2017-12-14
c967ef4ad213d1be9e71a0817b5365de,c42ab3d66f4c05b44b961f1763a03ea8,completed,2018-03-31 09:33:47,2018-03-31 09:47:36,2018-04-03 22:52:05,2018-04-05 17:04:37,2018-04-18
bed08b58982cd12128ec33bb7aae000a,e51d4d833af20d1989f1b1bd3e7c1d2f,completed,2018-01-24 21:35:23,2018-01-24 21:56:48,2018-01-25 17:09:34,2018-01-31 22:08:12,2018-02-23
8173203a530c14fc205d5f87801b227a,8bebcfc55190b8055b33881744673c18,completed,2018-06-07 15:47:32,2018-06-08 19:31:07,2018-06-11 13:10:00,2018-06-14 14:14:56,2018-07-03
44be450f0262cf8f77ea4fcab05dafa3,e4bbab9eceac56b0816883d12d499736,completed,2017-06-13 19:20:33,2017-06-14 19:15:15,2017-06-16 14:26:29,2017-07-04 16:22:09,2017-07-14
99044ef6d39a9053e6c8be072306da0e,a6a1e36323dd31b11f38567fdf452c47,completed,2017-08-03 08:07:35,2017-08-03 08:23:46,2017-08-08 13:29:47,2017-08-16 20:37:48,2017-08-25
f567c242e80099599cc0202343266187,ee9b87ea57b325579cd3f6cff93f5f55,delivered,,2017-02-24 21:15:18,2017-03-02 13:49:05,2017-03-11 09:45:56,2017-03-17
9786fe4bfc559809a4bc1a58b72e2077,90005f3ce609c467eb968c7f7798ddc2,completed,2017-08-21 23:44:15,2017-08-22 03:25:28,2017-08-22 19:38:17,2017-08-31 20:47:05,2017-09-20
0a9de604052383d06ffc7a3390c727cc,03d3a988c4d392b88975238160a947f0,completed,2017-08-02 22:53:35,2017-08-02 23:05:13,2017-08-07 19:32:58,2017-08-15 17:36:58,2017-09-04
624dc7bbc5e8bce830fd84e8ba75da2e,a61230748116a8921a086bb0f289d101,completed,2018-07-22 18:09:06,2018-07-23 12:32:40,2018-07-23 14:51:00,2018-07-24 20:22:38,2018-07-31
7daec439cb159736ea49ba99f31b80dd,cb5335826b0ab39de2c0fcc6f6e3d7d1,completed,2017-05-09 18:38:24,2017-05-09 18:50:12,2017-05-10 11:55:19,2017-05-15 06:39:37,2017-05-29
efa3d5327513176bad13d0c62bb7bb1e,a650d6a91e67ab1f19e2671566a023dd,delivered,,2018-08-03 14:04:12,2018-08-07 12:06:00,2018-08-10 15:08:37,2018-08-16
93aaf8d530bf22398286f3e0dc709412,567cc1b3fda8d297071e825c702513d1,delivered,,2017-07-21 12:10:16,2017-07-26 10:45:30,2017-08-07 20:40:05,2017-08-22
03ef5dedbe7492bdae72eec50764c43f,496630b6740bcca28fce9ba50d8a26ef,delivered,,2018-08-29 15:05:22,2018-08-29 20:01:00,2018-08-30 16:36:59,2018-09-03
f5d4aae78e79c2093f0dc0e73c34ab58,d12dde7252db0c34c17f55e2079f4101,completed,2018-01-11 14:09:47,2018-01-11 14:27:25,2018-01-16 00:38:46,2018-01-17 16:29:21,2018-01-31
b47cd76a21d19af864c8b5c8a255fc47,be2daa8c843f3bb2892dc7b6c1f4f956,completed,2018-06-05 13:24:11,2018-06-05 14:31:42,2018-06-05 15:50:00,2018-06-12 23:24:47,2018-07-13
5968eb552ac0dfa3a19e11d2190503d3,b91428fc385c2c1ace6de35869971d49,completed,2017-05-06 16:00:24,2017-05-06 16:10:16,2017-05-12 12:27:53,2017-05-24 11:13:47,2017-06-06
d7289e919ed445fbccb678459efd3154,3d5688f7c319b63b11b8d1c8dc5e6abe,completed,2018-02-21 23:01:54,2018-02-23 02:10:39,2018-02-23 21:53:02,2018-02-27 19:05:15,2018-03-19
d86151346a2ad9a3a4e6cfb4e2a885a1,2020dcad1856121845d8701ba78ccb33,completed,2018-08-11 10:47:33,2018-08-11 11:04:36,2018-08-13 18:22:00,2018-08-21 22:18:37,2018-09-10
8d26b65d067075e451f93045b9c689db,7fad8196d25d044456634a95c6096a32,delivered,,2018-03-17 02:40:28,2018-03-19 23:34:27,2018-04-04 22:51:23,2018-04-03
0f4825e873a47ef50f834a027fe4bf06,182f5011e168ab826a44acefe1b0cb10,delivered,,2017-11-12 06:30:27,2017-11-14 21:44:45,2017-11-25 01:48:31,2017-11-27
f9b7d4be1a26d7a0017957e6a6f26e01,fef5bebfcd96024d880aa6a0b9b16cd6,completed,2018-04-07 19:30:06,2018-04-10 03:35:27,2018-04-10 19:08:52,2018-04-27 17:26:45,2018-05-02
e444dbf63e18f98c43c81f5ccc7ef8a0,267d85c043aaf0dfbf9b0211546e7a0f,completed,2017-09-25 12:12:02,2017-09-25 12:25:45,,,2017-10-30
805559bf950cf417d71f74d0d92b4302,977470fbc9b23aea3861a0defe6027ff,completed,2018-06-05 11:43:25,2018-06-05 14:31:45,2018-06-06 08:16:00,2018-06-08 22:28:36,2018-07-25
1a8727bd046055a86c1103773d39bcf0,a86517d8f9ce5bfd926863eaeaa748bd,completed,2017-11-01 13:06:34,2017-11-02 02:16:33,2017-11-03 20:34:42,2017-11-08 17:58:51,2017-11-22
de260560dd72236bfe5c3c4a7a7053ab,d0953b063ad351d135287e685464d29f,delivered,,2018-01-26 13:52:18,2018-01-26 21:27:27,2018-01-29 18:49:25,2018-02-09
306e0ad52724751e50e96b6afeed27bb,ba3c543c2b495c38f9dc47b4814c7b32,delivered,,2018-05-18 03:56:22,2018-05-18 14:57:00,2018-06-05 17:49:28,2018-06-05
f0134bd71e6bbd312d86f1f073d60b72,76aec02fc0fe8e71e8903834b520cf2e,completed,2018-08-16 09:11:19,2018-08-16 09:24:12,2018-08-20 13:56:00,2018-08-23 16:38:51,2018-09-03
40a6bf502702fa0bfaee3ae436b554ed,12485361650f36d12adc8cee72ff41de,delivered,,2018-07-31 08:10:17,2018-08-01 07:30:00,2018-08-07 23:36:26,2018-08-30
ba75b8044f56f7a37a05faab18d7ed45,d99a2c8000e14e11c6cf41a2352a9e91,completed,2018-06-04 21:13:45,2018-06-05 21:13:18,2018-06-09 07:38:00,2018-06-14 16:48:46,2018-07-12
b32f34114b935df368070009548b3806,a1733c884e73b2a0cfc2c7a9e4db4ea0,delivered,,2017-06-19 15:30:20,2017-06-29 15:36:02,2017-07-11 19:37:36,2017-07-25
fffcd46ef2263f404302a634eb57f7eb,84c5d4fbaf120aae381fad077416eaa0,delivered,,2018-07-17 04:31:48,2018-07-17 08:05:00,2018-07-23 20:31:55,2018-08-01
656ada45a719393ba3e97d8d9e2ef750,d1be87b387dc03c20f9429e6390e6f25,delivered,,2018-04-27 16:32:45,2018-04-30 13:14:00,2018-05-16 23:21:34,2018-06-06
cebfb93d43892425be3fe47edbb54347,2a851126045f8187455b0184079abcc8,completed,2017-08-11 07:54:06,2017-08-12 07:45:05,2017-08-18 20:15:03,2017-08-28 19:16:04,2017-09-20
a1f3e74249308258ba4eb2c22902d995,3da13cff7d394446376b0b435579b416,completed,2018-06-08 22:46:45,2018-06-08 23:13:48,2018-06-11 18:38:00,2018-06-14 19:06:10,2018-06-28
dbe2d1c6c34f5c31bb6736e1720c9b7e,3b5cb25012ce1400dbf62ed0995e1c14,canceled,,,,,2018-09-03
fd13223292a59ace605fd1f8b0956183,1cd3686dcba36634fb02546c59b48291,completed,2017-09-16 21:48:11,2017-09-16 22:05:37,2017-09-26 20:05:06,2017-10-05 20:03:28,2017-10-11
088f6cd16a7a4bb22e9ab6dc417739c3,a6d7640f52f30dc6dbc120c31cfbebe9,delivered,,2018-03-25 17:27:47,2018-03-27 21:21:13,2018-04-02 23:14:40,2018-04-12
5f92ad7a8f00f12846cf6f654966adc4,d7968fb7ef90ea3acb1a7330bc9a1c59,delivered,,2018-02-07 17:50:37,2018-02-08 20:04:29,2018-02-16 00:47:34,2018-03-08
085b1f163267ab9db88bb6b4145e0df7,978092e16f71e6b97416a1763155e4e1,delivered,,2018-01-19 08:32:31,2018-01-20 00:48:28,2018-02-08 15:08:55,2018-02-14
10a2d53148bb79d540a6a2e7cb706cea,8f7a9e47419062d350d47d945dd28cfd,completed,2017-12-06 05:11:29,2017-12-07 03:11:49,2017-12-07 23:07:06,2018-01-06 12:54:47,2018-01-04
db52cc46b34b6c79d06569a1f7163d7b,1af930e1051134b38027592f0890b19c,completed,2018-03-30 20:19:11,2018-03-30 20:30:17,2018-04-02 19:12:20,2018-04-06 22:19:19,2018-04-18
a79ff94e2b619ada69ba93bda509dabf,5ff78bac0b4943e13d653225befa39e6,completed,2018-03-28 18:55:02,2018-03-28 19:08:22,2018-03-29 22:58:49,2018-04-12 18:38:28,2018-04-19
2044501bdcafe207535528038a6089fe,dc69189910231e3ab5a478f14ff70d52,delivered,,2017-11-08 09:15:31,2017-11-08 18:06:46,2017-11-13 19:57:10,2017-12-01
82610088a4ce6de77c1d6ca3f3d738e1,afffd1d006743e2b5228b81a44417246,completed,,2017-11-01 03:26:18,2017-11-06 19:32:06,2017-11-13 14:26:56,2017-11-17
91bc8de419040aeb9a64f84039c5f1bb,b09127083e669f9addee8813028f4730,shipped,,2017-08-02 22:30:16,2017-08-04 18:24:40,,2017-08-16
9be2582f6092606b2b3e9607581df63e,801ba07aa2b4e4ce09beedfceda64766,completed,2018-01-11 13:10:48,2018-01-12 02:37:39,2018-01-13 02:51:34,2018-01-18 20:33:08,2018-02-05
660a02c58e33a4d888a10733703398a5,ec418576fd34a1b78480d1f2cb6efe97,completed,2018-05-04 13:31:32,2018-05-04 13:51:08,2018-05-09 11:21:00,2018-05-17 21:21:28,2018-05-25
dcbf6ba1b6e503c2bc0a5a5e833e3174,7505e32ceab3642b215f1dad52232e45,delivered,,2017-10-30 11:11:16,2017-10-31 19:26:51,2017-11-06 21:49:27,2017-11-17
36b3e868e7c59377f81266ad905cbdb5,f20ec16f76db30b1d529b37ad9d6c46a,delivered,,2017-06-23 02:30:09,2017-06-23 13:12:45,2017-07-12 19:17:58,2017-07-20
f439741ef3997ceace2e3b92ad169e0b,4c2c68d88b09e3758eeac9a4cbc8248c,delivered,,2017-10-17 17:46:05,2017-10-19 20:00:20,2017-10-26 16:47:49,2017-11-08
a833470057703c13293c5d7c2bd5bd05,f27c2fc8a0cd988fff5e1e766dd16e67,completed,2017-07-25 20:06:59,2017-07-25 20:23:20,2017-07-26 19:20:20,2017-07-28 18:59:31,2017-08-09
5e21c6f2e0e0007bd16ba2839c9628b2,d0349571985dc0a748ecdd1b6bf25750,completed,2017-11-27 19:34:44,2017-11-27 19:57:09,2017-11-30 17:52:10,2017-12-13 19:33:57,2017-12-15
a4d5fcb131fab3ac106ae40ac7042833,60dd5ea5f8bfa751e88c6ba644c486d7,completed,2017-09-24 22:28:08,2017-09-24 22:44:17,2017-09-26 12:29:07,2017-10-07 13:33:10,2017-10-26
5705bc62270ffb13ed25996c30d281c6,56b1b47903483551ba7310e09e1c8726,delivered,,2018-03-01 21:15:40,2018-03-02 22:17:04,2018-03-23 17:41:35,2018-03-21
b513b10ef81dc22d15e850789a8a96b1,fa3c9c28979e812523cac4180cf5bbca,delivered,,2018-02-27 04:31:09,2018-02-27 17:53:22,2018-03-08 00:10:24,2018-03-21
dbb182f0099f1b6b9172a1f1fe4a62b3,0a1b816a9e0ae82eeaa2c15a91f98d7f,delivered,,2017-05-11 04:22:38,2017-05-11 15:17:39,2017-05-16 09:41:56,2017-06-09
a1211febecce5b1f8faf9f5e533bd627,377c587dca2f85d76e1621134f50c291,completed,2017-03-22 17:12:10,2017-03-24 02:44:18,2017-03-24 14:51:56,2017-03-30 09:24:05,2017-04-10
ed04068c75edb94aa53d146e07e4a67b,174a9f39593bc7209e888ffef4b0cad1,completed,2018-06-21 12:55:36,2018-06-21 13:25:12,2018-06-22 16:27:00,2018-06-23 14:42:02,2018-07-04
c21c3619da9e98cdf7e1f4125cd1ad8c,229300f9dc4908a52517c276e790e932,completed,2018-03-12 21:49:06,2018-03-12 22:48:06,2018-03-13 20:42:27,2018-03-14 22:33:11,2018-03-29
4af5a3b197af9f20f2ad9f856fdcc301,e2fe7e66eea033448291e758ade41374,completed,2017-10-01 22:55:25,2017-10-01 23:07:12,2017-10-03 12:44:10,2017-10-11 17:44:12,2017-11-08
024602a52e3c89ca5f963affcd2bedad,33e9f4b9cf16be89234b0eac5a37173c,delivered,,2018-07-06 20:31:04,2018-07-10 15:27:00,2018-07-16 14:52:37,2018-07-30
aee2f64144baa740663e8cd823582528,40145af8781e070b66bcbcd10099f420,completed,2017-12-28 12:09:36,2017-12-28 12:31:12,2017-12-28 20:23:40,2018-01-03 17:38:56,2018-01-17
d56092262d95ed5dffdf4ff335af1396,feee031667b7b1c2ccf3bcd4755b694f,completed,,2018-01-09 07:21:08,2018-01-10 11:08:42,2018-01-16 21:18:25,2018-02-06
7b1edd49bf0406b3335b52cade098b1c,330ee6f4f67f65303c3afaba7807a6fc,completed,2018-04-11 15:56:10,2018-04-11 16:10:50,2018-04-13 23:28:29,2018-04-20 13:54:51,2018-05-11
f1d18fb87d755ecddcf4c37e141aa4f0,77b08d9c6315882953ee9a24b9f92b5f,delivered,,2018-07-05 16:14:53,2018-07-11 10:40:00,2018-07-25 17:03:56,2018-08-06
de623c0b6bb8c160e80eaacc3100433a,5657037a025fe48001ac545834d7b7d1,completed,2018-04-16 10:19:27,2018-04-17 08:15:14,2018-04-25 00:42:06,2018-04-26 17:03:42,2018-05-08
9ca5909eae951dbac41c3cf4b9c0337b,a3a36e3871f4b05275d9603a13233db1,completed,2018-05-14 09:14:57,2018-05-14 09:32:33,2018-05-14 15:16:00,2018-05-17 22:28:26,2018-06-01
0c21f042461cf5e64d2c087fdcc93fd7,549025fad34a0caabe89d632f0a20a88,completed,2017-05-02 18:55:30,2017-05-03 11:32:55,2017-05-04 17:43:45,2017-05-17 09:55:30,2017-05-26
a1f4cd05945a0b268d626b4183922f03,d32a6b048fd35e64ca76936bb399f5e9,completed,2018-01-16 12:46:01,2018-01-16 12:55:50,2018-01-17 14:59:55,2018-02-06 22:57:41,2018-02-08
76d85afd545b8fc877273a68455675c1,e29b02752f22ba7a6ef120027c9f2556,canceled,,,,,2017-12-05
57e17fb636b56e67ea9a40c9f2a02527,516b06c0275049f206f61eafe4445719,delivered,,2018-08-01 19:31:33,2018-08-02 12:35:00,2018-08-06 17:12:19,2018-08-14
6009e92e3138b7db82c677226459416a,207c75901aa0706e1a4709359a6e4e00,completed,2017-09-13 12:52:01,2017-09-14 02:45:36,2017-09-19 19:21:17,2017-10-02 17:29:10,2017-10-09
db47a089bc272d77b480a33e5286eaf5,0e573a1ab586da9a67c1589a2c95a4b4,completed,2017-07-04 16:18:59,2017-07-05 16:10:19,2017-07-07 19:53:41,2017-07-18 19:25:40,2017-07-26
0c72cafc6d5d60d98d052051a2b028ad,f3faad339b52d207bed5cfadeb6ae797,completed,2018-02-27 12:33:38,2018-02-27 13:20:32,2018-02-28 19:16:33,2018-03-14 18:12:25,2018-03-13
71a911a3509a408b60846ed2e5f91e70,07bff5422f6f580b0ebc4efe3cdbbbd1,completed,2017-03-29 10:31:33,2017-03-29 10:45:15,2017-03-31 12:12:32,2017-04-11 16:08:55,2017-04-18
4517217f6929827c965b96a34e5ffbaf,70a5b820e30473ee4c953690ffd53729,completed,2018-02-19 08:33:20,2018-02-19 08:46:30,2018-02-20 22:27:05,2018-02-28 16:42:18,2018-03-12
b31c6094960eb242c3513d619998cb6d,bb51ca7550fb2d6d3c9013fcacbca5b2,delivered,,2017-06-17 22:50:08,2017-06-19 21:14:59,2017-07-10 17:44:56,2017-07-12
67e871df7739d67a0a128b9e66a3620b,70f0328572afff623d74793061ab48c9,delivered,,2017-12-23 02:18:27,2018-01-02 21:33:09,2018-01-09 18:39:11,2018-01-17
b6f5e3bc6360fbc485ff34695b7b3fdc,88b4ee07501ad4605dc58366d31f09d3,completed,2017-09-02 16:43:04,2017-09-03 17:15:11,2017-09-08 16:46:27,2017-09-09 13:08:52,2017-09-15
b17fd4c033b06e8d888de8ea6105ef9d,70457f70bccd93467cce328f6b3bb89a,completed,2017-03-20 19:38:10,2017-03-20 19:38:10,,,2017-04-12
dacdfcd670a373cee78c7f2acd952987,72bf42311a073feed30fa11259e56254,completed,2018-01-07 18:29:14,2018-01-07 18:47:19,2018-01-10 12:01:10,2018-01-17 17:30:19,2018-02-06
ab95c133fa91c2393fa23e00e0cbd444,a8fb55ecb0e1dd90ecb6aa4811bcfa95,delivered,,2018-08-21 04:50:23,2018-08-21 14:32:00,2018-08-27 16:58:49,2018-09-03
67899dac84e7e591ff0edc0d1dd0574e,aea121c7ed7090e3fd711f7e6e74912b,completed,2018-08-04 23:40:50,2018-08-04 23:50:14,2018-08-06 14:51:00,2018-08-17 09:57:43,2018-09-26
fb81538ad88f59a4eb26ec0627825830,091ff88b45f8e6b1c909a9ca8b0618f7,completed,2017-03-02 18:16:14,2017-03-03 18:22:40,2017-03-06 10:38:22,2017-03-20 12:18:11,2017-03-31
9f24a452d2f08d94503f8755cc845362,825803c33fe215e80ac490cc7ea55813,completed,2017-09-04 02:26:00,2017-09-04 22:30:15,,,2017-10-03
930c438920322d999f81073398288381,e62cf9e803aee2389d750a99f8a2986e,completed,2017-08-26 17:21:49,2017-08-28 11:25:20,2017-08-29 20:23:26,2017-09-02 15:17:23,2017-10-02
191fa27b2a907e113d60ddfd7dc29696,9c04b06940dd762c639ce63ce827caf6,completed,2017-06-10 21:50:43,2017-06-10 22:05:13,2017-06-12 17:57:52,2017-06-19 19:22:27,2017-07-07
f2a51fb7a0d5651178c11509d8d98f5e,c52d49541e95efb5f54fe6b14295c3ce,delivered,,2018-05-22 23:17:39,2018-05-24 13:21:00,2018-06-04 19:57:21,2018-06-14
319d398b7ec933febdefe3104dcb8679,ab8cb67d593249c068209ba6f8b79a81,delivered,,2017-09-19 20:05:50,2017-09-21 17:48:25,2017-09-26 19:43:41,2017-10-16
f66ab2fcf6eb4fbb8c027f16de902cdc,90ab1a5224e5e1999b34c85f637a7491,completed,2018-08-01 13:21:58,2018-08-01 13:35:09,2018-08-14 11:39:00,2018-08-15 20:31:53,2018-08-09
22230cb95aa16cf1615db1cf10a0ea2d,e4c5917984666dcd1fac843b5938b6a3,completed,2017-11-28 14:18:24,2017-11-28 14:32:17,2017-11-29 16:51:48,2017-12-19 13:52:25,2017-12-19
7803d0f984dfa8078247ba07d2645bef,e1a8bac0030788c65d3500ef868c6285,completed,2018-01-29 22:16:45,2018-01-29 22:30:20,2018-02-02 15:32:43,2018-02-15 23:13:47,2018-03-12
16f2b04292cfdf925c7d231f98812249,805555a6b9899dc153d8613a1a02c098,completed,2017-09-30 11:48:22,2017-09-30 12:04:21,2017-10-02 16:28:18,2017-10-09 17:33:50,2017-10-31
4c09b402a17b72a4a9338d51a8759b4a,10b59f56c87c5f68a2dbf3646f0f78bb,delivered,,2017-10-30 11:36:03,2017-10-31 21:58:24,2017-11-10 19:46:53,2017-11-24
6e7f938e1ebc4eb4b205b2ad66c5525d,d64eb944d3fef8d269de717e4bc2d56c,completed,2017-09-12 00:08:18,2017-09-12 00:23:58,,,2017-10-03
ce890faac8e2e4bece041845501ac3a6,8395381b2c2766ebceb43c768072fbce,delivered,,2018-01-16 14:30:18,2018-01-19 01:47:00,2018-01-26 17:57:58,2018-02-06
adb5229ba2403ffab5e2b7cd6e33459e,3d52b58102741860726768607ec7e311,delivered,,2017-06-20 12:50:30,2017-06-22 12:36:40,2017-06-23 13:04:20,2017-07-06
6c91816cad7d95fae9a51fd93671289a,cf04f5f184e4c0c5430894beada91b29,delivered,,2017-09-30 16:21:16,2017-10-02 21:14:49,2017-10-06 18:49:58,2017-10-31
58e49d5a213ab0b61bf261ddf8332f5a,9b9f6285956c99f9aaf3c2b1ae833836,delivered,,2017-10-06 21:24:41,2017-10-11 20:24:54,2017-10-19 20:33:32,2017-10-24
76050ac42e05f52668728d3b535629f4,be8629dff2b09053a8d2b1d40f1b1b37,completed,2017-05-24 21:57:34,2017-05-25 10:02:51,2017-05-25 14:09:13,2017-06-02 10:46:54,2017-06-20
4f7d7c29804187d1b3e013ac5fe1dae5,a02b819fdeb1a2e7c894b46763b47f44,completed,2018-02-12 22:38:55,2018-02-12 22:47:39,2018-02-16 19:16:35,2018-02-26 15:52:32,2018-03-15
64619901c45fba79638d666058bf6be6,3a1dda1ede23d7e71753e80d7f22c2c4,delivered,,2017-05-21 09:32:36,2017-05-22 08:59:27,2017-05-24 12:07:35,2017-06-09
5242fa332c499504758af265bbca7bde,15c127866ed4058a9edde9b6ca63b62f,completed,2017-09-27 22:52:33,2017-09-30 11:14:21,2017-10-02 20:27:57,2017-10-04 16:44:28,2017-10-13
0f17366db3415102c789999a513bbd35,d2e68d3ebaf2dc8deaf4cd28ec5c9da7,invoiced,,2017-11-16 13:35:52,,,2017-12-14
c20fa8783cbf98de30a8cc0dc7b99bd1,ec7bace5c0ee787e5b521382ae27a112,delivered,,2018-04-20 07:32:10,2018-04-20 20:18:33,2018-04-24 18:52:43,2018-05-04
44336b642856c33f94a6ba4b8a7dd6d5,72f2b4663a2f9ab47f956f7f75eeb398,completed,2018-04-09 21:46:23,2018-04-09 23:30:04,2018-04-12 17:51:56,2018-05-03 21:48:53,2018-05-16
1754107f36ce978c21ba0509c7bf0889,051d8948abf627dfd3483f6bcdfbfa5a,completed,2017-08-08 16:05:13,2017-08-08 16:23:50,2017-08-10 17:26:12,2017-08-15 20:51:49,2017-08-30
843987ad16fdca324fc74eb57896cee2,938dbea1d465c3eee57f3dc8923dcb16,completed,2018-03-03 11:59:50,2018-03-03 12:15:34,2018-03-05 22:16:45,2018-05-16 14:03:21,2018-03-26
f2665691d2aa17a8c8a37438686b1927,2ee64c10ba69ec9d4d5bf49f592c5fd2,completed,2018-03-03 17:48:49,2018-03-03 18:08:53,2018-03-06 01:24:52,2018-03-23 21:33:23,2018-03-23
ac2aafdd31bb2367504474de8b1191f3,5e6e7c5926d54f46cae7f468cd47a20f,completed,2018-05-15 19:07:34,2018-05-16 20:16:21,2018-05-17 07:59:00,2018-06-04 16:56:49,2018-06-04
b17c37c07ccd370cd72a1884f380c532,414771711b6812e2a3bbbc867213a28b,delivered,,2018-03-28 18:08:54,2018-03-29 23:54:37,2018-04-16 18:31:51,2018-04-23
c72588a7cac72efbf2189a48d12ab61d,31c779d3dcacd9eb78bf03170581a958,delivered,,2017-12-17 10:10:05,2017-12-20 00:21:37,2017-12-20 14:39:13,2018-01-05
4ea05bc522773f72fea5dd4de1f546e9,cb2559f845c75418909740bd35463398,delivered,,2018-07-31 18:30:52,2018-08-01 13:51:00,2018-08-06 17:32:37,2018-08-10
08bc3c916f77ec2affe03716dd076af2,f80a53e3f59ba7c4aa9675cbb7ffb67d,delivered,,2018-06-26 21:10:25,2018-06-28 14:43:00,2018-07-04 16:02:12,2018-07-26
0516c22655fe1e1f0b3390f4ee3fc5f6,4830a9c02b42036ffca989c6d2f8ff67,completed,2017-01-31 11:49:23,2017-01-31 12:03:45,2017-02-03 17:08:03,2017-02-09 18:38:01,2017-03-13
14db1d0a0c68e65f2a097d76be8feb71,b4418874f366f5fe207f706ae11a7294,completed,2018-03-08 10:19:28,2018-03-08 10:35:47,2018-03-14 00:56:28,2018-03-20 19:15:49,2018-04-10
9a3956da42c0f49603a35e901b6e1fab,621924fa61a8414c52e2bac7d2c036b9,completed,2017-02-06 20:54:37,2017-02-08 03:10:30,2017-02-08 09:53:45,2017-02-16 13:32:34,2017-03-01
fc8e9d7ad7a42cc52cd8438eaf428ed3,ea3c63f62f763a92b935e9ce73ea5d58,delivered,,2018-05-27 10:07:17,2018-05-29 14:08:00,2018-06-06 18:18:35,2018-06-29
cee3d35c01c3ae1ed31809bdb2272afb,8bd9274e690e57552c0516b0d323af7d,delivered,,2017-07-26 02:25:30,2017-08-03 19:04:12,2017-08-09 16:57:43,2017-08-17
7baac6397b9cffaf882d73544ae9a085,2bb538d3b5a93ed52b5f504aeb097893,completed,2017-09-11 15:22:55,2017-09-11 15:35:22,2017-09-13 17:47:52,2017-09-21 16:27:06,2017-10-03
6288c084b4b8b9ed59cddc6793eba928,b7a18cb59c24649c7ab96dc6f8443688,completed,2018-01-16 15:44:36,2018-01-18 02:11:57,2018-02-27 16:34:17,2018-03-14 22:52:38,2018-02-22
225d6c38f3b55e64713038cbb2a7d357,9e65cbbe0b4f517550e04293b56818af,delivered,,2018-03-13 10:47:53,2018-03-14 17:12:23,2018-03-22 20:13:01,2018-04-09
cc24eeca0b974f0489000f9f0fd82ed4,4e561104b788c49620355100eb215054,completed,2017-07-31 21:26:20,2017-07-31 21:45:12,2017-08-02 20:26:51,2017-08-17 15:56:34,2017-09-04
fb436a0beef49b493351afe287150239,fab1deb9a9ec207df528ba82a18d848a,completed,2018-06-28 12:19:32,2018-06-28 12:35:12,2018-06-29 13:48:00,2018-07-06 14:38:53,2018-07-30
9b21d7e7e61740911f0008fc81681e63,29bc624eea63e77997d35b670c739591,completed,2018-06-16 18:41:11,2018-06-19 06:56:59,2018-06-19 09:24:00,2018-06-25 17:26:37,2018-07-12
d318b7f49be14ab25218a6914acc404a,a642a541c31931ec96b37ddef53a25c4,delivered,,2018-08-05 18:15:20,2018-08-06 14:50:00,2018-08-10 22:55:33,2018-08-21
afed0d88ec7753e7be8744bb66e860d1,b1253701171dfb298f52a221f824e45b,completed,2018-08-02 15:23:07,,,,2018-08-20
7040e508843c4a26cb6fe367c92ac095,30bf893018e91309b87a1beba9915f56,completed,2018-05-05 19:51:16,2018-05-05 20:13:12,2018-05-09 13:28:00,2018-05-24 12:21:27,2018-05-30
50ef6a06a587a4f97f8483946c692e70,f4c1daadf5d94cf9f1fa530df0992dea,delivered,,2018-07-30 18:31:23,2018-07-31 13:16:00,2018-08-03 19:11:55,2018-08-23
493f708b1e1209147ca4bea838be1148,2cabf0e9d78b9d2f8d6a79ba87f24366,completed,2018-04-24 09:57:09,2018-04-24 18:14:06,2018-04-25 14:06:00,2018-05-04 01:19:12,2018-06-01
a4ec07f740626256a023968312b84b02,daef7f39adab43b9c061c3845c9abeee,completed,2018-04-10 10:22:55,2018-04-11 05:50:11,2018-04-12 00:22:04,2018-04-19 14:41:27,2018-05-03
cf77a280bc82f1008e6cbf4c16435622,4da548782212b3ddcddfe9943f1534ce,completed,2018-05-09 15:22:41,2018-05-09 15:37:06,2018-05-15 07:49:00,2018-06-05 01:18:45,2018-06-08
497463bc831a82dc0db5cdbb85c3a33b,4619492b155e0aa14feba59ad43194b3,completed,2017-12-22 12:59:18,2017-12-22 13:14:26,2018-01-03 20:37:13,2018-01-05 17:09:56,2018-01-12
833fbc971cf15276b9fa3a392f73b4e6,f5b6eb47984600410c9ca0513ae5d7ff,completed,2017-05-02 10:28:05,2017-05-07 23:32:50,2017-05-17 13:16:56,2017-05-30 12:48:12,2017-06-09
3e65f930729bc14824ce41dc1e8084d1,bbd2d195aa7eaf73da52f0095c5c1fe7,completed,2017-07-11 09:55:09,2017-07-11 10:10:15,2017-07-12 19:04:01,2017-07-21 20:03:21,2017-08-09
90c76224c097ab3cc738957b2c204bb0,8f642dc505534b7a7908391f62d926e5,completed,2018-01-07 23:50:53,2018-01-08 00:07:32,2018-01-09 11:53:57,2018-02-08 19:16:41,2018-02-15
cbbf61b366cb1ca7a9f9b954e8f345b5,887859ee8692098a45898e5917a999a7,delivered,,2018-07-01 18:49:48,2018-07-03 19:41:00,2018-07-05 21:46:28,2018-07-16
8ef25ada03b56cd00e4021ea5b98f58e,c1eed0065b42f01e99ef89311a727aa2,completed,2017-10-18 12:56:16,2017-10-20 17:49:27,2017-10-23 18:41:36,2017-10-30 19:05:31,2017-11-14
d68393f8b33cd22df7d78832c2761013,6d2c453c45724e86f5b33a15dad5ba1f,completed,2018-08-09 02:09:15,2018-08-09 18:30:29,2018-08-15 14:40:00,2018-08-17 21:47:39,2018-08-21
d99ec4acbeb86fccf934f257ebd6baa3,493705fc389e90a33771f1522b6008cd,delivered,,2018-01-29 09:18:39,2018-02-01 17:55:50,2018-02-24 01:21:34,2018-02-22
c17bc584fe68bdf389241631455fc2a5,a4f2d6fe9525ae4f6e009bf77e622e49,delivered,,2017-07-20 00:25:21,2017-07-20 18:13:00,2017-08-09 17:11:46,2017-08-02
2170f9fac08a48aed1fc0b09c13b483b,02a2e57774aff37b1888526dd39717fe,completed,2017-08-21 13:38:52,2017-08-21 17:31:21,2017-08-24 18:39:24,2017-09-06 18:36:22,2017-09-15
1d7f3280ef428fd4fb454e6d0d1fef43,e587dd5e730f4af7337801d98bd17b6b,completed,2018-01-31 11:55:52,2018-01-31 13:52:06,2018-02-03 01:54:51,2018-02-20 17:57:16,2018-03-02
90d36c9ade58b86290e2b48ca7348cc2,3eb2f427052bb599312cd03531c90469,completed,2017-10-25 15:07:24,2017-10-25 15:27:37,2017-11-16 13:18:29,2017-11-25 12:57:07,2017-11-16
8a010b7aba0be6915aabf393ff26a45c,512f565aee4d2af9d8c5d974ca152bc0,completed,2017-12-14 13:14:01,2017-12-16 02:51:13,2017-12-18 21:59:01,2017-12-21 22:18:08,2018-01-09
12a72e49c959db8d7552036e53a67f49,24965a26ac0ca8671c6c057ee371c06f,completed,2018-07-30 12:34:38,2018-07-30 16:05:08,2018-07-31 13:24:00,2018-08-09 15:28:46,2018-08-14
7477cb986eef32aa23035fdd22ed27d8,282145334ce859131410fef262f98bfe,completed,2017-06-22 22:41:57,2017-06-22 22:55:13,2017-06-26 14:41:51,2017-07-04 14:32:12,2017-07-14
110002a2f7cc77699dcd81a24423cfc1,d8c707272d713759bf254e1a9bb9748c,delivered,,2018-01-07 16:56:25,2018-01-09 20:18:16,2018-01-10 16:50:32,2018-01-31
c389bed1741c8f36cfc6908c1677288b,118c9f44d9c4e55593e9fb37c12268f2,completed,2018-03-20 09:01:08,2018-03-22 02:50:08,2018-03-23 00:16:57,2018-03-26 18:08:50,2018-04-02
f692b6bd0ae87642d9c7656e6199ed03,810ca9554e64b702fcd371852a304794,completed,2017-03-08 08:35:41,2017-03-10 02:43:26,2017-03-10 16:14:56,2017-03-17 09:54:49,2017-03-28
0c66805964db8d43c1c81402e3433f9b,629037360cb6212f9a8831b62ee1a4b8,completed,2018-06-02 20:57:36,2018-06-04 09:51:35,2018-06-05 07:52:00,2018-06-19 20:48:46,2018-07-11
175f436110df7b451689d7d969ec64f5,7199d3db0db9697a789454d3aa8ef344,completed,2018-01-24 11:06:17,2018-01-24 15:07:37,2018-01-31 00:05:21,2018-02-06 21:33:33,2018-03-02
d3a90a46b8f2324b6472545ce1bc2c24,b04716bb2aa95739c6dc543d7f9f4dc6,delivered,,2018-01-20 22:41:14,2018-01-24 19:37:16,2018-01-30 22:19:00,2018-02-14
fd79284ba0bd11e560e236f939640143,f722f83d0923ea785b61ed0cbdf0bc3e,delivered,,2018-05-30 10:56:31,2018-06-05 11:50:00,2018-06-13 18:48:50,2018-07-13
c91bb9b296c26b316c8acead6501905a,c4fde97f6e821ddc92b2c39c7c77b95e,completed,2017-05-15 19:27:13,2017-05-17 03:55:27,2017-05-19 11:22:27,2017-05-31 14:55:47,2017-06-06
82905f4b411a687464762216db4424b2,a14a54843c4b23ca87386fe6088fb649,delivered,,2017-11-21 20:07:39,2017-11-23 19:02:57,2017-12-19 13:35:51,2017-12-14
161e053585557a1c61af92492bdb4f21,a92f20c6aa106705bcbf1b72f5921ecd,completed,2018-07-03 09:58:21,2018-07-05 16:40:33,2018-07-06 11:12:00,2018-07-12 20:12:46,2018-07-24
9b7aee2b156bb9edca9034462053c87c,5ab646fc0d2700250de071fccb889be0,completed,2018-06-07 01:20:57,2018-06-07 01:34:25,2018-06-07 12:52:00,2018-06-15 19:26:34,2018-07-04
dbb2c9fcb812c0eb6a8b856435e484d7,17fc94945c78e2f5d7100ae17fe19f12,completed,2018-04-04 09:21:19,2018-04-04 09:35:20,2018-04-05 00:36:51,2018-04-19 00:26:52,2018-04-24
efa4b51113fdedfdef6dee22876271ca,06dd86569c44f30ad3f0e3154e4d03d8,delivered,,2018-01-12 14:47:52,2018-01-15 22:27:43,2018-02-06 21:48:59,2018-02-09
93cd78e1b92970d2a7e7251057f85153,81805d02402ef56db08122440a0a938a,delivered,,2017-11-06 04:55:32,2017-11-07 22:59:45,2017-11-23 20:28:38,2017-11-24
383216723797f06d317fcfee172ee005,b02bb5ef585d5fb2108090bb8f981572,completed,2017-06-11 21:01:41,2017-06-14 10:55:20,2017-06-14 19:08:48,2017-06-19 18:54:30,2017-07-03
90ec7e058a164b8dccce02591de2f99a,362bebb0ae1bae65c56e89f183346627,completed,2017-02-15 12:03:50,2017-02-15 12:32:17,2017-02-21 09:05:27,2017-03-06 14:05:11,2017-03-29
c7a5d101d4b6ed70eacc97c78158eadd,9d109a169b7b88405b214e976c6039e7,completed,2018-02-01 19:08:48,2018-02-03 02:53:37,2018-02-06 00:49:39,,2018-03-02
8704f37bae751578cdec362f48c61232,262d7e8f0907b9d31c145b04e46d6a5e,delivered,,2017-12-14 07:12:37,2017-12-14 23:42:43,2017-12-22 18:24:57,2018-01-08
7752cfbc93594ff73fd8b59c616c4be7,f948127c1046ac5b25e3a009988c2b6a,delivered,,2017-04-26 13:42:28,2017-05-16 12:18:15,2017-05-18 07:30:04,2017-05-18
04cb4d9e4f236cd2d6d42de8f1eea4ae,0c63c9530d251ecd4dcb350537e9ed6f,delivered,,2017-05-23 09:02:41,2017-05-23 10:01:34,2017-06-01 11:40:13,2017-06-22
b5c4f14a0dee74d81b66f57da41ef77c,b6e5cac4424fac86b44df6506dc10334,completed,2018-05-21 11:52:34,2018-05-21 15:06:03,2018-05-22 13:47:00,2018-05-24 01:44:21,2018-05-30
6a5771a7c4b156a321263b020bd7e3f2,6cca49b1c6983d8a2b755db0d41cd9e1,delivered,,2018-01-30 09:51:29,2018-02-02 03:24:59,2018-03-02 15:58:55,2018-02-26
a219a9f28e900359410d7cb6329cdf39,0c9fdc5b4e2b1d8d52de981dd05d7222,delivered,,2018-05-08 19:35:45,2018-05-09 09:01:00,2018-05-24 22:32:10,2018-06-05
d0592c70bab005f554e0fdb1726eb505,0c7204ee9281f0da796c071ab64ea752,completed,2018-01-23 16:29:42,2018-01-23 17:02:10,2018-01-29 17:55:00,2018-02-05 23:06:44,2018-02-22
471f7bcf95321e4e00d947114c884bd3,3dd73da1c3553ed2b05530b8b156b3b6,completed,2018-05-24 18:56:59,2018-05-24 19:17:17,2018-05-25 13:46:00,2018-05-26 17:12:20,2018-06-14
fb7aedc5796ee214a87461ece45355e7,40d3460ad3b63de04990975d2fb3330c,completed,2018-02-15 21:39:10,2018-02-16 07:50:27,2018-02-19 14:08:52,2018-03-05 19:59:37,2018-03-09
6debbd8568d730f4959d1fac74ed0315,66f7666afc694d88befe0d5e48871138,completed,2018-01-12 19:23:58,2018-01-12 19:31:26,2018-01-23 00:08:27,2018-02-27 00:35:57,2018-02-14
b791cc8ae56058fd49a44d77c52f9150,494280b4db6a55a3a77b346a6395133f,completed,2018-02-12 19:07:11,2018-02-15 03:47:45,2018-02-17 02:13:11,2018-02-21 13:34:39,2018-03-13
085dc4386ef92b335b19c17b1ab7876a,cc2560d14b160bfaddc6e058b7d45550,completed,2017-12-14 12:45:50,2017-12-14 12:58:34,2017-12-20 23:28:11,2017-12-28 11:45:52,2018-01-09
a9047d80280890b3b79607250042dc95,81ef0532e2e2d5100054c7e0152c00ff,completed,2017-06-19 15:25:29,2017-06-19 15:35:17,2017-06-20 11:13:03,2017-06-30 07:37:28,2017-07-21
1fd00a38cb5caa89ca06e82069412d5f,4eebea291949576a28945c39356dd65e,completed,2018-01-04 15:01:26,2018-01-05 20:31:19,2018-01-16 20:08:52,2018-01-17 22:51:56,2018-01-22
6cd38adf54359273a7b891f4480a809a,b10b4a8b2d231b223ec1fb80b0fe3cb0,completed,2018-08-25 10:41:50,2018-08-26 10:44:08,2018-08-27 10:56:00,2018-08-30 20:28:41,2018-09-05
c2c7db553def6f2b47769b8bd9d08432,b8a225be894b6a23995331cd91d0fc60,completed,2017-06-27 11:15:52,2017-06-27 11:55:14,2017-06-28 15:34:13,2017-07-05 11:46:04,2017-07-19
4e279bc55cb8b7abc5a2c1ecdcb6b08e,ad09bfb021e70165d9590b7976cc6f33,completed,2018-01-10 16:46:22,2018-01-10 16:58:31,2018-01-11 21:48:51,2018-02-01 12:03:58,2018-02-09
bd6a5598892338bf9e6ad1f5ba2d1f4c,405901129a10fc58c472bf5555e20d48,completed,2017-03-27 09:49:56,2017-03-27 10:02:18,2017-03-28 12:33:14,2017-04-10 10:05:47,2017-04-24
6ec4bd1ab5a6833d9129bc04859db56e,b43d44f5ef38ef51e3c44a68898642e3,delivered,,2017-11-21 19:52:20,2017-11-22 14:21:48,2017-11-28 20:55:41,2017-12-13
a4396e55c140360b67296ee34f56752c,3e345e7e395a3ddd11abf786d6d74e3e,completed,2018-07-23 14:13:23,2018-07-28 23:31:03,2018-07-26 10:17:00,2018-07-30 20:43:33,2018-08-17
2f06a1fccf41b5ff7deb2ece494784f4,71483f0a767d32ad1f94a6cdb2afa6a1,delivered,,2018-01-22 13:57:30,2018-01-25 23:42:13,2018-02-01 20:18:23,2018-02-20
7021b6631e7eeee66d0c205798c9a8b0,08769b79055f98ab6f2878b6fbc39c62,delivered,,2018-02-25 14:10:29,2018-02-26 22:36:54,2018-03-15 21:48:27,2018-03-20
2526d08a2985e1b276a405915c2d8be9,2450926e09ca55f960204a2789ed4943,delivered,,2017-02-04 15:10:16,2017-02-07 14:00:00,2017-02-14 12:28:31,2017-03-07
a2aed6a87add50ebbbd74434cfcd1ba0,d9cc61b7ef701067f065bb57f81ffcba,completed,2017-07-22 20:21:53,2017-07-22 20:35:17,2017-07-28 21:44:26,2017-08-09 17:18:04,2017-08-23
6139af649e0159b8129904b8bc5a869e,e435b927985a4a54692728ca2470bba5,completed,2017-08-21 19:07:55,2017-08-21 19:25:13,2017-08-22 18:28:15,2017-08-29 19:34:50,2017-09-13
560dbca079541765d29129e9b652f8c2,0b7f21f33e24667de2d6258aa72ab369,completed,2017-11-24 08:55:16,2017-11-24 09:11:28,2017-11-27 19:24:08,2017-11-28 15:21:39,2017-12-11
fc0505833ea55953cb885d6694daa689,521aa7f67815ca2ccb46704be6095b68,completed,2017-09-15 16:39:12,2017-09-15 16:50:22,2017-09-19 21:28:45,2017-09-25 18:51:18,2017-10-16
a20fd8d03db72237712932934935ab14,b5bae8ef2af64a160264b103b7df0912,completed,2018-01-30 08:38:27,2018-01-30 09:09:36,2018-01-30 19:58:51,2018-02-05 18:42:52,2018-02-26
71f86189760ff1dec6805f4fc7c6f52f,bc41a708ec6dabfa8b01320ad60ac6a2,completed,2017-01-18 10:42:05,2017-01-18 10:50:21,2017-01-18 17:19:08,2017-01-31 16:59:08,2017-03-10
05d3fead61b937bd7176c28ef8ed34be,db256fd07ff78521a748e1b8f516cc9e,completed,2018-01-09 16:25:31,2018-01-09 16:37:52,2018-01-10 18:20:21,2018-02-04 17:47:24,2018-02-19
f83c27b5d5d61505da0a4ce01db3dfd3,495617a9899228fc0eb3f63b77744d9d,completed,2018-08-07 19:15:03,2018-08-07 20:15:28,2018-08-13 08:35:00,2018-08-22 18:52:29,2018-08-23
3e36c841d95ee611719b42ff49a54792,3846f38f6b9a88b5c622361282deeefa,completed,2017-03-09 08:56:30,2017-03-09 08:56:30,2017-03-14 07:45:37,2017-03-24 11:43:15,2017-03-30
255a21c87a4a96bae0476d10dd3800e0,b7a49cc601821304d09c5abf1d65d55b,delivered,,2017-11-22 22:07:25,2017-11-23 17:28:40,2017-11-27 20:18:42,2017-12-04
42053bb062d0d5bb79db26888b6f50aa,adcc75f12c0db891b2ee6e71907b4f07,completed,2017-11-24 14:12:00,2017-11-24 16:17:02,2017-11-27 18:14:54,2017-12-05 19:22:44,2017-12-18
b335c1b6b81809fb3de72bab88595134,43c19903c140dc70e2ae446c1f49ac05,completed,2018-03-14 13:24:21,2018-03-14 13:35:31,2018-03-15 17:16:52,2018-03-22 18:51:58,2018-04-20
6f2de71049be12a7261059378f59e229,615e5edf00b62ca6f134b8656c75fa1b,completed,2017-05-21 12:26:59,2017-05-22 19:35:10,2017-05-26 16:12:41,2017-06-19 15:32:50,2017-06-22
a49dc0169f9bb6d3ac9829bdebd12299,c78088a2467e83cbb726c1283608dca7,completed,2018-07-21 11:46:28,2018-07-26 23:31:27,2018-07-24 14:55:00,2018-07-25 18:24:31,2018-07-31
519a63cb3ea1d2c4b1364552eacb6b29,06da298efb6ead8ed9e9a271bcb9419c,delivered,,2017-09-04 13:15:12,2017-09-05 20:09:09,2017-09-13 19:25:59,2017-09-26
8b30044038679449c915fdb8f46d6712,8dfdcec47ac9d8437bad1b90d5eabc99,completed,2017-09-24 14:20:41,2017-09-24 14:30:19,2017-09-27 22:12:34,2017-10-04 17:37:30,2017-10-19
b3eab105571ffb4a91b5516252cead7f,9b8a332e088c71b5728c58a94fd97dfd,delivered,,2017-11-18 16:50:27,2017-11-21 16:28:56,2017-12-14 22:14:44,2017-12-18
417575a363d3c393c6dcfcbbd67890e8,6f08afe6208e54d048a3fc50e512ac7a,delivered,,2017-08-26 16:10:20,2017-08-31 18:37:41,2017-09-11 17:55:13,2017-09-19
25eac842862525f18a083c6edf1929a3,d5dfe91af956d7349cbb8ef18653c6de,delivered,,2017-12-12 22:23:28,2017-12-14 18:15:37,2018-01-04 19:51:45,2018-01-15
343ee80178e16012130cb0007eac5888,aeed83f14583aecd0c82d49c45a833a8,completed,2017-11-25 16:16:35,2017-11-25 16:32:57,2017-11-29 23:12:14,2017-12-20 20:27:38,2017-12-22
b90ff29b64c30c202414b3bdab0160b5,897b270361970fde3563dab281b3686a,delivered,,2017-10-25 17:56:51,2017-10-27 18:39:57,2017-11-04 00:27:54,2017-11-17
a26e6ab76194128dc1b473d60cbae2a1,c13a16b27894556b40c34b7e5770f679,delivered,,2018-05-05 15:50:36,2018-05-07 19:07:00,2018-05-08 20:47:26,2018-05-21
84499df9226b91d3b5817d5e6651a143,89e67ca2edc02e593cb7a37cce12c705,completed,2017-10-29 23:58:33,2017-10-30 00:10:13,2017-10-31 19:33:10,2017-11-09 06:56:57,2017-11-23
efcd8852328a37fca811747c09c6fb69,1471498aaeb8618816b95071d851da29,delivered,,2017-05-22 10:39:14,2017-05-22 12:48:50,2017-05-24 15:05:49,2017-06-02
8adee5f27ae7551113fc26ce21202576,f7a372c8cda1efcf20d6d6821d6606b9,completed,2017-11-24 01:29:52,2017-11-24 01:38:44,2017-11-30 15:38:01,2017-12-19 23:50:06,2018-01-03
cab33fc76d60b48dd6a512e892c54437,543ee5e646b5e72468e59c3dd3914edc,completed,2018-05-16 20:53:06,2018-05-16 21:13:59,2018-05-17 14:00:00,2018-05-21 21:11:50,2018-06-01
b803962943a08a081c52d087e852358c,9d1ad1c80967c646f17783f8741c75e8,completed,2018-05-06 20:15:04,2018-05-07 09:56:17,,,2018-05-18
c9a1595ae87467e3d6143d9c29542030,3c8ffb7e2d47b7dbf27a3524e6331078,completed,2018-02-05 15:08:41,2018-02-07 02:52:32,2018-02-07 21:48:27,2018-02-08 20:09:27,2018-02-21
86e45b4f54438145ef4e56aafe0314d6,d692866d341e03251c309c8b6f49d640,delivered,,2018-03-13 04:28:08,2018-03-13 19:03:02,2018-04-17 18:19:45,2018-03-29
9764559652cd9a07586f59136848e1f1,57c2f085b05b55969f44246acdf2b5ae,completed,2017-12-06 13:05:37,2017-12-06 13:12:34,2017-12-06 21:28:38,2018-01-16 21:29:00,2018-01-17
f65bace465aae8e67ff3948524ca7270,59d620d657d548cce67b86bf39adc5b7,completed,2018-08-01 22:44:09,2018-08-03 02:43:59,2018-08-03 11:20:00,2018-08-06 13:21:51,2018-08-27
43e9d6cfdcf9eaad45b8fb0a3ebcd521,8b02f8ef59c26d8b31e7d0b9e844a680,completed,2018-03-18 20:16:55,2018-03-18 20:30:26,2018-03-19 19:28:22,2018-03-20 20:24:41,2018-03-29
cd51709c98c738351915f79c4318675e,c455144b0c6e78f2574b7a92f22342cf,delivered,,2018-01-30 16:34:49,2018-02-01 19:49:46,2018-02-02 20:42:18,2018-02-15
ccb152dea072048521b3a778267481ba,cb5173b3036a9c3673dd55615fdb8083,delivered,,2017-08-09 15:43:51,2017-08-10 21:04:44,2017-08-29 19:06:54,2017-09-04
844d901d8e848347a55c93cd4da2aa87,6762ef4cebf4a42904f6b163bdbbf351,completed,2018-02-02 08:10:14,2018-02-06 05:31:52,2018-02-06 20:29:42,2018-02-16 14:23:54,2018-03-05
43542fbe2e7b735e5db10cb3588d63d0,74f7b46796447b5cb19383e169b4a9eb,completed,2017-10-23 19:51:07,2017-10-24 03:28:35,2017-10-25 17:34:10,2017-11-07 18:02:34,2017-11-13
e1d90e4b5616214b451c589d55a6914c,3d5be0e69a3f7bf64a6cce753cd74a3d,completed,2017-09-16 17:56:07,2017-09-16 18:06:24,2017-09-21 17:17:54,2017-10-03 21:35:47,2017-10-13
3dfff49e0dea27e1c2115d2273a6f0fa,96b2580181dcea8303d598627f26a0f7,delivered,,2018-08-16 16:25:21,2018-08-17 18:25:00,2018-08-21 00:40:31,2018-08-21
4e4b558e89e904e0f1b7f8de516cf529,a82801734b0e157342b02c32891bd79a,delivered,,2018-06-26 05:37:28,2018-06-28 14:52:00,2018-07-03 19:28:25,2018-07-25
9778cb541669139d06c5aaa454239be2,5ffad35cbda506f66e3ce02fe7461539,completed,2017-12-14 20:32:12,2017-12-16 02:51:27,2017-12-21 20:32:43,2017-12-26 20:58:30,2018-01-08
a949114fa0f52e4e6f29d71235868783,2b91c0e00db628c7f3f8f581ebd9c4e6,completed,2018-02-11 00:55:34,2018-02-11 02:09:06,2018-02-16 17:16:13,2018-03-02 00:38:44,2018-03-12
ca836e631fd3b9408c19cf18ee331e08,49028f064e4f19ec1ce88607c1b40595,completed,2018-04-04 11:40:12,2018-04-06 03:28:46,2018-04-07 01:42:39,2018-04-13 19:08:30,2018-04-26
931fdd63ba701dba6def14b3655e0a32,bc4851eac6f3eae2da00c2d91f5c5c41,completed,2017-12-01 14:38:00,2017-12-01 14:49:40,2017-12-04 21:42:11,2017-12-19 18:07:35,2018-01-02
6002f6fd11937a1461a6c4780232191e,bce76905ad97b841d0dfd550f4e16b1d,completed,2017-09-18 23:29:20,2017-09-20 02:39:58,2017-09-21 15:27:20,2017-09-29 20:56:25,2017-10-09
4e5eb92b77d7214fc3587113fd8374d7,f2f1996d492eeed51d8e8f181bc3418c,completed,2017-11-13 21:16:48,2017-11-15 02:51:06,2017-11-22 23:14:40,2017-11-28 23:04:42,2017-11-27
9d055ecc79e567092196d9511b113990,b447b0271e72aa2ac63d5e051cbcf28f,delivered,,2018-04-24 17:41:32,2018-04-26 12:25:00,2018-04-30 23:12:28,2018-05-17
61b1a739fc2fb8f8efc10539082c16a1,d1578919c3fcaa8b8e5b4e43019af611,delivered,,2018-06-19 11:18:50,2018-06-20 14:13:00,2018-07-03 18:41:38,2018-07-26
39e5c415b7b8caafaae7fd1a4b191087,b74c99719fb1dbeec40d25847236e488,completed,2018-08-10 18:45:02,2018-08-10 19:04:30,2018-08-13 13:13:00,2018-08-16 14:14:49,2018-08-22
385d15b6382df6b32e10ff114cae5b4c,789e7fd3b32368aed09a7971f76758d8,completed,2018-08-08 14:35:29,2018-08-08 14:45:17,2018-08-09 12:19:00,2018-08-14 01:09:39,2018-08-17
2b0259629144c6b7b9cbbeae440287a9,86a2212bacc5a9e26edca1f35318b797,completed,2018-01-05 03:14:40,2018-01-06 16:46:45,2018-01-09 23:16:10,2018-01-20 16:38:52,2018-02-05
dda00bd9d2607be3fdb9db2abe33b9b7,e75f17743ce11c2145ca3f188b8acf0a,completed,2018-05-18 12:01:23,2018-05-18 12:47:56,2018-05-21 11:04:00,2018-05-22 20:12:28,2018-06-06
7d77fa53e7aaa8b90c3bf1d55392d432,60be6efd06ea26069011a291c11a36c1,delivered,,2017-11-23 02:56:24,2017-11-23 19:28:26,2017-11-24 19:42:48,2017-12-01
a1c4ab09bfeec2b1739a1a7c2e4c4634,64cbcc173ff7fd1895b8fda13bd90ded,completed,2017-10-20 22:20:36,2017-10-24 03:35:18,2017-10-25 23:22:24,2017-11-11 04:57:08,2017-12-12
7b35b8f7e47a6895e3fc370d47dde02d,4b51f4df3d8074552adba0bfb73954f1,completed,2018-08-13 03:25:25,2018-08-14 04:55:24,2018-08-14 15:29:00,2018-08-16 22:22:05,2018-08-20
6c578cefe8f43f6e1394ded9f6f537c5,dd747ee25e233b5cd6285d65972b7b7b,completed,2017-04-06 15:35:33,2017-04-06 15:50:10,2017-04-10 06:00:16,2017-04-13 09:26:30,2017-05-04
4cd513ff3d4f0c420dca1f9f0b98163f,029c2a6b7e94cc671a465f36c5898831,delivered,,2017-06-30 17:23:17,2017-07-04 16:22:27,2017-07-10 20:27:31,2017-07-25
e549600509a13c599199c6fa86fa836a,04f8b1896b14f1a769b778682468b42b,delivered,,2017-07-12 02:15:42,2017-07-14 15:41:43,2017-07-20 16:23:53,2017-08-02
cf73e2cb1f4a9480ed70c154da3d954a,ef1ed1347404166e73e8f3977ffcbca0,completed,2018-01-11 11:23:09,2018-01-12 02:38:33,2018-01-13 01:07:00,2018-01-17 14:36:38,2018-02-01
4caa878dd26539c88f5243c6bd277ad5,1bfb8cb079b0c028107b3fe473234ca6,delivered,,2017-09-26 11:49:22,2017-09-27 20:57:32,2017-09-29 20:34:57,2017-10-11
4db79af544c8c9da4ef543192ec3179c,63fed2da86c0786cbc166968a5e6abbd,delivered,,2018-08-23 17:45:19,2018-08-27 14:31:00,2018-08-28 16:33:41,2018-08-30
15a167665d926699daaa439f546054a3,42c2ffc2f510d988ea1e7e7d206ae4dd,delivered,,2017-05-19 22:45:18,2017-05-22 11:59:04,2017-05-29 14:53:36,2017-06-12
bc0750dbbde0ce52c81895096a0deb7b,b3eae712d1fa65509032b1e8d2e0d075,delivered,,2018-07-27 11:50:42,2018-07-27 14:50:00,2018-08-06 15:16:46,2018-08-15
9e86f2750fb63739aa63c24a716815ab,6716e1ac019b7a47c59e604467baaf6d,completed,2017-10-28 19:23:49,2017-10-28 19:35:09,2017-11-01 18:22:26,2017-11-15 04:58:38,2017-11-28
1c0fd29e6a54b2331357d1cdc6ccc375,a8de901d823613a32ea7587f0ed28fc4,completed,2018-04-21 12:48:35,2018-04-24 17:31:05,2018-05-03 13:23:00,2018-05-08 20:56:48,2018-05-21
6d238ce1fb32d1ef6e4422764a7f76cc,7ee349f8d855c56ac5151702a8bbf7f3,delivered,,2017-08-22 07:45:15,2017-08-23 11:52:35,2017-09-01 19:23:43,2017-09-19
d3b17114bb5d12fd946e0bb2680ec2b0,afedfc4f973123fcb3db4d7981c211ad,completed,2018-01-31 16:25:12,2018-01-31 16:35:35,2018-02-01 22:35:59,2018-02-27 01:22:46,2018-03-01
8f89466a1d909284287823b13958cb5b,adef9269536e84c599b8ad8491be6475,completed,2017-09-14 09:58:24,2017-09-15 10:05:13,,,2017-10-25
ee0bc21fad473e058d1c514663bf0a74,39bb94af240cb108d95e5d33836c21bd,completed,2017-05-02 20:31:41,2017-05-03 15:15:17,2017-05-05 09:26:05,2017-05-12 11:49:39,2017-05-25
eef6b4895c4293f0b17e5fff1bac3c2d,c1254dd182176b5a248a2ef49537d3d3,completed,2018-04-12 09:47:47,2018-04-13 12:34:06,2018-04-16 14:52:36,2018-04-25 14:56:35,2018-05-15
4316640980023505d9d103d3040a85a5,0702faf732d0bf1539d8808806133ab0,delivered,,2018-01-07 09:31:24,2018-01-10 18:37:18,2018-01-11 20:10:11,2018-01-24
67d1681c8bb9f9eb28f2a9beb44b8636,e318ac5013fe7085087153196649820d,completed,2017-09-18 21:23:58,2017-09-19 21:30:13,2017-09-20 16:06:02,2017-10-05 16:34:17,2017-10-06
e9cec3364270c67c922b8891465148db,b371ea5550dc0fecc65d67ae999c7131,delivered,,2018-04-24 19:26:12,2018-04-24 02:52:11,2018-05-03 20:08:36,2018-05-17
bf1b064ac1b222c3d923f782e5ca8a04,cf380eba825ac3b337a23bdf2c70d3f1,completed,2018-07-18 19:18:33,2018-07-19 19:15:10,2018-07-20 14:12:00,2018-07-25 21:59:44,2018-08-07
ce14e551b308d863fc17c8c43f15d87b,b122895c7bc74d8ee10cf7097b6c13a7,completed,2017-04-23 02:51:01,2017-04-25 09:35:11,2017-04-25 20:06:48,2017-05-18 13:52:01,2017-05-11
810233b1d86cfaff1b46b1458f7d0a41,b28e4e1a855f322972761f8617f0be88,completed,2017-10-29 22:10:07,2017-10-29 22:25:16,2017-10-30 23:23:46,2017-11-23 21:02:46,2017-11-22
c2df028c86d4158c1bae5a4028860656,0c97be3891f7e2598f4e113dbdb6e528,completed,2017-12-30 18:58:47,2017-12-30 19:07:23,2018-01-02 20:02:52,2018-01-04 22:47:45,2018-01-18
a10eaf1d37ed2040bb65b479fccc8bf5,787ce24878a10ba3edc37411f8a2dfff,delivered,,2018-06-11 14:38:38,2018-06-12 10:48:00,2018-06-14 10:18:52,2018-06-26
b41cfe56ae135b607c1210cd3dd73744,1b5c7a6245081fb431cbc7e64302454f,delivered,,2017-07-07 14:45:14,2017-07-12 18:39:55,2017-07-17 17:46:35,2017-07-31
095f058cc1daeb1e7ba1c133473090a3,37589709e8da3fb3e3835c7c7b942de7,completed,2018-04-14 18:14:42,2018-04-15 18:10:47,2018-04-16 23:12:01,2018-05-05 11:41:25,2018-05-14
682779e328058fb2b64a2d79f9855a27,dcb3960c459074de5ea387252fa5b8d1,completed,2017-11-11 17:41:30,2017-11-12 17:35:29,2017-11-18 00:18:45,2017-11-23 19:04:48,2017-12-04
d8f7f9be7fb1c9734fecec3ba39cba52,6488f2a76eab9b9daeba726d73c2e762,completed,2017-02-22 21:38:59,2017-02-22 21:50:16,2017-03-01 10:51:19,2017-03-07 14:23:49,2017-03-21
bb21240e76cdc74a9b8e4dbc8f846c51,77d0b9c2f9dc9918e0dd1f09c095d1b6,completed,2017-06-17 13:35:06,2017-06-17 13:50:15,2017-06-19 16:12:57,2017-06-29 12:26:36,2017-07-11
3f72f100dae2b5099ad6e5a486e95ec0,5d90f76c016edad7a931b49fb39b9c2d,delivered,,2018-03-06 00:35:59,2018-03-07 23:34:06,2018-04-05 14:36:29,2018-03-21
0ce3dcca0c123ec98cc73a514f7e9922,a04cf226c7a48fb4e95019bded0ea863,completed,2018-07-14 22:27:04,2018-07-14 22:35:21,2018-07-17 13:49:00,2018-07-24 17:43:44,2018-08-09
021f21b778ea0a81da47ebe141b1b29c,668602ff7a4ac16b00c73785fda2025d,completed,2017-10-26 16:31:16,2017-10-26 17:31:47,2017-10-30 15:59:03,2017-11-03 19:37:54,2017-11-16
d303e3573610c562757a6703a7b0f933,bc3eba0e1ac44a8b77ce937f9926f9fb,completed,2018-07-18 17:00:55,2018-07-18 17:15:18,2018-07-19 13:20:00,2018-07-30 12:42:38,2018-08-02
3858a71b117aa9a3c509cc87fe9c8960,096fadb12270ba03ae06893cc6579575,completed,2017-11-30 10:55:44,2017-11-30 11:11:13,2017-12-07 21:34:00,2017-12-12 18:42:01,2017-12-20
947f3467c45aa7dbbf64b2b6fc5dc3c6,6b1155994bef28cfc2294616b033dfcd,completed,2017-06-14 09:03:12,2017-06-14 11:02:26,2017-06-20 17:41:02,2017-07-06 16:03:22,2017-07-13
697190b1b46c11294879f6bc10364865,c4f1f918cbb3c788b660a59218d51376,delivered,,2018-03-14 13:20:58,2018-03-14 23:58:36,2018-04-02 19:38:43,2018-04-03
801ad870fbcdfae41bd492be8976cbc2,d8a288228129c30f34ed8821c5f7108e,completed,2018-04-16 13:07:56,2018-04-16 14:33:00,2018-04-17 23:32:33,2018-04-23 14:21:37,2018-05-07
8d97dfb850543060acf6f461bf37533b,3bed1a75ce48dad3e90b5c47c36b5204,delivered,,2018-07-26 15:35:18,2018-07-27 10:43:00,2018-08-02 20:12:20,2018-08-13
6e424a06931a556c15b962b40017f690,ec4da82eff98a289e6a3200ae727613d,completed,2018-08-17 11:19:40,2018-08-17 11:35:12,2018-08-17 12:37:00,2018-08-23 20:22:00,2018-09-14
8a75ced6f19cc287863a3444fd11f74c,3c36eb6d59869d20b01693b3523bc996,delivered,,2017-12-07 03:10:43,2017-12-08 17:19:01,2018-01-09 14:59:11,2018-01-05
8e43f2c9b150b717ae56640b5fb64150,e9f46540ef118e5937bafbb8bbcaa09b,completed,2018-08-05 11:03:29,2018-08-05 11:15:13,2018-08-07 14:31:00,2018-08-08 20:52:35,2018-08-10
03dbf3a42789c67ed5e2198f08d997dc,f63aa9fceef15019d51c24510d8d6c30,completed,2018-03-04 13:20:26,2018-03-04 13:35:38,2018-03-06 02:57:00,2018-03-28 19:03:04,2018-03-21
79295abc14c5066ba9850a99185015d6,790a05c9cb4a2ed50d88ef313a7e9dfd,completed,2017-11-24 17:08:10,2017-11-24 20:52:18,2017-11-30 17:16:53,2017-12-09 19:48:53,2017-12-19
293e34b72465ae7478f59d4d0b3e58ba,369681dede08381d68cdbc2e76f226d6,completed,2018-07-17 16:39:56,2018-07-18 02:55:19,2018-07-19 14:26:00,2018-07-25 18:31:29,2018-08-02
197eebbd778d2ac6ee1ca48441bcd80f,2ebff6706876c13d515f6efb2c687db6,delivered,,2018-08-15 20:25:15,2018-08-16 11:53:00,2018-08-29 17:31:53,2018-08-30
b8795e01eda8fcba56bfad837fa68d92,4fcc62d157765c0af28cae95c4ec6b30,completed,2017-04-05 11:10:40,2017-04-07 03:23:04,2017-04-11 16:14:59,2017-04-17 13:40:04,2017-04-26
a38cca6e536fd8ada7779138a6e36d43,c2bd0d10a6175420d7de0d85b089929c,delivered,,2018-03-11 20:10:29,2018-03-14 23:12:48,2018-04-03 22:47:26,2018-04-06
2f98f40416fdda614b3c3b4539ec23cc,d6ef3328eedc908b44e74cc119e4af95,delivered,,2018-08-16 13:45:11,2018-08-17 12:44:00,2018-08-20 19:16:51,2018-08-22
b756c448e0699de0783e5e0164f553ba,afad69b01f122007ea994c0893f2eedb,delivered,,2018-08-08 15:35:18,2018-08-09 14:47:00,2018-08-16 16:43:27,2018-08-24
01015fb6493ea5b9ba105c80b5452da1,32f56b65a879ae7a310257eb5bf070aa,completed,2018-01-09 21:01:41,2018-01-10 10:32:56,2018-01-12 20:43:43,2018-02-06 18:37:59,2018-01-30
8d41e13abb5f09190f8323201b806210,d6c8961c564c5fd099de1fd41041e25e,completed,2017-10-10 08:27:25,2017-10-10 08:49:15,2017-10-10 20:06:55,2017-10-23 20:25:44,2017-11-09
763baf4e9136a2dcdee675d0e678a8a1,a8d3181bc61bbb2d572a0d4d87210363,delivered,,2017-08-15 09:35:21,2017-08-15 20:58:43,2017-08-22 17:37:04,2017-09-04
91dffa2edbd51a725ad5a704d4635b1f,2e92630672e4fcc444d521543f719afd,completed,2018-06-27 19:37:59,2018-06-29 02:53:13,2018-06-29 14:28:00,2018-07-04 17:48:46,2018-07-23
5d7d650b7b91849a41cfc2389d1b4e03,df461a5f8ea74267575c6b0ef94d14b3,completed,2018-03-23 18:28:16,2018-03-23 18:35:35,2018-03-28 12:40:56,2018-04-05 19:36:37,2018-04-16
bd3ad7eb83661a769a1a6c35949982e2,0d4f08a71e7d520c9422cccaeeebebc0,completed,2018-01-12 20:39:57,2018-01-12 20:49:23,2018-01-16 23:24:41,2018-01-18 01:42:04,2018-01-30
dec8a288bd6ae97892bacfc5574a451c,07ae5e78d3f125fb413ccd2e37b7206c,completed,2017-10-26 18:11:21,2017-10-26 18:31:28,2017-10-31 16:58:14,2017-11-01 13:09:51,2017-11-21
ba6ee9c4b7e882c58b1d576c48d45d7c,973e521911275bab66be08d43c8b3aaa,completed,2017-02-27 09:38:12,2017-02-27 09:50:17,2017-03-01 16:28:45,2017-03-06 08:51:42,2017-03-27
3cf0c41fd2773c0890ece77fd53e071d,82cc0bfe0721cd93d8385061f9214290,delivered,,2018-03-13 04:31:17,2018-03-13 19:37:47,2018-03-16 13:19:58,2018-03-28
6bb425cfe5c2338ba1386a0114f7fb50,14777b1b80f36a5b1e889b6ebeb634a2,completed,2018-08-20 19:55:54,2018-08-20 20:10:25,2018-08-22 13:00:00,2018-08-23 19:21:23,2018-08-23
a08dbd25a53b850542e9dd616f5d9120,20d4755cfabd6aa349768a13ef1c7f78,delivered,,2018-02-18 19:46:48,2018-02-19 21:43:49,2018-03-05 17:19:19,2018-03-16
776ad95dfcf33ceaf3651251cc75e020,dc2675504e71fdab6b084e961865ea9b,completed,2018-04-27 10:45:37,2018-04-27 10:55:18,2018-05-02 11:07:00,2018-05-09 13:22:44,2018-05-23
9f24306ad42ec0b914ff60357df376ff,649bbe04de822b1a2a9bd8cf6e4a7435,completed,2018-08-20 21:33:51,2018-08-20 21:50:17,2018-08-21 16:45:00,2018-08-24 03:27:03,2018-08-29
bcbbaa1f21815f0a2b083dc1097f368d,b16c72edd4f9a1d943d7aa4fda13eb02,completed,2018-04-23 23:06:56,2018-04-24 19:07:34,2018-04-24 23:24:41,2018-05-14 19:33:43,2018-05-22
0e63c49b5c63653dcea73c7e37166112,ecd0cc4b88a538583a63d8bfa1d17a74,completed,2017-04-18 15:09:35,2017-04-18 15:30:12,2017-04-19 11:06:07,2017-05-09 22:28:02,2017-05-19
6fc329fc5cf04756f90764baf31daa17,ac8ef6ef5bd4441da783f9b6abafa0af,completed,2017-09-14 18:50:44,2017-09-14 19:04:53,2017-09-18 18:03:37,2017-09-30 15:42:27,2017-10-17
ef31140c3893af9ea1b480e8c33f4fcd,930e15ffc7331e28283aaff828c3a1dd,delivered,,2018-01-17 11:30:53,2018-01-19 01:18:28,2018-01-25 19:11:59,2018-02-19
78af4d32fa98a1435686699030cbc1bf,14771e5438c96d48727f0abcc82a0f9c,completed,2017-09-05 14:55:34,2017-09-06 02:55:23,2017-09-06 22:03:13,2017-09-11 19:13:24,2017-09-25
00b4a910f64f24dbcac04fe54088a443,d70e5eac00a9d35a3cb193442c0287cd,completed,2017-01-18 17:55:34,2017-01-18 18:05:17,2017-01-19 14:44:25,2017-01-26 13:21:57,2017-02-28
3c140d933d3475ec823f9b748ca5c49f,d64c957183fc8d75e536e89468feccda,completed,2017-12-12 11:30:04,2017-12-12 12:32:08,2017-12-19 01:39:08,2018-01-09 17:43:09,2018-01-10
22cf975c95f8d3ad3a2263e94f79182b,3124ab539419a5537fc6db7a980b9c3d,completed,2017-09-20 23:28:43,2017-09-22 04:05:21,2017-09-22 12:33:26,2017-09-28 18:37:42,2017-10-11
1edf3cfb4e85e8094a0a1f4cef3f6215,34013e6172fdd3af23275163a583bd8f,completed,2017-11-25 11:17:19,2017-11-25 11:34:29,2017-11-27 19:07:11,2018-01-02 12:09:51,2017-12-18
9d32e14ab99f206e6f8f2b6ad13baabf,ff73a759cba534dba02faaffdeb00e61,completed,2018-03-09 12:01:33,2018-03-09 12:15:33,2018-03-09 21:55:20,2018-04-03 20:26:24,2018-04-06
1b640919f98cb92c70a328ca7625c3db,bed2ee34a9844b7ef08aa6ac5929b9d1,completed,2018-05-05 19:35:55,2018-05-05 19:50:51,2018-05-07 15:20:00,2018-05-08 20:18:57,2018-05-18
49584997a9180455c41d4c70ebaac683,d505b6bbae97b47f93e1ce62d3dcd07c,completed,2018-03-01 23:56:42,2018-03-02 00:56:47,2018-03-03 01:52:15,2018-04-04 20:16:33,2018-03-26
2cc93fd6f68e6cfcb968814de8a14296,a983c02db2326fbb498f173d0d9fe068,completed,2017-10-11 18:25:49,2017-10-12 19:00:08,2017-10-18 21:12:41,,2017-10-26
a1bec8f10a79152e439c5133f404c772,aa58d5e8a1d6cd547904e11ef30f1f9d,completed,2017-08-13 11:04:18,2017-08-13 11:23:42,2017-08-14 20:53:48,2017-08-23 21:24:10,2017-09-05
958e577696e108a5f94c9b0f1b6f763c,6f2d07aa1080a10cdf51a8463b6750f7,completed,2017-07-15 15:57:48,2017-07-18 06:05:14,2017-07-21 20:58:28,2017-08-01 12:04:40,2017-08-08
2d472b4b2d08108565852ca0782507f2,7c3c95a24ec40f62f817a4b46fa1130c,delivered,,2017-09-15 00:20:20,2017-09-19 21:47:49,2017-09-25 13:56:28,2017-10-03
c9f8b15e667ca2f541bf3e608b5c1192,bdb07c4ef56b510b835265bfdfbe8319,completed,2018-01-08 13:14:48,2018-01-09 07:27:34,2018-01-11 22:39:14,2018-01-18 15:24:31,2018-02-14
20e871f0177ed08afbde20c48b9ab83e,b8326a40ee0667ece0fa82835b3fe286,completed,2018-06-24 09:58:26,2018-06-24 10:15:36,2018-06-25 14:13:00,2018-07-03 18:52:57,2018-07-23
e2e85885a15f712ba00eb35cf5be7cfd,bffec816107aa26f6836f6fa687c9039,delivered,,2017-02-18 13:10:16,2017-02-20 16:22:47,2017-02-24 16:12:15,2017-03-30
765f62aa9ec878cf62b1533261ae8e87,68d430cabd68310e0732347be5e9be22,completed,2018-05-26 08:58:34,2018-05-26 09:15:12,2018-05-28 13:19:00,2018-06-11 17:52:45,2018-06-29
6ca01767c49571ed5701f01124f6540b,05ead51567953ea5f7ec061090d0f424,completed,2018-01-02 09:08:46,2018-01-03 04:19:34,2018-01-15 21:41:51,2018-01-23 23:43:05,2018-01-24
ba0d5e0e81059283cf50ae9d9d43e4d5,422ab037d254fc398f1f0c44fe05d7d6,completed,2018-02-22 03:14:54,2018-02-22 03:30:28,2018-02-22 19:09:14,2018-03-13 17:58:50,2018-03-15
9e64fa6df99d260d54897bdbd85f762e,dc9ae412a0b2da0d7627852dc1e496eb,delivered,,2017-12-20 22:10:27,2017-12-26 20:28:53,2018-01-04 19:43:56,2018-01-22
e15220c597e20a77d293f05d69bd506e,9e03d982aeea5eb32e6baa70855c4f2b,completed,2017-10-10 12:39:41,2017-10-11 03:14:28,2017-10-11 21:53:55,2017-10-17 21:38:37,2017-10-23
ef44dc293c54ebe5db4f3c09dd4c5133,d00bc5e2fd46b561aa23416a96f2178b,completed,2017-06-07 20:06:06,2017-06-07 20:22:27,2017-06-10 11:24:06,2017-06-16 18:25:40,2017-06-21
0218bc1c672e0e92f10a6633ca1cc461,aeb6533eeab4fbea7f9bdf37db0f8ee0,completed,2018-03-07 22:36:15,2018-03-08 14:30:28,2018-03-09 21:47:41,2018-03-29 01:11:39,2018-03-29
c6a9052634caae576f272ecf2e3a9b1e,dc76f8ffc77e7e4923f58d9b49d7fb4f,delivered,,2018-03-04 18:08:40,2018-03-07 22:08:06,2018-04-08 19:19:12,2018-03-26
7a8643660eadb0c1328937510e072773,49910d1030506fb74264ce1f9e534690,delivered,,2017-06-12 13:10:38,2017-06-22 16:04:02,2017-07-03 15:03:08,2017-07-13
dacd9ea86285f197d0b7495e8af14781,1ee7676535dc405dbb88977050668100,delivered,,2018-04-18 21:11:15,2018-04-19 18:35:29,2018-04-30 21:17:21,2018-05-28
d34e86154f29f6aa2093eb2a578b9326,80b6efab04a0273b5065335546f162d6,delivered,,2017-08-01 22:10:17,2017-08-07 20:07:24,2017-08-08 13:46:01,2017-08-21
93e87829bab4127b8692f52a73df4284,8cc5b669b36635162d2d3261b8559d6a,completed,2017-10-24 19:23:44,2017-10-24 19:35:24,2017-10-25 21:11:58,2017-12-05 00:59:06,2017-11-21
f93c4c6491ecf4b1f3980d36ed6dd943,21c58571fd2f1284282f300426a6c5d7,completed,2018-02-04 22:12:07,2018-02-04 22:29:21,2018-02-05 22:35:45,2018-03-06 20:38:52,2018-03-06
bfe6602edb1568292d527c61684405ed,32a7bc3e8823bf94324ec828e7888d6d,completed,2018-01-10 02:41:38,2018-01-10 10:31:50,2018-01-11 18:45:43,2018-01-15 15:58:32,2018-01-26
c0a3c804bb323cc5a4f30ac1f6bd2837,f6dab93db29fd73583114f15f85cd245,completed,2018-04-23 10:01:16,2018-04-24 17:57:12,2018-04-25 14:20:00,2018-04-27 17:46:46,2018-05-18
1dc15f1603f062d0d4b587b55dea3006,3c39516a1b33d6d890f3d1094267e54e,completed,2017-12-09 11:17:34,2017-12-11 11:12:41,2017-12-21 15:49:41,2018-01-04 20:44:42,2018-01-18
635c8d3ab47b7448b5d6c81dc9b7526e,d7b2339f118be9c6d98389f6d0c370d4,delivered,,2018-06-09 02:57:41,2018-06-14 13:59:00,2018-06-18 18:33:50,2018-06-26
fae3b1a8d40ef353a1dbc1846bd5cbc2,ea330ac50b0b7ea91f599e2626d90300,completed,2017-03-28 18:17:18,2017-03-28 18:30:13,2017-03-30 09:58:09,2017-04-04 16:24:37,2017-04-19
bf17a7202282460d2e5bdb15bfc64373,aa1f108848b9e00411aa32c1161484d8,completed,2018-08-06 13:46:43,2018-08-07 04:05:14,2018-08-08 15:01:00,2018-08-13 18:26:35,2018-08-17
fdede0753b9a5863a834fee26b9fd73c,2989ce8ae64417334433bc6188dc8427,completed,2017-12-30 09:41:20,2018-01-03 04:32:30,2018-01-10 10:46:23,2018-01-29 17:08:51,2018-02-02
db636ab6ce613a2d9be8a77fb2f6c47a,24b4d0c68000a9d238dbda53980081f0,completed,2017-07-24 19:36:33,2017-07-24 19:50:24,2017-07-26 17:13:36,2017-08-03 22:12:05,2017-08-29
3e075f63ef4d9f5913423c2ff5a22d67,e57ac226cb5bc1415cd2a03e81807da0,completed,2017-11-28 13:12:43,2017-11-30 02:24:10,2017-11-30 22:16:10,2017-12-05 19:22:36,2017-12-18
e3866f0f605208a1b7fc42b0dddc0da6,d6289f136d013245718f865a4f5d9a61,completed,2017-12-27 13:17:07,2017-12-27 13:28:25,2017-12-28 18:29:01,2018-01-17 21:29:08,2018-01-29
7dc2cd8c070cb20ae535d75d107741de,415aaffb1107d25fa9ef86ae696613df,delivered,,2017-05-29 17:45:16,2017-05-30 14:31:44,2017-06-07 14:18:26,2017-06-22
c3238b66f1aaff3377a91bf1a3990e1c,7eddd9656c948fc49d7f70d9d0c15a03,completed,2017-11-13 08:52:06,2017-11-13 09:06:34,2017-11-14 16:32:33,2017-11-20 19:19:14,2017-12-07
455d05ce8b86b6e2b3c2e6e0a7994942,2319dc20d045c9b7f7b720821e8a7336,completed,2017-10-03 08:30:39,2017-10-03 09:20:05,2017-10-04 02:10:13,2017-10-10 18:02:55,2017-11-01
0ad0006728103ff08cda112f7940bcd1,13b8a8ecfc5fa07a03bbb4449c4358fc,delivered,,2017-12-14 21:39:15,2017-12-18 22:10:09,2017-12-28 20:03:15,2018-01-11
59e6562672571d67f137e34fbb297c93,9d19adf5da1a281e0762fbbaba463eca,delivered,,2018-08-20 11:35:18,2018-08-21 12:07:00,2018-08-24 15:05:43,2018-09-12
5eb24679bfd5e7264d86f28a7b1f46a9,8eab969e6118d0e8f079e00891fe6161,completed,2017-04-23 20:52:24,2017-04-25 08:22:58,2017-04-27 16:28:22,2017-05-07 10:26:52,2017-05-11
98b3885985a1ea8bdd914f2d41f56397,c8d80d8d1c6f976f76b02d540c8ab5e4,completed,2018-01-16 16:58:16,2018-01-16 17:10:10,2018-01-17 21:48:52,2018-01-24 21:56:56,2018-02-07
78a567dacc45a1f72d4ad754a6cf82b0,40d476acc6770da6c864721bd0360d0f,completed,2017-10-06 15:06:25,2017-10-06 15:14:27,2017-10-09 14:42:00,2017-10-17 17:13:26,2017-11-07
c4c55b747930acd84e6c499e461852df,fa3e77981c620b52d92ee2d390543f63,completed,2017-11-29 10:29:45,2017-11-29 10:37:29,2017-12-05 20:17:51,2017-12-08 14:23:11,2017-12-13
f98a06b99cbcc7caef174bc5efa78a31,4a6c652e42562190c75405da10f1fdf2,completed,2017-09-10 20:13:24,2017-09-10 20:25:27,2017-09-12 23:32:19,2017-09-27 22:42:32,2017-10-05
79db7436f36c45d0ec5cd158424d7ce4,eeffdeb610ba67edfdf863936785eb90,completed,2018-03-21 12:06:10,2018-03-21 12:47:39,2018-03-23 18:36:53,2018-03-28 23:54:38,2018-04-12
e223ccde32fd470414931d963b07c4f8,984e03c38bf2c163791fa3d61a002a01,completed,2018-08-16 21:42:49,2018-08-16 21:55:47,2018-08-17 14:04:00,2018-08-29 16:08:37,2018-08-27
2062e2b2ccba806425dfce0142c62a84,a841867b4ef1d25a49431a4dbec2a77f,completed,2018-02-28 20:05:19,2018-02-28 21:08:42,2018-03-02 00:17:46,2018-03-03 00:51:44,2018-03-13
90c76ed1638b6bf4f87d58e19b3d1349,68aab4a7b7f6ae92db5bbf4358531d9e,completed,2018-05-23 12:37:05,2018-05-23 12:54:49,2018-05-24 13:23:00,2018-05-25 14:12:06,2018-06-08
fad32fa5c9e17b0d55a6afb8e54bfbfa,f419b2f9ab6087cef550f09755cb57b6,delivered,,2017-06-08 11:10:35,2017-06-09 10:07:17,2017-06-22 14:52:23,2017-07-12
757ec717d8c5faa738a6393e62ccaab8,4804dca0b9d8976575b9a10021e3bfa7,delivered,,2018-06-15 11:59:26,2018-06-15 14:03:00,2018-06-18 17:08:59,2018-06-28
88d9499b5882f39b760f29c92acd6f2f,1e2484fadfefda5f6e9cdbc78b909fc2,delivered,,2018-02-08 01:09:42,2018-02-09 17:33:37,2018-02-19 16:46:00,2018-03-13
ee74c524654f34e41104075eea8a1387,ec1febe20cf681729cf9a21a0cf401a9,completed,2017-08-29 08:50:49,2017-08-29 13:55:18,2017-08-30 17:39:09,2017-09-11 18:20:05,2017-09-18
4d55408f3a98afa1d4f3087d4a24005d,da622558a9ec231b2d31b8b498a672e5,delivered,,2017-02-04 13:50:21,2017-02-07 11:47:29,2017-02-10 09:18:43,2017-03-07
d6006084ef6702485445b9f51feea594,8d457ebcb479d9b80bd841c3a5df6943,completed,2018-08-10 18:10:00,2018-08-10 18:25:16,2018-08-13 10:52:00,2018-08-16 20:57:47,2018-08-22
7e4465ad21a49af2c190e90895c3edd4,f87b62f70d096bb4fd99d14c020ba2a3,completed,2017-06-27 11:26:40,2017-06-27 12:05:19,2017-06-28 16:20:26,2017-06-30 15:35:48,2017-07-17
aeb70ca14a984230b34a6cbf48fe6d8a,1809a4d9621d6e57cbee32249da47055,completed,2018-07-26 08:52:34,2018-07-26 09:05:11,2018-07-26 10:25:00,2018-07-30 17:04:14,2018-08-20
9ac146c59c6dae84516a85362fdbbebf,f6a59386e50dcff8b77c3f1e99c218a7,completed,2018-07-28 09:59:43,2018-07-28 10:15:13,2018-07-30 14:58:00,2018-07-31 17:14:52,2018-08-02
f4cfe242b2a63f75c59446a0f5a8ee94,8e9bba8e9800a9bdf85291c468b3607f,delivered,,2018-03-07 11:15:55,2018-03-08 17:27:19,2018-03-17 19:22:08,2018-04-02
d1f065890107e588fc08c57d20610f6b,773f482ab9464f99e7f8b5b93f92416e,delivered,,2018-03-20 03:30:36,2018-03-20 17:24:37,2018-03-27 18:48:44,2018-04-06
e45620eb46de3b95c078fb17e75db83e,a539b9d6f9045415d847df7fd525d2bd,completed,2018-06-11 12:41:01,2018-06-11 12:59:44,2018-06-15 16:32:00,2018-07-11 19:27:47,2018-07-24
692e004e31546b86abbd93c0661bfb67,9e77a8bef5c8d0d18d57eafa802300c8,delivered,,2017-09-09 08:55:10,2017-09-25 16:47:49,2017-10-21 15:32:19,2017-10-04
eeaa75133a2e3ef15f077511708f7052,f70758e1085f84f6c842270af455ab06,completed,2018-01-11 16:07:22,2018-01-11 16:15:29,2018-01-16 00:06:43,2018-01-22 21:54:55,2018-02-05
4ec6e451a636b410f15897c0a67582b1,91f1ab8bf361598b065535ed7c694086,delivered,,2018-02-27 15:09:10,2018-02-28 16:23:19,2018-03-13 13:50:41,2018-03-22
3b20eefea25e9f7a1f09b7106c26da95,968c31ee3af93b0eae7defaac4296e8e,completed,2018-04-04 16:14:50,2018-04-04 16:28:31,2018-04-05 18:33:00,2018-04-16 16:58:42,2018-05-02
8f8a31db8b3bd96e4b989ce2afcdee9b,a5d2571dfc253c76c3e911ae2e45085e,completed,2017-10-14 22:27:34,2017-10-14 22:35:54,2017-10-16 15:47:51,2017-11-06 20:48:55,2017-11-24
ac3a8f865ec67b649d66ed5149a41593,a39ead24e02b8839d883933860db7c8d,delivered,,2017-11-24 20:52:12,2017-11-30 21:51:25,2018-01-19 20:39:35,2017-12-19
1cf95378918960ac4f215e2a436dc18c,b6ec7b751e2f245dd053e6e0805f4e63,completed,2018-07-19 14:09:38,2018-07-19 14:23:00,2018-07-23 14:11:00,2018-07-26 18:58:41,2018-08-03
e8c92cfd87f5f0c6d2fc5bc1df5f02b4,3d338ae6cd95dcb8c0c14d9af90055f3,completed,,2018-06-04 19:30:05,2018-06-05 14:34:00,2018-06-11 17:37:49,2018-07-16
d415e95816c2f3a2a34e06cd519157cc,f0ab4acc7e4a8236d84d6f74bad11b0e,completed,2018-06-01 13:39:44,2018-06-01 13:52:44,2018-06-04 14:29:00,2018-06-11 19:53:41,2018-07-12
6612d335f397178518a4fc1e95f89446,d4ea5dbe18a51ec06c36c206473b8fd2,completed,2017-10-13 22:33:29,2017-10-14 22:49:12,2017-10-17 23:57:18,2017-10-30 15:57:42,2017-11-06
93c0ee237d690478ecc66db76b8365f4,d6bbe1b73b3a86b33c5cdb0b4a8bf0df,completed,2018-03-02 09:12:25,2018-03-02 09:29:46,2018-03-06 23:41:36,2018-03-23 00:28:38,2018-03-20
7870e4898f865975acb43fb1c282f4d3,b7f9c7a0b694d1e97d28d3406e994d1e,delivered,,2017-08-06 17:42:58,2017-08-07 18:31:53,2017-08-08 21:35:26,2017-08-18
cbb39c59f8084f27c248bd5c3a1cde7b,5a1b3cfe4361ec9d9baabe656a05c00f,delivered,,2018-04-04 03:30:22,2018-04-04 23:50:43,2018-04-06 23:32:19,2018-04-12
2af8c95ec50f6585484dfcaabb9b9b67,23bc5df9b0713722b017fa1e1bcf30bc,delivered,,2017-06-07 02:32:39,2017-06-08 15:11:23,2017-06-19 19:44:50,2017-06-29
e45cd17d2a71cf962914a543d8cca5b6,32282d611772d83a29eb4360b724c55d,completed,2018-07-23 00:21:22,2018-07-23 12:31:54,2018-07-23 15:24:00,2018-07-24 21:48:43,2018-07-31
06daa9224cad114ece451ff00c20d49f,22419d01eca598d91376a0f5216ba095,completed,2018-08-19 17:11:58,2018-08-20 12:30:15,2018-08-20 14:31:00,2018-08-22 00:44:24,2018-08-24
82e39ebd7b6c4b1949dfa6307fd2f186,f53564ac2ec1c32d30751b44a472177f,delivered,,2017-06-02 16:10:16,2017-06-05 14:03:31,2017-06-14 14:42:27,2017-07-04
267cf5d5f5d44907ac3a107257c47290,8ed1eac4a6e3270d12bc685cd1c5267b,delivered,,2018-07-24 11:32:51,2018-07-25 13:19:00,2018-07-28 20:21:49,2018-08-07
c5e44ccca834721d269f1227236ae8be,c9d717c837919bc6ee17ffab4ccbb3e8,completed,2018-07-13 11:05:00,2018-07-13 11:15:22,2018-07-13 12:09:00,2018-08-02 18:23:53,2018-08-02
4912772a793d70a274417e23f3baa184,859d2f80a169acdc091ef7241c42f64b,completed,2018-04-27 08:43:58,2018-04-28 02:51:33,2018-04-30 10:53:00,2018-05-04 18:57:44,2018-05-21
c339883c001902289c0283631cfa22f2,bd0d433f7eb2b8383f25d2777d8e4241,completed,2017-07-29 17:06:06,2017-07-29 17:23:16,2017-07-31 17:59:52,2017-08-09 19:37:33,2017-08-22
1c9ccd3bcf9c95360ad022f5bda15d44,92760471121bab2377e8a4313024821d,completed,2018-01-06 15:10:59,2018-01-06 15:19:02,2018-01-09 18:15:24,2018-01-31 17:15:18,2018-02-09
c89051e4897cdf9edda25069d5414a2f,6dc6ecc47ecee1fbacdf2d516c08f196,completed,2017-02-01 16:15:50,2017-02-02 02:55:23,2017-02-03 13:25:57,2017-02-15 09:25:47,2017-03-22
8e44452897e7b8506246a37a8f63f686,4a0430234a732034bbfc3584d8821339,delivered,,2017-08-07 09:24:00,2017-08-07 21:17:31,2017-08-10 15:55:14,2017-08-24
3ed68fe5074b5593e90e3bc341f2d718,3ed0c123ddb36edc23e61294855ca7a3,completed,2018-08-17 16:28:03,2018-08-18 02:35:17,2018-08-18 08:22:00,2018-08-28 20:03:16,2018-09-04
a0ea6346d58826effd37d95c04e7feaa,85bb60244e00bcd69c5a52da5d1512a2,completed,2017-12-09 06:16:03,2017-12-09 12:30:17,2017-12-12 21:05:51,2017-12-22 19:18:51,2018-01-08
c599664a92ecfccd2ba5b5e7d4f91fb0,32922171fd468b3f070fd758d7fd1f26,completed,2017-09-10 16:38:23,2017-09-12 04:35:31,2017-09-12 21:42:03,2017-09-14 16:54:28,2017-09-21
ef95c45a2c0fca1b7aaee8da7c0013f1,81873ffff1e5af1536b3a98f13d8c558,completed,2018-02-18 22:35:30,2018-02-18 23:46:51,2018-02-19 20:20:47,2018-03-20 22:12:44,2018-03-16
4d9d469ff1df648081f3e7648d24e82f,2844b9633da652adf5c696c4e1f9ad4c,delivered,,2018-06-05 23:15:15,2018-06-08 13:40:00,2018-06-13 19:28:44,2018-07-19
553379bf1f6c95489ae135f97327fd91,aeb0f0b842c6516b8ec3fd2d16a473ed,shipped,,2017-04-17 00:21:53,2017-04-17 15:04:47,,2017-05-10
cb799c1b342aad161c953b9680c67105,e4b985e823ded8605f64cf1e28d013f3,completed,2018-02-11 20:09:55,2018-02-11 20:28:12,2018-02-14 23:29:05,2018-03-01 19:52:54,2018-03-08
ed31c8b147c3a1c2c9e0eabf0f441605,b9da4745c50e57e1ac682564aeed6615,delivered,,2018-06-20 04:04:30,2018-06-20 15:03:00,2018-07-05 22:48:44,2018-07-25
803c17308e2febdb1e9af74e84679334,07e3484d1d11aff52931c1a69aac9d4e,delivered,,2018-02-13 20:15:32,2018-02-16 23:04:33,2018-02-19 23:52:23,2018-03-01
52b7f26dd95604cb836ba17f96a6b056,c0cdc356a67598956b73ccce36edc86f,unavailable,,2017-07-07 02:44:23,,,2017-07-18
9b4ddd2d21877e12b98da60f30858d4b,f74e8fd404f4f5538e9f950421d695ef,delivered,,2017-07-05 22:15:16,2017-07-06 13:46:55,2017-07-11 17:34:37,2017-07-25
3b50e88820d1c12c90d08d5c8efb49a6,65aef84ecbf0777390bc45c62dd8e8d5,completed,2017-07-29 16:34:54,2017-07-29 16:45:12,2017-08-01 16:07:07,2017-08-17 20:06:51,2017-08-23
c9397dbfd867734646abb1df12a5f625,da0304128cf9402ed541daa9ccf50834,completed,2017-11-25 18:54:57,2017-11-25 19:13:53,2017-12-01 23:14:39,2017-12-13 20:29:04,2018-01-23
40b3a621a59f804d691abcd7531fffee,e8d81fa933755da7c7a16c1cb59cef49,completed,2018-01-26 10:48:46,2018-01-27 02:56:21,2018-01-31 21:58:26,2018-02-09 15:04:41,2018-02-26
919baca007d9525b6668c18f79a33197,144d6b2679193370edcdceae5c0a407b,completed,2018-08-21 12:26:53,2018-08-21 12:50:22,2018-08-23 17:10:00,2018-08-30 12:03:15,2018-09-24
5be9af49f40fc3bbb1c3c8aa5b7d8ee9,2ec5c991e9e555707bbf7a41d70dd5d6,delivered,,2018-08-16 09:15:20,2018-08-16 11:10:00,2018-08-24 20:41:38,2018-08-30
ab6d1b0b8360c208b62852f53726f0e6,c2ff01bd4fa72f9487ee397f6c5989d2,completed,2017-12-20 09:56:35,2017-12-21 02:12:02,2017-12-26 17:17:16,2018-01-03 14:40:38,2018-01-24
1704f72e83ba22cfe2c2bacff1aba981,651fd31e68a2000d42d8d941c62fdaf8,completed,2018-04-25 19:15:01,2018-04-25 20:50:07,2018-04-30 15:24:00,2018-05-05 16:22:32,2018-05-17
b719566c82ba52d70bc1312f2cd80fdc,d8463c9f93a5e29bc0b0acf26ef1c16b,completed,2017-06-05 19:51:07,2017-06-05 20:02:01,2017-06-07 13:41:40,2017-06-13 11:18:18,2017-06-30
59ca2ef4d5025945db26ac0c64c718c4,70ac0f48b55ef3267582b84999affcf2,completed,2018-06-27 09:29:16,2018-06-27 11:05:53,2018-06-28 11:40:00,2018-07-03 17:12:54,2018-07-19
98b59311f54a330a4abb1037b2a1449e,a68c9c1280d2f3b3ba772e0efe9d1468,delivered,,2017-05-03 17:02:31,2017-05-09 15:58:09,2017-05-20 11:48:05,2017-05-26
d6bfbcba448fc051ce09f23976bee3ab,bdfa49b754767de4e30d32d577b3953b,completed,2017-11-09 21:26:08,2017-11-09 21:37:36,2017-11-16 18:28:47,2017-11-27 21:13:10,2017-11-29
6d6d16957081d6989c08a9622183623a,bb0b2233b45074b8a5abdc679417bef3,completed,2018-08-11 15:00:20,2018-08-11 15:10:15,2018-08-14 14:39:00,2018-08-15 13:25:37,2018-08-22
243d739824982fcf38760767a16aa453,532cf7f0a0a3e92890a87cbe8bba015f,completed,2017-11-13 10:59:22,2017-11-15 02:56:14,2017-11-21 19:58:35,2017-11-27 23:33:11,2017-12-12
c1307860856bd6bad58e1b21facf55cd,1049fdab788b0c4ecc56ccf1b7931657,completed,2018-05-15 19:18:11,2018-05-15 19:36:19,2018-05-22 14:35:00,2018-06-12 17:08:57,2018-06-08
ff791efde2141f9985711e6b6f102004,289f58d12e1f8bb3557dd0e3ac818397,delivered,,2017-11-18 18:06:26,2017-11-22 20:48:24,2017-12-01 20:03:42,2017-12-07
8a73d5c259820a920b0a1bdd8dbaa6af,d9cc456ec33e4fd2894879a6c285c37e,delivered,,2018-03-09 11:29:48,2018-03-09 20:34:41,2018-04-10 11:31:54,2018-04-02
364d9b97d95d0b5128f8c03467a03f04,efe8a9fc12246a46b2b6ee7344b9d03b,delivered,,2018-05-10 16:58:45,2018-05-14 12:02:00,2018-05-17 19:05:34,2018-05-28
b4accb9267acaa3fa236556695bc497d,a32b6f71f1fab7f00b04a1e0eaf34e9a,delivered,,2018-02-14 16:55:55,2018-02-16 14:27:45,2018-02-22 19:22:38,2018-03-09
970a70981a389f6826a1e0427823f9fc,fd866c2c21e9fe3acdd94820ad6628ca,delivered,,2018-04-18 23:15:24,2018-04-20 22:58:36,2018-04-25 20:26:40,2018-05-18
159b0ce7faa02427505f3ce47f48e933,97ee0dd9c9e573259b0f212e6f61fb03,completed,2018-08-19 21:21:37,2018-08-20 13:15:25,2018-08-21 08:32:00,2018-08-28 00:03:37,2018-09-14
6260b8b7e35f7b2163df6a9eb133a072,91263ec82ca46a8d1ef6d2f0e07cbc46,completed,2018-07-04 13:44:57,2018-07-05 16:01:39,2018-07-05 13:46:00,2018-07-13 18:42:49,2018-08-09
c130ce426e4cd480fb71381c3535a0af,9204d31ddd3d006667f483558776f556,delivered,,2018-03-22 08:28:55,2018-03-29 04:50:57,2018-04-18 14:12:09,2018-04-10
389d99caa7584786ee8a27df1638f6ad,eb9607b7a646c48a5c0a94e6ef3c4dfa,completed,2017-07-08 17:41:42,2017-07-08 17:50:21,2017-07-10 18:28:10,2017-07-14 19:47:52,2017-07-28
57cc72d3e635bf57199d76328279b875,6b3a94d9eb50fb6b8fe146eeaa06b575,completed,2017-10-10 20:21:15,2017-10-10 20:35:23,2017-10-17 20:30:11,2017-10-26 20:11:51,2017-11-01
16e51875d15c3c8ae1f48c03b5db49d6,c19943d189d09c0daf5a6d31011d63c5,completed,2018-06-01 16:19:27,2018-06-01 16:33:15,2018-06-04 11:39:00,2018-06-06 23:48:33,2018-06-26
92d277181976dd1ae82d2d739755ec17,aef25365c2c16bfaabe4dd0fe95cd9a2,completed,2017-04-04 18:02:11,2017-04-06 02:43:18,2017-04-06 13:48:34,2017-04-10 16:54:45,2017-05-03
03e4b19921428d651853f2935176e951,245330e667436609ed3e8ead1554eaf2,delivered,,2018-01-14 13:49:23,2018-01-17 20:37:57,2018-01-22 19:22:01,2018-02-05
421fc9c7335cfa178d12fb8605fe8030,73e5dad5870a74ccfe5e238302a8ff34,delivered,,2018-01-23 15:51:31,2018-01-25 22:24:21,2018-02-01 21:23:47,2018-02-16
8cd59737a938a31e140272aabb715543,d1dcb2de346966e49bd9624ed8df0718,completed,2018-06-29 09:09:19,2018-06-29 09:31:34,2018-07-02 15:54:00,2018-07-03 21:51:07,2018-07-13
077934ed5527f66c12ae98ad498190e1,adcaeeb04652f5b33cd90d497c6cadd8,delivered,,2017-05-25 02:50:19,2017-05-25 11:56:54,2017-05-29 12:47:20,2017-06-19
54fa0e4cca081fc9d0a5c6759cc53adf,c9cb2952660c937cfa3a7e9d0e06b955,completed,2017-10-09 11:38:18,2017-10-09 11:49:32,2017-10-09 17:28:39,2017-11-01 23:04:07,2017-10-31
43126a662685b18c4248ff1c8c58ca94,cc6aaedb9d848ba9f23c88f455e3556b,completed,2017-03-23 22:59:10,2017-03-23 23:10:29,2017-03-24 09:56:07,2017-04-12 06:18:02,2017-04-25
81b34538b99858b1645dae735cc8f732,9abb7c4a06d207ee30516acd7a43b398,completed,2017-06-25 13:26:48,2017-06-25 13:35:10,2017-06-26 14:43:27,2017-06-29 12:27:48,2017-07-14
a7e2e99e49329dff2ac305e42c7fb59e,545e4aa45bdeacbfdeb9c882dc0c4127,delivered,,2017-10-24 03:25:54,2017-10-27 15:49:16,2017-10-30 13:24:14,2017-11-03
be198c7ab23c5f91b691194386f3a132,0c1b8fe94f005491d94941f2e54965ed,completed,2018-03-25 09:52:38,2018-03-25 10:08:02,2018-03-27 17:29:33,2018-03-28 18:40:40,2018-04-06
da291372a3562b947e6b2b57bbfa5b74,025dc05e57480935ecde93b27e3c283d,completed,2017-02-21 23:17:02,2017-02-21 23:30:09,2017-02-23 21:55:35,2017-03-02 14:32:40,2017-03-22
0f88fcbdd500681c7245bab9a68eea90,3414eaa6e8afbdc7e2be673c8a71e22f,delivered,,2017-04-11 03:55:14,2017-04-12 18:27:40,2017-04-28 09:29:33,2017-05-12
d29212dbe4fbd99ab40e4853c6c09d4b,70c787ceba70e4f8cd193ed9f7e0f7d0,completed,2017-05-16 16:34:38,2017-05-17 03:45:30,2017-05-17 10:35:05,2017-05-23 10:13:41,2017-06-05
39597e816452d67775b185a4de2f583f,f927df0da3a9b4cbc4855bed6bc5b3cb,completed,2017-07-27 18:05:53,2017-07-29 02:23:39,2017-07-31 17:07:57,2017-08-11 21:22:02,2017-08-18
a1b9ae5b3934e2757434214f3acba4a4,bd033af61f41af8f776a036fc7ad1a1a,completed,2018-07-30 11:34:41,2018-07-30 12:20:06,2018-07-31 11:24:00,2018-08-11 15:26:39,2018-08-03
1f6ff1cb25a63092474cd3c83cfd9776,a8cd53df5e08e2946e2c113f7f75a962,completed,2017-11-12 19:59:03,2017-11-12 20:10:41,2017-11-24 15:05:43,2017-12-04 20:27:29,2017-12-06
e2af4ae300d48b96b78846e01a26c034,2b1d9712b1f02598be78af6b46a741d6,completed,2018-03-06 23:27:33,2018-03-08 02:30:50,2018-03-14 20:19:33,2018-06-18 17:38:55,2018-04-03
25989a7e7af41df0616109b8776aa0f7,69f06692f41513d9fb22e38c22491048,completed,2017-07-20 12:11:33,2017-07-20 12:25:13,2017-07-28 10:56:43,2017-08-09 19:46:41,2017-08-21
750d41eea698eb46b84a70de18de2a5f,b0c50b7b62fb053d5cc61ac72510db81,completed,2017-09-11 16:11:29,2017-09-12 22:55:15,2017-09-13 16:41:56,2017-09-22 17:52:36,2017-10-05
004b62108b876867938746ad3154167f,7ddb7e4242fcc518842aade22f5bee4d,completed,2018-07-04 20:34:26,2018-07-05 16:40:11,2018-07-11 14:12:00,2018-07-13 02:46:28,2018-07-19
56b63c7382a444bc8eac58cd4d161da0,4f9e473da3d7122babdf130f1edd1c5b,delivered,,2018-07-19 21:55:17,2018-07-20 06:56:00,2018-07-27 18:05:53,2018-08-13
3b950d21f427aa8164e70c667017b97e,607c2d89ceb54c4f5b248ba4e969d65a,completed,2018-01-24 12:29:14,2018-01-24 15:08:02,2018-01-25 17:08:16,2018-02-18 18:22:01,2018-02-22
2db42ea65de6f21be729a6671b074a4b,21b9f862d8113b3b25bb49910352483c,completed,2018-06-23 12:14:52,2018-06-23 12:34:56,2018-06-25 14:12:00,2018-06-26 21:21:20,2018-07-05
40bb654f08a089c46353cea13d590ac9,73681df190083ea166315c4a23598f83,completed,2017-03-07 09:35:48,2017-03-07 09:45:17,2017-03-08 09:42:43,2017-03-20 15:32:54,2017-04-11
cb71bbdb68e876878e7c73346725a901,7df0a02f3a48198615dec3720500fe42,completed,2017-01-25 18:51:43,2017-01-27 11:55:38,2017-01-27 15:49:36,2017-02-15 15:28:58,2017-03-08
682cfbaff9203b12d90db121371a67c3,f62aab8e44728f92519f52c38bba97b9,completed,2017-08-21 20:47:58,2017-08-23 02:55:25,2017-08-28 20:11:41,2017-09-09 16:13:50,2017-09-15
3d996bbec62b68df7d6b45c2f04ff1d7,4a2b17a3baacbb0006395fff389d4738,completed,2018-01-17 13:53:25,2018-01-17 14:10:30,2018-01-18 22:46:45,2018-01-26 14:22:03,2018-02-07
e5c543adb388da035a48a7b7fd057f5a,571f6f28fb074b6b25fe0b1f0cec0f74,delivered,,2018-08-20 12:50:18,2018-08-21 14:12:00,2018-08-28 19:42:22,2018-09-04
88d027f03744cd2419cc5f1a64a9b7d6,a9ea7e7eb22365e3e98eb723f0662066,completed,2018-05-08 08:10:26,2018-05-08 08:29:54,2018-05-10 18:29:00,2018-05-16 21:42:40,2018-05-25
3b28fc69f78de028ac7f69ee6b56b39f,983a13f79678f3fbcca8e7756afd73cc,completed,2018-06-01 12:05:49,2018-06-02 03:31:47,2018-06-04 14:29:00,2018-06-08 16:36:36,2018-07-04
7c91c3456c73201bef537307835f6ac4,9bba6755656e080e145067f9f9cbcb61,delivered,,2017-10-21 07:45:15,2017-10-23 19:13:39,2017-10-25 18:48:33,2017-11-03
88d7e753142771dcd0b1e0ad155fc626,b8c4d65bf3206ebf8fe12688f304b54c,completed,2018-05-11 11:08:39,2018-05-11 11:37:15,2018-05-11 13:14:00,2018-05-17 01:10:48,2018-06-04
59a0441d0335d0179d1077e2dcb46cdc,3ca03e41e99b1ff6bad537dd6d0d81e5,delivered,,2017-07-24 13:50:09,2017-07-26 17:49:54,2017-07-27 15:17:55,2017-08-09
8eda634e0a441cc94d73885ca16ecadd,be3efea598bbef6c123da326f3a354bc,completed,2017-10-06 14:42:12,2017-10-06 14:56:13,2017-10-09 22:12:38,2017-11-04 10:27:41,2017-11-03
26fc240b5fd33abb402b5ccef557ec7a,f9a8d0892028ccdbc5fbd0f1966841ad,completed,2017-08-14 10:08:53,2017-08-15 12:55:27,2017-08-16 20:57:36,2017-09-01 18:08:09,2017-09-20
801efaf8f3dc441dfd2e48e11ae56625,a8ba6112c4cc9209f80f14354e2d50a3,delivered,,2017-12-12 10:32:39,2017-12-13 18:38:53,2017-12-18 20:09:12,2018-01-11
752fa58357e17806a310c0739bf909fb,7d88070a629d7cb6d17074ff91e68503,delivered,,2018-06-17 21:37:59,2018-06-18 13:35:00,2018-07-04 14:03:10,2018-07-24
56805b4cf0ebc9cd9f7619783cae47e3,2fb783fec30b74ec5fa605a8ec007357,completed,2018-07-19 09:52:22,2018-07-19 10:05:12,2018-07-23 11:35:00,2018-07-26 20:41:22,2018-08-10
fd4a7190606c77ffa23d74c44119d191,ec0410d8b538eeac93d523a1d9c16955,completed,2018-04-25 06:15:16,2018-04-25 07:00:53,2018-05-03 15:12:00,2018-05-17 19:43:47,2018-05-29
9a3966c23190dbdbaabed08e8429c006,3be2c536886b2ea4668eced3a80dd0bb,completed,2017-02-04 18:54:15,2017-02-04 19:22:25,2017-02-07 14:03:10,2017-02-09 13:37:54,2017-03-31
4f8a03b97cc268f215aa05dd3aaf9147,a8e1534967a98eddf3a2a0b58c99a1e4,completed,2017-09-22 19:32:41,2017-09-22 19:45:34,2017-09-25 19:06:24,2017-09-29 13:42:04,2017-10-17
a4a495e7d0758f5523480d2f4cd12515,406dd0da809653b16826de554ed06d3a,completed,2018-07-23 11:28:42,2018-07-24 11:31:55,2018-07-24 11:47:00,2018-08-02 11:52:57,2018-08-17
e92b2d83c0c4f6e2f95b1f178a994bdd,3dbb2c10191d6da5668f35f0dfe989af,completed,2018-03-18 14:33:23,2018-03-18 14:50:42,2018-03-19 17:24:28,2018-03-23 23:41:38,2018-04-16
7530b513e10d1b7a2b03962be180f627,a0ace797df6c4f31dc42c2a334a91080,delivered,,2018-05-01 07:53:20,2018-05-03 14:15:00,2018-05-08 19:19:03,2018-05-14
5f39964152b7c80a427cc4bffdfe757a,8eb70e6a3cafa3996513b3b3add195fc,delivered,,2017-12-21 21:53:22,2017-12-22 21:08:52,2017-12-26 23:56:55,2018-01-11
c02a5571a92c4122218c6471c440567a,67de99df30be5012ce8bfd6501f3c8b4,delivered,,2017-07-26 09:05:16,2017-07-26 14:32:55,2017-08-03 20:32:46,2017-08-17
52fbc14060ffe1b2c4ab8657fa248084,ae17c6f1f816d6367af9a06561140c16,completed,2018-02-18 15:06:19,2018-02-18 15:26:42,2018-02-23 19:48:58,2018-03-05 16:49:41,2018-03-13
9ac6af8b99d3bac9717dfb60bfdaed60,929ee05b81b47fa8730456de87216ab2,delivered,,2018-07-23 11:31:23,2018-07-23 08:46:00,2018-07-26 17:21:37,2018-08-09
4552d969c2ffe2ac446b7a970e6953fc,3b0b34191384cc53acb9197de6d8f3a4,completed,2017-10-06 18:38:28,2017-10-06 19:49:18,2017-10-20 18:47:25,2017-10-23 19:50:07,2017-10-24
3403652cfc8a16f52dee61e12bbf1734,51b18b1df1acca444689cf28ca0632d2,delivered,,2017-12-04 20:38:22,2017-12-05 23:04:24,2017-12-19 19:48:48,2017-12-27
d6b59aff700e82a5581e74b3856fbaab,72add8d7d9393b84c45f92196ff85f29,completed,2018-06-24 17:12:30,2018-06-24 17:34:10,2018-07-03 14:41:00,2018-07-06 17:35:42,2018-07-24
23371f485b357c6cc3987ceec664e973,7e5e938f81a54af60f28aebba0d4e899,completed,2018-07-14 11:33:55,2018-07-17 05:30:39,2018-07-17 14:00:00,2018-07-26 18:36:33,2018-08-03
2669093ac4da5e6445749e5e36e24c6c,f836b48f2ee74cdb3fa9bcab656902df,delivered,,2017-07-31 12:10:18,2017-08-02 18:13:45,2017-08-07 14:37:26,2017-08-17
32a125a6a8216eaa745d0e33eabc4218,0641d9adafb540d8a4cbb584a9b4ea03,delivered,,2017-10-04 02:56:31,2017-10-10 21:02:44,2017-10-17 14:24:49,2017-10-25
5b11be6198779a98de48e7ad6ad1c941,67fa506d20ee22b03dadaa961aead8ca,delivered,,2018-06-15 11:59:16,2018-06-18 15:40:00,2018-06-25 18:58:30,2018-07-18
c95fbcf33d5ba15af6f43da58b673828,b071cdcda7cce65633507bd9887a6b67,delivered,,2017-07-06 03:25:28,2017-07-06 13:14:34,2017-07-12 19:51:54,2017-07-26
ee1d764213dcddf5a39ca6107a6a0ca8,1a89679a296852822ca3573d8ea0d041,delivered,,2018-05-05 19:50:51,2018-05-07 14:11:00,2018-05-18 21:12:10,2018-05-24
845d8a54af235bee2c6f64f11c13c9cb,5b1ec7f80273a8f34661d005f2f00071,completed,2017-11-24 12:58:55,2017-11-24 15:14:28,2017-11-30 17:16:57,2017-12-07 17:49:03,2017-12-14
bb98c9fdb30b2e14fede53a445d2b5aa,bf4f335181c6d1217626c42b84fbac03,completed,2018-05-05 12:26:11,2018-05-05 12:53:15,2018-05-07 07:36:00,2018-05-10 21:17:24,2018-05-23
6259fec518c1b381ebd6b4eb06ffbaab,56f620364638aeb0bbbd9d43fe4b8e22,completed,2018-04-30 13:26:27,2018-04-30 13:52:12,2018-05-02 11:57:00,2018-05-08 16:11:55,2018-05-17
c5f5087eaff455f93653900411e34432,ae141982896c1f1f8a238ff81ac1d0e3,completed,2018-03-06 16:25:36,2018-03-07 02:48:31,2018-03-14 02:41:45,2018-03-16 20:40:53,2018-03-23
a8e1657f8ba8503d95b3da051b7c7343,0841d3b6ce285b44d072153fad3a0e8a,completed,2017-05-31 20:45:16,2017-06-01 14:42:35,2017-06-09 16:24:58,2017-06-22 14:34:35,2017-07-07
dba786faebc1f0b354571debd40bda8e,bb28649d3f59034b560a60811de5b020,completed,2018-04-16 22:38:48,2018-04-16 22:50:29,2018-04-18 22:19:22,2018-04-26 21:13:47,2018-05-15
f82746601c1969d00d63e14a786f322d,054ab203cd9764221a28a41cce1e8cd0,completed,2018-08-20 17:16:49,2018-08-20 17:30:24,2018-08-21 13:59:00,2018-08-29 19:06:50,2018-09-04
3cf9e0e6567aaa4e7698c34679d269de,7e05898c682a8f567e1e23aae622272d,delivered,,2018-08-09 15:45:13,2018-08-16 13:32:00,2018-08-30 19:02:55,2018-09-12
0946ea44283ef9035521460a12da1569,4d54b74513ea9a321781f3838c7cffb5,completed,2018-03-17 18:24:43,2018-03-18 18:27:29,2018-03-19 23:03:33,2018-04-20 16:37:19,2018-04-12
0e41154364b2f30bb4b7a09519978b55,6bf10d8057981be8bed1925ea7594490,completed,2018-01-26 12:53:48,2018-01-26 13:12:36,2018-02-02 01:23:49,2018-02-15 17:25:21,2018-03-02
648c8fc147248b2db527bd25821f67af,b6ab7cabd5b094d098e1a1557a6d3f0d,completed,2017-06-12 10:34:29,2017-06-12 10:50:08,2017-06-16 12:46:42,2017-06-22 16:36:36,2017-07-14
388093f2361bae7f871b80bf9673e2ee,65eb3588197e862f2f8b129ff7a9d3bb,completed,2017-06-18 15:57:48,2017-06-18 16:10:12,2017-06-20 08:39:42,2017-06-21 18:24:37,2017-07-12
7bbc66a921e0671f689e2bb419d3cf09,79bcc2daa707ab5534f2dde14f6491d0,completed,2018-03-21 11:40:56,2018-03-21 11:55:44,2018-03-22 23:52:49,2018-04-05 20:54:42,2018-04-03
24ee049b7819170224ee7e5eca0494e9,ada0f066567ebdf46d1aad320bd0d73e,completed,2017-03-26 13:05:55,2017-03-26 13:15:15,2017-03-28 09:42:45,2017-04-03 13:50:06,2017-04-13
49a898ddad77a56cfcf158749854222f,44f04a8bab3d0c656a642c2eed0dca5b,completed,2017-07-25 12:29:36,2017-07-25 12:45:19,2017-07-26 11:21:42,2017-08-01 16:06:53,2017-08-23
a49bb03badf724e5180699f77387a444,691baba358611db5368f5441c8975113,completed,2017-05-05 12:35:47,2017-05-06 02:15:59,2017-05-17 14:02:08,2017-05-25 15:42:10,2017-06-09
8f2fade43847d13f64fb7b7a0667e03f,ba4e75e162e931175dd3bfa70e4eaa08,completed,2017-12-23 14:20:57,2017-12-23 14:32:24,,,2018-01-30
fb38f809a5084e2ad016d4ed46d60780,03b55ad524882ea886665ce748ad0c0f,completed,2018-03-19 21:12:06,2018-03-19 21:28:39,2018-03-21 18:49:48,2018-03-22 20:22:11,2018-04-13
dc8ffb2856b34d44541032dff3d0eb5c,e978df5aa1ae62d8844d55cfff14c2d6,completed,2017-11-24 13:14:18,2017-11-24 15:52:46,2017-11-29 20:52:26,2017-12-04 23:07:48,2017-12-18
7b1dc739a78d04563a4fd62f5a6b454f,b6d43bdf1d5537d9a1d9011e8044eac6,completed,2018-01-03 19:46:53,2018-01-03 19:52:23,2018-01-05 11:43:15,2018-01-09 17:14:07,2018-02-01
c5989f8c23c011b7b23df896a51fa92d,d69049b6e88258a24347911b615f141d,completed,2018-06-28 20:58:55,2018-06-28 22:01:13,2018-06-29 12:07:00,2018-07-13 00:08:42,2018-07-25
0f8415c6898be42b337b26a77fcecbee,989f677f902616c785e3681d2fe63b75,delivered,,2018-08-01 12:30:36,2018-08-03 13:50:00,2018-08-10 18:18:21,2018-08-20
cd76219509e0336ea669b48075e068e1,02cb3b6962a2d852ff7beaf4e303c71e,delivered,,2017-09-06 19:43:29,2017-09-08 18:32:26,2017-09-15 16:06:50,2017-09-26
effe6b3c0a442e88e41a15c0cdd09a83,b2dfb42b62eed0666aef0b9e660de51b,delivered,,2018-01-22 14:12:41,2018-01-25 21:12:45,2018-01-31 17:57:48,2018-02-09
ac503eb8068440b8eb603d5df863dced,46635463d50841ed697108468bb0389a,delivered,,2018-06-28 13:11:05,2018-06-28 18:59:00,2018-06-29 21:21:51,2018-07-12
455e1d46fddb5da406e019d2ad34462e,c1537c6f518d254b6d7060f966b7bcd8,completed,2018-03-25 21:14:19,2018-03-25 21:30:47,2018-03-27 05:48:45,2018-04-17 19:47:27,2018-04-23
d9206b6df475ed69a1f7de7ecc2d9401,dfe36f6f91b8ee76334aa784f298e3ba,delivered,,2018-03-20 03:10:46,2018-03-21 19:03:12,2018-04-27 22:48:21,2018-04-12
f4c8338a46de11977d4378c185a9dbaf,158a85476cfa94b54ad3811bd8e3ec57,delivered,,2018-04-24 17:30:16,2018-04-25 11:55:00,2018-05-07 11:22:32,2018-05-15
58598ce81b3b904e276c132cf685d0f9,c3812dedbb82a8b342df8c1625420ed5,completed,2018-03-10 07:47:35,2018-03-12 08:35:32,2018-03-12 19:18:38,2018-03-21 22:51:26,2018-03-28
0584a31bb6abbd3dcc27e2d464ac863d,547b138492fe9767762865f216a83e5e,completed,2018-02-18 15:06:15,2018-02-20 07:11:01,,,2018-03-06
fa200e49cb5e3ae19cde414d9d9161d4,8c249a8270e7388f730eba7a657c2318,completed,2018-08-18 15:35:12,2018-08-18 15:50:08,2018-08-20 15:29:00,2018-08-23 16:35:34,2018-09-11
61c79497eea86e34bf9354c13313b7a8,f3834ac0ac0daed5adbe81da85717fdc,completed,2018-03-15 00:40:57,2018-03-15 00:56:15,2018-03-15 23:38:23,2018-03-26 21:41:33,2018-04-06
dc3f21586424183d783b18a97b5bee0c,e277534038be16ddda0793b9c079fc7e,completed,2018-01-21 09:12:35,2018-01-22 13:45:33,2018-01-24 17:28:48,2018-02-02 22:54:15,2018-02-14
760aa40d309654d447f272293804ff2d,ed40e92a9f7a1e3c77774cf6f813f3c1,completed,2017-07-08 12:44:47,2017-07-10 15:03:25,2017-07-11 18:44:04,2017-07-14 17:35:48,2017-08-01
d3045e7fe9e2988614cbbaf560c424f7,c1f0ff2ccfc9b49878a1149829f6c41f,delivered,,2017-08-03 16:10:24,2017-08-07 19:54:43,2017-08-17 18:43:46,2017-09-06
79fe48b364804e62431c8f465e16f76e,857fe5831ff74761c8b171203310c83c,completed,2017-11-09 06:13:41,2017-11-10 06:10:31,,,2017-11-29
38e80d72b34e2f2812529ccf6edbdbb4,09dc6ab8331acc30ed0e578301d5fd12,completed,2017-09-27 21:41:08,2017-09-27 21:56:21,2017-09-29 16:53:39,2017-10-02 20:57:27,2017-10-20
f8b959d98886eb608247e99500dc7b27,baa315938f6a7dabb22eaf39fa899549,delivered,,2018-03-03 21:08:44,2018-03-06 16:52:47,2018-04-06 21:19:19,2018-03-26
2f346d92b11fcc7c342b3392b174cf3b,d8312a2d5a108ccc4d43cf2cc7f5a10e,completed,,2017-12-07 15:23:44,,,2018-01-08
de4f573359ebca3ee24bbe7cddb31052,6d867512b712b31761b98d42894d9eb2,completed,2018-07-21 13:22:01,2018-07-21 13:35:16,2018-07-23 15:14:00,2018-08-04 14:11:56,2018-08-22
a078dc6e0c09350ed278918b2d30a5e7,e0567d3bebd1a849f6b13f9efec17d88,completed,2017-07-28 13:37:15,2017-07-28 13:50:19,2017-08-21 17:37:46,2017-08-30 22:46:27,2017-08-22
d6a1328be8ee25bcec02c6c659e41618,72ca022d5f986cbeba818c19e6cd2f75,completed,2017-09-02 12:24:01,2017-09-03 12:30:15,2017-09-04 17:14:54,2017-09-05 20:17:46,2017-09-15
8b5780447e4ee0bfdd231f03e725a3aa,0e84f0cc6f9ed4c6ee157f62318c0742,delivered,,2018-02-01 13:10:43,2018-02-06 22:06:38,2018-02-14 16:52:28,2018-03-01
205f0525fe708de4db2434516fe7c376,498fa6a4a7e975bd0c9ec575e936c1ca,delivered,,2018-07-19 15:35:20,2018-07-25 09:54:00,2018-07-31 18:54:42,2018-08-08
f8165cb41863e5548cdf01f1463b405c,0e40e144fff28a4a3ecb37bb48f201aa,completed,2017-09-17 13:14:32,2017-09-17 13:25:51,2017-09-19 14:23:55,2017-09-20 19:44:01,2017-09-29
8e481ac12e05d41b6bcda081f132789c,d3f54319918ee4dd964f22fc215527bb,delivered,,2017-03-20 17:54:15,2017-03-21 08:17:28,2017-03-28 17:05:45,2017-04-10
816f324de6dab02dd379c72216ba5bff,4d13bf4adf89eacf8b263312d35f1178,completed,2018-05-10 08:06:33,2018-05-10 08:18:23,2018-05-10 13:39:00,2018-05-11 20:26:17,2018-05-18
4e01c9b57e9b37add580871564686c4b,9ebea34aad885332b9eaaea955f03f1b,completed,2017-05-26 18:31:02,2017-05-30 04:45:21,2017-05-30 14:19:09,2017-06-20 15:46:37,2017-06-23
d3d77c4984354c4bcb02fb10f11b7a06,61bc5bbe87866cc8f591df4a4adf0086,delivered,,2018-05-16 00:16:20,2018-05-16 13:29:00,2018-05-17 19:54:43,2018-05-30
b8e3ff54d639c2f49ecf02fd959dea2c,dd88af80cbc3f450ea4d9d622cc7b339,delivered,,2018-08-05 10:50:08,2018-08-07 13:44:00,2018-08-13 16:31:50,2018-08-23
2e3d78ca3205d0f465ee058d803f4b4f,c6a61eb5f0c459e69f952c493285a7f9,completed,2018-02-11 14:44:02,2018-02-11 14:55:29,2018-02-16 19:21:58,2018-02-23 18:13:13,2018-03-08
4c966c07e48f5460c75f69d0352a61be,5465b7f5a979c889d268c5e502aea50c,delivered,,2018-06-13 02:18:39,2018-06-14 13:54:00,2018-06-18 17:46:34,2018-06-29
807cabbf50cda6f87625bd1c61a6977c,5b7f46966e6e8992e9f9b0bb973ecc3d,completed,2017-12-01 06:27:58,2017-12-02 02:52:11,2017-12-04 22:12:49,2017-12-19 22:13:45,2018-01-04
083715659baf44018ac67f7914b85cdb,f2865b6b88ce263c27c20b3156712eae,delivered,,2018-05-19 12:59:35,2018-05-21 15:24:00,2018-05-24 16:21:50,2018-06-06
2d3390e82fa2179935440626c58baf1a,c031cf438eaa6c40ffc3b376e05857d1,delivered,,2018-06-13 22:39:23,2018-06-14 12:48:00,2018-06-18 13:04:17,2018-07-20
85b3107b92fa3be19162c3ceed1bb0b5,cce59bef65abed82362de9db845b005d,completed,2017-08-16 18:35:07,2017-08-16 20:05:16,2017-08-18 20:50:00,2017-08-29 11:36:21,2017-09-12
3f42893ac4bf0ff60f79ff701a65d0fe,ed38a61373fe3f09c5b76fff2c550312,completed,2018-02-20 22:47:24,2018-02-20 23:07:36,2018-02-22 10:56:44,2018-03-12 16:39:42,2018-03-14
ae97799b02696e7937ea854ed542d015,48d9269e44b63f369a6eeb4024456cfd,completed,2017-03-02 16:12:33,2017-03-02 16:25:10,2017-03-03 09:20:47,2017-03-14 11:08:56,2017-04-03
00eead1d5a799277ef3d6b387b0bebef,c713fee6f70301b6bf60701902502703,completed,2018-08-27 18:45:54,2018-08-27 19:04:07,2018-08-28 14:17:00,2018-08-30 21:31:37,2018-09-06
aff878fbdcc993da8042d0c8edb781f6,120dfec0086ce8999e870485b9fb0f38,completed,2017-03-04 08:04:47,2017-03-04 08:15:14,2017-03-07 10:07:04,2017-03-15 09:48:38,2017-03-23
baa1cc285dc359539824dcc3d6799044,77bc6647d4153a4c9c2e74549dd1629c,completed,2018-07-20 20:10:49,2018-07-21 15:50:15,2018-07-24 09:05:00,2018-07-31 21:32:40,2018-08-08
db324d2ccb4e9f72df1e28287c339c49,18467749cf3ad014c2562def1727fb2c,completed,2017-10-12 18:42:59,2017-10-12 18:56:15,2017-10-18 16:14:08,2017-10-19 21:44:46,2017-11-01
35d971e053ae2a9d79f26918b35c65a3,0e27562cb35ddcd081de10400d14b38b,delivered,,2017-12-06 12:33:26,2017-12-06 20:29:49,2017-12-13 20:14:41,2018-01-08
6616b080a04b814ab8245f7d0d386025,57ee2d5f51a310a71492b33966297b9a,completed,2017-04-17 00:35:09,2017-04-17 00:45:55,2017-04-17 11:50:29,2017-05-06 07:58:35,2017-05-17
44bdc4b28df8782f4190e4abfcc8cc5e,904d174cf7b82c28c74734dafe925489,delivered,,2017-05-08 11:50:09,2017-05-12 19:36:08,2017-05-18 06:59:35,2017-06-12
257b54c7aa667fa7865055803a58a737,7330d34b5bda6028598cc40d357a8874,completed,2018-01-23 14:11:49,2018-01-23 14:32:35,2018-01-26 16:33:12,2018-02-03 14:51:28,2018-02-23
0b528dd823a72d145a342b30a202dfa2,1e693b1529d492f7e34a9ed0a166119a,completed,2018-04-16 16:31:50,2018-04-16 16:53:38,2018-04-17 19:29:30,2018-04-24 17:49:03,2018-05-09
b80d00e60a179d02f242e3f420023c78,283081efda8421b64dceba3e98ed43ab,completed,2017-03-01 00:44:11,2017-03-02 03:50:28,2017-03-08 15:43:14,2017-03-18 10:24:45,2017-03-28
4354f0ac2e0b3501ff31c4752424e51a,2e3e670b12f449cee5a3acadd79487e9,completed,2018-02-03 00:51:00,2018-02-04 00:52:14,2018-02-08 00:43:16,2018-02-23 02:00:06,2018-03-05
70c211135ce0c4f9d2eb19d0e95fb667,1027c017efceb6c66d22e9a51a2e42b6,delivered,,2018-03-16 10:24:41,2018-03-16 19:09:15,2018-03-22 19:48:38,2018-04-10
3daeecbd44a76530c8e9d0ac1ea4f581,47891aa056fe45c505f7c7a65eee6de2,delivered,,2017-10-02 15:50:28,2017-10-04 15:19:08,2017-10-05 15:47:41,2017-10-18
7c735235d243792b7c57ed3ee240bcd7,ed754566e72104e594b0cee23c4feb02,completed,2017-11-30 15:47:51,2017-11-30 15:57:24,2017-12-01 14:37:42,2017-12-05 20:52:11,2017-12-18
7efd95780798d3826acbaafd16953320,50ca06c1cb4e30e908c3f232e4d692e8,delivered,,2017-11-20 10:15:41,2017-11-21 21:52:54,2017-11-29 19:03:25,2017-12-12
9ffb318d17153de8c18c817b99338e0a,73e4c635d08b25002d658862b34ee054,delivered,,2018-08-21 00:29:17,2018-08-21 14:15:00,2018-08-23 21:52:03,2018-08-28
16f981e32cf73c22679a3b0b76d97223,24a7e57f0bc1f83651b27e128845e8c5,delivered,,2018-03-06 19:10:31,2018-03-07 20:34:59,2018-03-09 23:24:51,2018-03-16
00a250dbdb3153cc6ecf4d3f07ef6a17,ccff27cfcda46bdff5e51b6e6711a85c,completed,2017-12-10 18:07:24,2017-12-10 18:15:33,2017-12-12 21:07:48,2017-12-14 17:47:58,2017-12-29
3040863957c9336e7389512584639bb5,f6a9bfc46722d91dc2306b08a0b8e11a,completed,2018-03-23 16:36:07,2018-03-23 16:50:56,2018-03-24 01:31:03,2018-04-05 20:32:38,2018-05-02
715c19fb47250380be905cedcd442b5a,c4c6c94008d78e5d4a19b04c411b607f,completed,2018-07-03 22:21:59,2018-07-05 16:41:11,2018-07-05 15:03:00,2018-07-12 18:36:30,2018-07-26
c84f1a505efddec0e506e95d377d1e82,8e3ecb30c0ac319e8e281b58f7df2fc6,completed,2017-12-13 10:14:47,2017-12-14 20:30:40,2017-12-15 22:21:24,2017-12-27 16:59:19,2018-01-10
ed4bfa707956ab491448f8f28a48f6c6,6fe3ea5de1d1730d4d03b83ee3f6d257,delivered,,2018-08-06 13:10:12,2018-08-07 09:53:00,2018-08-10 16:30:52,2018-08-15
4e15214b61d5e952ea58075636fc6e99,84f73ca99a149e5a5d3f5eb3b83e2e8b,completed,2017-03-06 21:39:34,2017-03-08 02:43:15,2017-03-08 14:01:49,2017-03-23 06:45:01,2017-04-03
178b158907db264674bbb552dd781169,78eb357340012ea630b73f91be6050b1,completed,2017-10-19 16:35:27,2017-10-19 16:49:42,2017-10-20 19:08:12,2017-10-25 19:33:17,2017-11-08
da779b6680b82d9dc38f900be7380323,7175c3ddc838d1b8c05b7b6db00116cb,completed,2017-07-23 18:42:22,2017-07-23 18:50:21,2017-07-24 16:56:45,2017-08-04 17:25:42,2017-08-23
49bd41f48c18196e903f49c327dc57f6,a97720ccb43c16804cdb040cb2abb010,completed,2018-02-02 03:44:56,2018-02-02 03:55:22,2018-02-02 17:03:18,2018-02-09 17:52:26,2018-02-26
72e0f9322488f1699387c833d459d87b,7b6e9e865f38a9302c055f5a9215b66a,completed,2018-01-21 23:11:15,2018-01-22 14:03:40,2018-01-31 20:33:06,2018-02-09 22:17:58,2018-02-06
f0950a8d82cf4cec34b8eab654139dad,2e172a2f3360de6161cf4182f0020848,delivered,,2017-08-10 17:35:54,2017-08-11 18:06:57,2017-08-16 18:59:00,2017-08-30
6c073a22ff6009da282ea6c30102f996,fd21e05c87eb8feb0e94bb41b85efcf4,completed,2018-05-24 09:19:42,2018-05-26 02:18:29,2018-05-30 14:48:00,2018-06-07 23:41:00,2018-07-02
f633fefe2dab012ecd550010242ccf0e,73ac0efd1b1b1bad5e8011e747eded45,delivered,,2018-07-19 19:03:17,2018-07-20 15:16:00,2018-07-27 16:02:08,2018-08-03
e2b7031b8151dd5de69d77a161b19c44,08ad03bbb59f24c6f7842e991d1c6324,completed,,2018-02-13 15:00:32,2018-02-14 19:08:33,2018-02-27 20:39:02,2018-03-06
25b5682781766b4b351cc1475a5caf30,ccd8ca3ab678409f42cdd0136864e1e8,delivered,,2018-06-24 17:18:15,2018-06-25 13:04:00,2018-06-30 01:03:43,2018-07-18
3282385c44e7b281c20ad4af6871097c,43a8dd27afa9968b13e68053a4160e4d,completed,2018-02-01 12:37:05,2018-02-01 12:55:38,2018-02-08 00:18:51,2018-02-19 20:06:38,2018-03-05
325a9deca08aa5851eb6eea67f0414aa,a6137fdb179b9e20c03ff14f13137f5c,completed,,2018-03-21 02:55:49,2018-03-22 16:55:26,2018-04-18 20:41:01,2018-04-23
e5361fa01932fb74c11c6de96f05ce80,66a7d5e51c9f8597b779c3c509ec93bc,completed,2017-06-05 13:39:55,2017-06-05 13:50:24,2017-06-22 17:15:41,2017-07-05 13:41:57,2017-08-02
043d31a14bff24ead2b38f6b84a10437,ee90025971e6786e93cda20b4ad8383b,completed,2017-06-06 08:37:30,2017-06-06 08:50:09,2017-06-07 12:16:29,2017-06-09 11:18:36,2017-06-20
e11ac0d86982b86bcde829263d5a38ec,7bddbcc91c2a6935d6c06d3cdeced6dd,completed,2018-03-19 19:31:32,2018-03-19 20:35:32,2018-03-21 18:58:58,2018-04-06 23:58:28,2018-04-05
7a2ff12a85b39e51a3ee9972fdc5eb78,9236acc20ee3f4564f40231508ecd25e,completed,2017-06-07 14:34:44,2017-06-07 14:45:16,2017-06-08 15:28:36,2017-06-21 17:27:26,2017-06-30
189ede25eb8522abcbd3592d08811f85,074351a4c7eeaf083d43fe58e0d62dfc,completed,2017-08-15 16:02:07,2017-08-16 03:30:12,2017-08-23 13:52:04,2017-09-02 13:03:29,2017-09-19
325aaded48f3d27932d49793acc90b9b,5fd5ff7ffe7e0800c360a4ae702ca230,completed,2017-07-19 18:26:03,2017-07-19 18:43:42,2017-07-20 12:12:58,2017-07-21 18:16:49,2017-08-01
dd473c68be3819ae8e68f1a7608547c6,c9a9b571f333ef3dbebee9d772c4aeba,completed,2018-08-05 13:52:26,2018-08-05 14:05:12,2018-08-06 14:57:00,2018-08-09 18:11:09,2018-08-27
ad63b1036f777673118b46ace8ac9a27,47905cedf9b5eff2ff7136a4db4ea33a,completed,2017-03-05 12:34:06,2017-03-05 13:05:56,2017-03-06 08:20:42,2017-03-13 14:19:01,2017-04-04
e051aa19f5f2e6a98406c005cf5c656b,d018e6ca1b199645c9074c8aa0377729,completed,2018-07-12 19:55:55,2018-07-13 08:31:25,2018-07-13 12:03:00,2018-07-16 15:32:20,2018-08-02
653c9c1e34a477a23a4577b8682f4746,7c970ed3afc2cc695e6b4ca38954bef8,completed,2018-05-14 18:11:14,2018-05-14 18:37:29,2018-05-15 16:22:00,2018-05-18 13:42:18,2018-05-28
eeae538503aa251c060d45ea2ef3fefa,15f0adc33fb9e61d4ff29df6a0768870,delivered,,2018-06-23 22:18:46,2018-06-25 13:34:00,2018-06-29 14:22:00,2018-07-19
e840db297233ce8300fa3cd91c595ba6,6fdd8eba4338f9c98f8942d91cc6bbb8,completed,2018-02-19 14:37:10,2018-02-20 07:30:48,2018-02-20 17:55:17,2018-02-27 19:07:00,2018-03-12
1d640f23dd5922c443a96b7caf168229,c81f68a90b18cfb4921d0e55c30a9f49,delivered,,2017-06-24 18:26:43,2017-06-26 14:56:36,2017-06-28 12:32:16,2017-07-07
5cd4d921a222793519021a823618a17c,7428a7362c14e0386a6035b72d75b7a2,completed,2018-01-11 15:08:00,2018-01-13 04:54:46,2018-01-15 17:12:09,2018-01-19 23:09:18,2018-02-06
cbe19a86b0486bc9bfe295be1a564ff9,12da3cc12c05934879a7ac7b9b31ca09,completed,2017-11-27 11:16:59,2017-11-28 03:32:06,2017-12-01 21:42:26,2017-12-16 14:58:52,2017-12-26
2ee76a4a1d729880a350fcda807b492b,9f29d5f541fd53a2d1557e678130dc8a,completed,2017-05-04 10:11:17,2017-05-05 06:50:08,2017-05-12 10:38:00,2017-05-18 11:28:07,2017-06-02
3d2a8a0c9b558d8f3cb7a7cfc23d6874,526542b3a44f1395af237c96b4a6fc57,delivered,,2018-01-23 23:34:01,2018-01-25 15:13:22,2018-02-08 16:37:49,2018-02-20
f52e3e3393470c823fe723590c5b20ec,789db55b506ef791fbfc69f17755a560,completed,2017-08-13 20:13:44,2017-08-13 20:25:18,2017-08-14 20:07:51,2017-08-21 20:35:41,2017-09-05
277df787ca081b6172162147d83baca1,6608ebf280fed4041d9fdc8047aa6b4f,completed,2017-08-14 06:49:55,2017-08-14 07:10:31,2017-08-14 19:08:00,2017-08-31 20:52:26,2017-09-14
4e44d7b0462e32a51de74a16eac6534e,800ae98df618c84cf1dae67ea96644c5,completed,2017-02-02 16:18:44,2017-02-02 16:30:10,2017-02-03 10:15:58,2017-02-10 08:54:40,2017-03-13
58c498d29ae194afc5d69f486598f18c,7922d00b8f74ce4091159c88dc5e3bf3,delivered,,2017-12-21 16:30:55,2017-12-28 23:29:30,2018-01-08 15:12:50,2018-01-17
9450436aed6e34dfd38b4b087e27c572,40ee87d482e9533fdf81355945aee27e,completed,2018-04-30 19:34:39,2018-05-01 02:37:38,2018-05-02 15:10:00,2018-05-05 14:15:52,2018-05-22
903d1b468e83acb1e13151fa4032d7a2,57e34bf97d0de0cab02718ae4f8ae5e6,completed,2017-12-05 09:35:38,2017-12-05 11:12:00,2017-12-06 20:12:33,2017-12-08 23:09:47,2017-12-21
7e2f2a5cbfc79c127c243f833663d416,79251740ef5f4fae4175ed6c7ad8982b,completed,2017-06-13 12:35:37,2017-06-13 12:50:23,2017-06-13 15:59:48,2017-06-27 18:03:44,2017-07-06
d6a55340021ebcaf3b321d5a34c6c31e,72faca08b5857402402a9fb618084f6f,delivered,,2018-07-09 10:15:41,2018-07-31 13:00:00,2018-08-07 12:33:50,2018-07-31
14a9489fd3842fb90ea7d555122e3dd3,10d65278087264dde732b5d36336496b,delivered,,2017-08-05 00:50:07,2017-08-07 15:43:43,2017-08-14 22:13:12,2017-08-25
2f382dc90733d9d7e7db788f9a954fbe,e2157bd7eb4af4b0cb8cc0fd2ef04bb0,completed,2018-01-12 13:50:31,2018-01-12 14:08:36,2018-01-15 22:21:46,2018-01-20 19:18:46,2018-02-09
0e92646f0fb7e56168e677965e18c1f4,cf4be625e0070bcbf7f49a3f9bad0244,completed,2018-04-20 08:36:34,2018-04-24 17:13:49,2018-04-24 17:32:27,2018-05-09 20:52:42,2018-05-21
ed5c53daefe487fab95ccd2afaf61bb0,b91251b81f7e08e8120571f2f4f88e0f,completed,2017-01-22 21:56:13,2017-01-22 22:05:16,2017-01-23 16:19:47,2017-01-26 14:23:47,2017-02-20
7caa2aaed7e9a56d1bc1004eb7d296e5,8cba14bb8ebdaefa1aa8563ace8ecd69,delivered,,2018-07-17 22:41:41,2018-07-18 14:37:00,2018-07-20 19:54:52,2018-07-25
c89917453d2eed2cf55323bafe4bb091,65952c83b682892cce0f55fffe3240c0,delivered,,2018-01-24 07:12:34,2018-01-25 21:12:42,2018-01-30 12:49:09,2018-02-19
8113e5717c966d7abf2b6ebda89a6e08,bbac12062d60100203aacb2953aa787d,delivered,,2018-06-29 12:15:18,2018-07-03 12:05:00,2018-07-04 17:48:34,2018-07-23
cb70b6a0c936ad1d4abaf743ee8f36c5,136f6eb7ba9d14871b678a90b36627df,completed,2018-05-02 01:07:07,2018-05-03 04:52:39,2018-05-04 15:43:00,2018-05-10 18:59:36,2018-05-24
5c92503c98d68728d4c409d18b268c31,08a0ac1decaff11abb24f276429ee4bf,completed,2017-11-25 11:39:25,2017-11-25 11:51:59,2017-11-27 17:23:09,2017-11-30 00:16:57,2017-12-12
1df35a8f4e554dd3a4752f22e3c15a63,e3265baee473628d1f88bb6d67fab5bd,delivered,,2018-03-07 23:28:28,2018-03-08 20:46:34,2018-04-04 20:46:30,2018-03-28
4a72b4694f239008b7f61c843bac4bdc,f629ebd5825fd5dc963348ecb1243c59,completed,2018-05-08 19:55:13,2018-05-10 07:51:43,2018-05-10 15:34:00,2018-05-16 16:52:20,2018-05-24
4bcc4496263c85f3a25598290559c9d9,20db7b93bdff3c98f343fa5bd139f85f,delivered,,2018-03-26 20:55:33,2018-03-27 18:26:46,2018-04-05 23:56:27,2018-05-02
cdf44e8d562b9d32c7efe051c5cb71dd,846f377bf3511423958c65903414cb8f,delivered,,2018-04-24 19:18:12,2018-04-23 19:31:45,2018-04-27 20:48:38,2018-05-15
879094afcd86a7e113d5923fd645dfca,302d3652d7b20b0608a62a3e0b7c167c,completed,2017-10-25 23:17:50,2017-10-25 23:35:12,2017-10-27 17:27:59,2017-11-15 13:34:44,2017-11-23
ea3e7bb7fc6c485a1238f0c21e10ab0b,bb549de0741a314e90aef28db45719d2,delivered,,2017-12-04 19:14:17,2017-12-06 21:47:16,2017-12-21 23:54:27,2017-12-27
f71900fc3435a929b2d4ecc3860bfc56,e9b2fd5060b5f572facd8594b0e166e3,completed,2017-07-25 09:15:00,2017-07-25 15:10:15,2017-07-27 13:35:44,2017-08-01 21:51:53,2017-08-14
3235a845429a20753974e4bd70773c6f,09eefd631794ec720959fec7a3693db8,completed,2018-01-24 01:39:38,2018-01-24 01:54:11,2018-01-26 19:54:52,2018-01-29 22:48:53,2018-02-23
ffa4713aab0ab633f0f6daa12baf90cb,e8ebbc2a8acc77cf4a5f8f496ddca8d7,completed,2018-07-19 17:08:41,2018-07-19 17:23:22,2018-07-20 12:16:00,2018-07-27 12:58:53,2018-08-07
160325be3833553d6a8155785eb1e7e9,45c093afaa7891c477ac46210a9f4fc7,completed,2018-08-11 16:26:57,2018-08-12 16:24:35,2018-08-16 13:40:00,2018-08-20 20:26:38,2018-08-30
ce4e738175a32ef6dbf7cf8dee090305,3323889cb43c9118f4e5efa137361505,completed,2018-02-01 23:13:08,2018-02-01 23:33:34,2018-02-03 00:38:39,2018-02-15 22:09:46,2018-03-20
b172643d2145d101810ed57b5378f1c6,2eb6f8fc591d7185929b38b4161d6dc5,completed,2018-07-13 14:38:35,2018-07-14 02:50:13,2018-07-19 14:11:00,2018-07-25 17:41:37,2018-08-07
f50e6fe960b68d2b8510cc0cef8ed8dc,e34ce820dbfce68d02a20686e4c9949b,completed,2018-03-04 14:29:41,2018-03-04 15:08:48,2018-03-06 18:38:29,2018-04-07 13:58:23,2018-03-27
89ed06112208a473f65e0f9f40fc5af5,69882ae486f29c5155bde6d028532fe2,delivered,,2017-12-31 08:46:45,2018-01-02 19:26:50,2018-01-26 21:12:22,2018-01-30
f9cd682c98faebc2a0e15970b3265653,9d3e2590b0f7964da5b74e59bbc8db9d,completed,2018-03-03 14:28:53,2018-03-04 14:48:45,2018-03-06 02:20:36,2018-03-21 23:42:46,2018-03-21
de2e5a0863ec922ee9fb96b8b3395de2,087f9b562f7f24274e418c71ed7cd56c,completed,2018-08-20 00:55:24,2018-08-21 04:50:24,2018-08-22 13:12:00,2018-08-23 20:41:04,2018-08-27
73ffc468078b5f3e2c4260065e5e5152,9723d86b12bdec025be4c43f71b0ba52,delivered,,2017-11-24 23:57:41,2017-11-27 23:34:33,2017-12-20 13:52:16,2017-12-27
8512c3651a6750c25e333aebff60ca57,8ca6de591aa429809639ced73a479312,completed,2018-06-08 14:24:08,2018-06-08 16:30:45,2018-06-11 12:26:00,2018-06-25 19:36:30,2018-07-05
77c65697055f082d537f537f084f9fae,543e8185af0947557b5633c2b3d94a47,completed,2017-05-16 17:41:05,2017-05-16 17:50:16,2017-05-17 09:05:56,2017-06-01 14:43:53,2017-06-20
385408894abaef5ea2b48046ca02f823,18e2faab25e5ef1ffc283ef3775b9a87,completed,2018-02-15 11:26:54,2018-02-17 03:47:43,2018-02-21 16:55:08,2018-02-27 17:18:54,2018-03-08
b211184b294bc46861ba034d76f2bf79,24d73607e41d0612c0183973e08f211d,completed,2018-03-13 19:13:51,2018-03-13 19:30:24,2018-03-15 23:41:25,2018-04-04 20:57:35,2018-03-29
a25b9ed9a3a53f53489c105482625129,22a7b639ea009c1e430eb43244204bda,delivered,,2018-06-21 19:21:35,2018-06-22 14:41:00,2018-06-25 15:56:52,2018-07-18
9fe9c3069432a6611954d1e0d51d6873,c706d40d9c1e703d6c5f5342129f04d0,completed,2018-06-27 20:40:42,2018-06-29 02:35:12,2018-06-29 13:46:00,2018-07-04 16:45:57,2018-07-20
14325ba23374f1e55576859076916d9c,63e1b7184234e8c946270e8702251ce9,delivered,,2017-09-23 12:10:18,2017-09-28 17:10:11,2017-10-09 22:18:58,2017-10-26
50109a6c720b998320449ebdf2c0798b,8676c80898b5fdcd9f7c48c39b000043,completed,2018-02-08 22:46:59,2018-02-08 22:55:35,2018-02-09 20:46:51,2018-02-23 16:35:12,2018-03-12
94be6b672a642c5c33415e7ccc13c00c,1e0351073aabf183571573d2c809c4de,completed,2018-06-05 11:44:21,2018-06-05 14:31:12,2018-06-05 13:22:00,2018-06-11 16:19:22,2018-07-13
f00cdb8585a46952303de92749d24590,16aba5570b45f6b4c9204407132e2cae,completed,2018-04-12 17:16:59,2018-04-13 20:15:09,2018-04-16 15:32:32,2018-05-05 20:11:43,2018-05-22
5e97d2fcdd460c47e3f0c07a39438105,54206fa50231f19f182639391160816f,completed,2017-05-05 16:39:57,2017-05-05 16:50:15,2017-05-09 10:44:38,2017-05-15 09:51:50,2017-05-26
f6cee891046f7eebf9019207ccb705e8,dfde39418d518e2313768cb54f9673a6,completed,2018-08-02 15:50:33,2018-08-04 04:24:08,2018-08-07 13:34:00,2018-08-14 20:52:36,2018-08-27
841f22552ef7bc21e205df35283025c4,616ee49a34c54a09dd48d105944aa843,completed,2018-06-06 12:49:27,2018-06-07 12:58:09,2018-06-15 13:57:00,2018-06-26 18:28:33,2018-07-23
0a308be0b454b3664e06318c9bd6a5be,68914b86fecc505772fc79427f0cbb29,completed,2017-02-28 22:12:55,2017-02-28 22:25:09,2017-03-02 10:35:13,2017-03-16 13:42:06,2017-04-07
b4a980b9e16ba7d410f9213f5eab3ea9,eb292c350a17f065fb50299f16b41d32,delivered,,2017-04-26 13:10:47,2017-04-27 08:21:41,2017-05-02 12:22:28,2017-05-15
e67c5e18a6f322301db55af5c4541aff,f25adc5155fc751113575f08abdb181c,delivered,,2017-11-16 19:35:02,2017-11-24 23:32:41,2017-12-26 15:45:45,2017-12-12
135522b6d0ac3390e1386b74d48f957c,c3839d9589cbbc58a439cab5ddf7630d,completed,2018-07-15 12:57:20,2018-07-15 13:10:09,2018-07-16 15:32:00,2018-07-25 16:26:51,2018-08-03
076d0f6917a8b9325bd7de62ef6c8c73,593284b430f85ce2c670f5aa67bd5464,delivered,,2018-08-23 14:46:43,2018-08-27 16:06:00,2018-08-30 18:16:50,2018-09-04
df1ca8d699e806b9f7218c3bbedd99aa,671beff05d7225f209b521637f46d2b5,completed,2017-12-15 12:25:46,2017-12-15 12:33:22,2017-12-18 21:59:00,2018-01-09 01:24:11,2018-01-16
2d5d28288be492e268303635a7aa4fec,80bbd64eeefc9804e21a1b516bf342d4,completed,2017-12-06 20:35:14,2017-12-06 20:51:19,2017-12-07 23:13:24,2017-12-19 17:44:53,2018-01-08
0368b1d608cf0cc5246c6110754d8fee,9547671cab73631f8607de9fe65021a3,completed,,2018-01-10 16:10:08,2018-01-12 23:22:46,2018-01-17 13:09:23,2018-02-02
5e4ff61ebeaffec83fa558b5644145dd,6f2327b7feb466dcf1657ffa5e376ed0,delivered,,2018-05-26 08:19:51,2018-05-28 13:09:00,2018-06-12 11:43:32,2018-07-03
2192c35277d9138acfcb6a068b54b00d,4cdba1a199fefefaa4526b399457212f,completed,2018-06-14 21:43:23,2018-06-15 22:00:02,2018-06-18 12:04:00,2018-06-29 19:21:54,2018-07-17
1028ff13ccfac9ceef23604d7974a6d2,377d7f9df8722eb28e148a6014eb40ae,completed,2018-05-21 20:24:35,2018-05-21 22:33:47,2018-05-22 14:17:00,2018-06-06 19:38:44,2018-06-11
a7b5e82b294d8eac1109824b0194abb9,7ff290e59c82983e21d8337602e2ff6c,completed,2017-06-25 11:42:38,2017-06-25 11:55:08,2017-06-29 08:04:45,2017-07-11 19:32:35,2017-07-19
af82c79786a3ba816b246820444fdb8e,d09b6905433a2fd16d0355163fca1159,completed,2017-04-14 11:01:05,2017-04-18 04:32:39,2017-04-18 13:00:36,2017-05-03 13:53:44,2017-05-16
a20244bef3bafb6f4d37e3603539336d,bdf1861e7bc387ae207eaf08463576b5,unavailable,,2017-12-15 17:32:15,,,2018-01-10
78cdbeb2b6df14128f5de0a1d2c70561,dfe763af2bf0e6285b927a89abe32019,completed,2017-09-22 23:09:49,2017-09-22 23:24:40,2017-09-27 18:29:40,2017-09-28 18:27:44,2017-10-09
a917dadebfac700fb6fcbf80126d4f57,733fce0f4c919aa6c6f408b6298e1225,completed,2018-03-13 20:24:58,2018-03-13 20:49:32,2018-03-14 19:41:45,2018-04-21 19:43:46,2018-04-05
f7c666a64887124db742dd9a8a4e300d,d47fe71e04e3e2ef9345538a49cf9935,completed,2018-01-08 15:15:16,2018-01-08 15:27:54,2018-01-08 22:39:13,2018-01-15 20:28:49,2018-01-24
36ea02534d94c9d58bbbd06fddb3fa9a,0446b2b06900bd31f919292a4379ffb0,completed,2017-12-03 17:36:49,2017-12-03 17:52:21,2017-12-04 18:06:33,2017-12-13 21:39:00,2018-01-02
b3b40bcda1fe524c03457e083bfdb5bf,f10da80d8ed5f1d9724a8b6e3f5f1d09,completed,2018-01-27 17:32:17,2018-01-28 17:29:30,2018-01-29 21:12:35,2018-02-15 23:25:26,2018-02-21
789efe01c5431a828ed0f537a7057016,247aa795039e1d9bf232095b1887f807,completed,2018-08-15 21:56:38,2018-08-15 22:45:16,2018-08-23 17:12:00,2018-08-29 20:28:39,2018-09-03
ae9f9adfeb3a33fe59da5bab6678e5cb,2c7ff1f9724c87a046e3c9979316b202,completed,2018-02-24 08:42:23,2018-02-24 11:47:26,2018-02-26 23:13:42,2018-03-07 19:34:25,2018-03-16
4611eb5693ff0b8ac1ccaebd3d543bae,1baf22a9d0f09f4631df437e8fcf8af9,completed,2018-04-02 20:32:39,2018-04-02 20:49:58,2018-04-04 00:48:48,2018-04-07 16:54:44,2018-04-23
0ace5fbf6db2942061542a808558b9f7,a73fa1e059154a6fa8c7e419b5bd0936,delivered,,2017-06-29 14:25:11,2017-06-30 08:34:51,2017-07-12 21:16:45,2017-07-25
bc6e05c3335f87caadbcd6c80de46ad2,05e54a5f9eb2f443192d44067147a451,completed,2018-04-04 01:24:09,2018-04-06 15:09:44,2018-04-10 21:41:31,2018-04-27 21:12:42,2018-05-09
62505127063f51deaf665f237ee748c2,d4e8465cf3a673f5c029f0dcc426011e,delivered,,2017-11-30 13:31:18,2017-11-30 20:44:34,2017-12-09 01:57:21,2017-12-21
de890ca80410c861b4fc9d398bd4676c,a1c2217218bed2992309dd19fd67558b,delivered,,2018-06-13 02:32:33,2018-06-13 09:52:00,2018-06-21 11:12:17,2018-07-12
7d8cd4ac1b0c3a31fddc3198d69fc133,cdb5bda2e2203d57f2880dac0d661f43,completed,2018-08-16 22:38:58,2018-08-17 09:29:41,2018-08-23 13:31:00,2018-08-28 15:16:38,2018-09-14
1f9acfb03ed5bcc65242f54f6fec83a6,59f9594aa10c39878b6011b738956d1f,completed,2017-08-28 20:23:50,2017-08-28 20:35:10,2017-08-29 16:56:23,2017-09-04 13:57:54,2017-09-15
1c48d9b0f20275684de911afd11024f8,e38882ed2b1e443a3dd5f4f20166f700,delivered,,2018-02-13 13:10:19,2018-02-15 23:07:06,2018-02-19 15:06:33,2018-02-26
2ae1a1178ebaf2ed27989112cf9f4a2d,503cd4e9dd9a0aad568b6f3af8e32948,completed,2018-01-01 14:37:33,2018-01-01 14:47:22,2018-01-10 17:48:34,2018-01-18 20:29:58,2018-02-08
2db6682455f3a6b47b5202e00c855789,4dc417fbc348bf334bb2d066ab22efa1,delivered,,2018-05-31 03:36:05,2018-06-05 08:27:00,2018-06-13 00:05:24,2018-07-11
db9184ca76c81f6e6f102cda2b30e12f,8ef9b5e6a4f621a1ee03dc8da58cdb17,completed,2018-02-24 01:26:52,2018-02-24 01:35:23,2018-02-28 23:35:21,2018-04-09 10:43:32,2018-03-23
9a7f882c95ae7d422db8ab15e1ee0a87,f22aca6ec39e20888a279ee104039b32,completed,2017-08-10 14:41:12,2017-08-10 14:55:17,2017-08-10 20:44:06,2017-08-17 20:13:04,2017-09-04
d2d1dffb59073c276cdd5dc8d4c609c6,e6213fe9cfaa822b49088fd66ea9263c,delivered,,2018-01-25 21:51:35,2018-01-29 20:43:20,2018-02-05 18:46:17,2018-02-22
c30c327fa4864049bf96aec00f7a05ca,139b6cd4eb1c268bb89af031d62b7000,completed,2017-11-28 21:39:50,2017-11-28 21:51:38,2017-11-29 17:17:03,2017-12-09 17:48:41,2017-12-12
22b1eef278d4416c1e867a55d1c39fea,a2592535b56c9256867a805f553147f1,delivered,,2018-05-08 23:34:25,2018-05-10 18:29:00,2018-05-25 19:25:25,2018-06-12
b376ed1576802b4bdec883546710ff1c,bdf2f4fd692c860c623fb96f7ac2cc96,delivered,,2018-07-10 04:30:22,2018-07-11 09:10:00,2018-07-13 22:05:26,2018-07-19
24f9d59b5717fed5431455ac71a4a371,0ef337888c57f8e58775a2de6b386d10,delivered,,2018-02-15 03:56:00,2018-02-21 23:47:36,2018-03-01 18:59:06,2018-03-08
2ef7655210817ffa67b86a61331b4c92,b0ab89eb69e28e62f5d721f0b38fc381,completed,2017-07-15 18:05:13,2017-07-15 18:15:20,2017-07-17 19:44:33,2017-07-24 14:18:10,2017-08-08
27507e5396fa8fdcce6c0b40fd77dbc2,7a9888a1045d84473d63bcf563b692ee,completed,2018-01-20 15:39:59,2018-01-20 16:00:27,2018-01-23 00:58:52,2018-02-02 15:07:44,2018-02-15
78e38ba7bc74953eaff8343cc184b692,703f1588c964db32571e405b538dc39b,completed,2017-10-26 19:54:51,2017-10-26 20:06:46,2017-10-27 18:23:14,2017-11-09 19:51:45,2017-11-22
ff08fd76861967a9d7cf3b5443efb8d7,82f8501340d228f409a15bbb75b57edd,delivered,,2018-01-04 12:28:54,2018-01-05 17:52:42,2018-01-22 15:47:14,2018-02-05
87e5688122b4c8765d4abc62af2c9ade,1feda5ccbed13bbe5d5d744f54df8b83,delivered,,2017-11-17 04:06:27,2017-11-18 15:48:28,2017-11-27 20:21:37,2017-12-07
c5b29432f1377aa97a3b0cbf9f62f960,da40ada73d08b254639ddc4939223921,completed,2018-03-10 11:34:35,2018-03-10 11:48:28,2018-03-12 17:06:52,2018-03-15 20:15:46,2018-03-22
9c03496a411754169e1433dc70a583f0,ba2670f501b017aef92d953a58982d10,delivered,,2018-08-11 17:04:55,2018-08-14 15:59:00,2018-08-21 22:29:35,2018-08-30
70e018faa55d042ec9fa8b92bbf526d2,a23e1debf478535980a96af74a6ed699,completed,2018-05-14 00:09:55,2018-05-14 00:31:41,2018-05-15 13:43:00,2018-06-04 22:58:24,2018-06-07
de25bcc5c5215c6d39641918b7f4cd2d,bf6ab97b9a06cf8c55ee88fbc7ce1782,completed,2017-04-19 12:58:40,2017-04-20 02:50:41,2017-04-24 13:35:40,2017-05-02 12:03:47,2017-05-11
f790f7c7d494562bf4166768abbb9d94,88054508f13c781d3fb0e8db2c7c7c0d,completed,2018-05-15 15:11:58,2018-05-15 15:35:02,2018-05-16 09:23:00,2018-06-06 14:16:44,2018-06-05
3749ffb24b4dec6d0cab14cb31e4fa94,c778451490bd2d62f6748492ed4068ac,delivered,,2017-11-15 13:26:53,2017-11-17 23:39:28,2017-11-27 20:53:53,2017-12-07
a96095e939ac89b2ee0975e7c5300a68,27022bc180a011c7ad990251d2f44e3b,delivered,,2018-06-21 09:43:09,2018-06-21 16:50:00,2018-07-03 08:21:18,2018-07-13
a4b15028cbd22d539a036666a6c03dfb,7dcf54c584f1336cbc77c6bf559840a5,completed,2018-04-24 15:34:22,2018-04-24 18:58:37,2018-04-26 13:53:00,2018-05-04 20:09:00,2018-05-21
e156efe18c91ba079f1b2d16ee45b4a0,e40062f086a32b25380806237e2d433f,delivered,,2017-04-11 13:05:56,2017-04-12 17:05:42,2017-05-06 11:42:10,2017-05-17
43c97b638252a2fdcaa52a6aeb91e7e0,7235bff0c390209cf783321633584b4a,completed,2018-01-06 15:10:36,2018-01-06 15:29:21,2018-01-10 16:12:11,2018-01-22 20:16:55,2018-01-31
d9e61dcd00568330306bd1733a413ae7,320b142aa54f0dff7195429d1f971540,delivered,,2017-06-28 14:44:06,2017-06-29 16:42:12,2017-07-06 13:46:40,2017-07-20
8af4559f1066337d1418a13215e1fe2f,2da986617395ca6fa2c78584d66ed69d,completed,2018-03-15 12:40:58,2018-03-15 12:50:55,2018-03-16 00:03:37,2018-03-22 16:13:14,2018-04-03
3c4a05391c2fcd152731f52de8fc4347,a5c69c3bf293d341b6a56a4b7307c529,delivered,,2018-03-18 14:28:18,2018-03-19 16:37:36,2018-04-08 16:54:36,2018-04-10
962aeb93da677a2ce2fdb8e771e4668e,9c5c5411e5e1bee12e3d673fc529ab83,completed,2017-06-29 22:17:56,2017-07-01 04:43:20,2017-07-03 10:49:11,2017-07-07 15:45:03,2017-08-03
0668f439eec2e9edf7b24687cba7acd7,ed4299a50d0b1a4065cda2bcefb91703,delivered,,2017-12-01 10:31:23,2017-12-04 18:57:20,2017-12-21 18:33:00,2017-12-22
b830151a31b4a50240340fa048e7ff31,a31ca5db9ef5f148f11d4e36253aebf2,completed,2017-11-26 09:38:34,2017-11-26 09:54:28,2017-11-27 18:52:27,2017-11-28 21:47:52,2017-12-11
2ef2818bc1477c39bc32b093812b85e8,1c436aa3c85f978a78df59eaca01ede3,completed,2018-05-28 14:33:54,2018-05-28 14:50:31,2018-05-28 14:33:00,2018-06-04 19:33:47,2018-06-29
47d3007b20e49d9119fabdb9237374c5,90d6f3aabf7ecc12af4416177c85bc11,delivered,,2017-11-09 04:31:14,2017-11-09 18:22:27,2017-11-20 23:17:46,2017-11-28
037f15d346c870059c0e6f4275a01206,44b387496ce8c6654019503566f11029,delivered,,2018-05-27 10:35:15,2018-05-29 15:13:00,2018-06-08 18:41:17,2018-06-28
23a868333bc15837fc68d57a8287bf06,b7b0527953105fd885d113399210bce2,delivered,,2018-08-03 20:23:59,2018-08-07 15:49:00,2018-08-14 17:41:44,2018-08-15
935759ea87b137f4b8ddfdc6dc07045a,7e8615575192baa505d038bd461a5ce9,delivered,,2018-05-15 23:55:17,2018-05-16 12:48:00,2018-05-22 19:03:54,2018-05-30
595c8cc7fe6bf40c3acfe06661759a4b,c06248fe42ae3ccfa4719e48ffce66ab,completed,2018-04-07 13:00:51,2018-04-07 13:10:16,2018-04-10 17:26:48,2018-04-11 18:24:36,2018-04-25
55538582ef35a95e5ed4047c6bf04695,34ea637ac902c88b56fb4b2907a4c2cb,completed,2018-01-09 22:22:57,2018-01-10 10:32:03,2018-01-15 15:52:33,2018-02-09 18:16:04,2018-02-15
8dc71d90daff59b6abf5eba2e80fa928,185086f7b5b98370b0d12e2100a69e08,completed,2018-05-22 09:36:38,2018-05-22 16:58:31,2018-05-23 13:33:00,2018-06-04 17:54:53,2018-06-13
67a0e107b1c36e51a74327cf74080114,746c45861e0a8d11b1a4106f135fcd2e,completed,2017-12-28 15:00:06,2017-12-28 15:07:22,2018-01-03 15:38:38,2018-01-24 20:53:21,2018-02-05
124223dc899eca6ac54187a54f1e3632,08ea393f29fd8d854b91ce3a902bb5a0,completed,2018-08-24 09:20:03,2018-08-25 02:45:21,2018-08-28 15:29:00,2018-08-30 21:51:12,2018-08-30
d860d32de96314e1c520c1dee7bbbde7,2bce54e2cbe983ea13f2fbc8e023f8d1,delivered,,2018-06-12 19:07:23,2018-06-13 11:27:00,2018-06-14 16:26:38,2018-06-21
a57d721718cc0b154e604581529a9832,9229bcd4ef83e2a0f654bd463851015d,delivered,,2017-07-25 03:43:56,2017-07-25 22:52:18,2017-08-02 18:00:07,2017-08-15
2a633b0c6a563a575a8887426a80a53b,82d8dec051f882c5e6108a8e85b7c49c,delivered,,2018-02-18 16:10:27,2018-02-22 03:11:27,2018-03-12 16:48:32,2018-03-15
b743373d6701f25279252a6f98a14977,01ce9c8d021371142c40a9523f58bcef,completed,2018-02-13 02:18:35,2018-02-13 03:00:21,2018-02-14 17:22:47,2018-02-22 21:23:14,2018-03-07
ec55c591dee6e33a91fedbe64d75b475,be3259fe9f5ca5002148b8deaf52a84e,completed,2018-03-22 18:49:32,2018-03-23 13:55:39,2018-03-26 22:12:08,2018-03-27 15:34:54,2018-04-04
ef8fadadf0fa0193e9b455abf08484ce,f5ac2e5720e20d222f1cfc513670b40f,completed,2017-05-02 22:39:55,2017-05-03 15:35:19,2017-05-04 14:35:35,2017-05-11 12:34:10,2017-05-25
61bed2065e5b6ac35f5c04d33bf9d320,5e287e9ddb7ce29f9977a136ec8f4060,completed,2018-07-18 21:40:06,2018-07-19 02:50:15,2018-07-19 15:29:00,2018-07-26 18:49:58,2018-08-07
2be5d3a5d64ca31f9d583f261fa19585,24b2afaf0a79b04374d8a7e0fd6bebda,delivered,,2018-05-16 17:37:56,2018-05-17 14:31:00,2018-05-23 18:11:47,2018-05-28
5a9c1337a1f6bb21e46fc043cf2c26c5,91699739e7a2ff25feca3e29e042b1f1,completed,2018-02-20 14:36:42,2018-02-20 14:51:19,2018-02-22 01:16:47,2018-03-01 02:44:47,2018-03-16
fdf3b97e92962b8843c67a2c85c21f58,2bd8110535c65cd7a03ad8863109458d,completed,2017-07-05 00:20:08,2017-07-06 00:25:17,2017-07-06 14:08:03,2017-07-15 13:32:10,2017-08-03
9758e655b4d2fca01c69a4dde9d4fb5b,7bebaaaa1a33db48ca58e50d6af76be1,completed,2017-01-21 09:44:46,2017-01-22 09:55:06,2017-01-26 14:05:25,2017-01-30 10:39:16,2017-03-14
c1455c8a20a788e3c2d4093001d92c05,c0b26a6527a4d597ef2e53f706d83439,delivered,,2017-12-19 19:54:42,2017-12-21 17:37:08,2017-12-29 17:13:43,2018-01-17
32df9ad50634e74d5454b4493d587790,420faf91b61e0c56a0688c976aa951c2,delivered,,2018-02-22 02:31:11,2018-02-22 19:45:21,2018-02-28 12:53:51,2018-03-14
1d87599144fe1573be8611bf9f5d5de9,03b400e08714b00279dfdc1356f6f03f,completed,2018-04-23 21:49:49,2018-04-24 18:37:41,2018-04-24 23:21:56,2018-04-25 23:48:48,2018-05-08
f330860e4cc30640994fc5d022b00934,fb97bced7f8d4fbff1093208daeaf4af,completed,2018-04-11 16:51:09,2018-04-11 17:10:48,,,2018-05-07
d0d6f28c88378bb68aaed959896a43f5,2b9c116002450946e5c8989cca3b6353,delivered,,2017-05-25 01:25:27,2017-05-26 09:58:28,2017-05-29 14:32:24,2017-06-09
f2fd76c4a6a18c5be5d960963e114737,0a193a491e9dc580885abc4083f70b05,delivered,,2017-09-18 10:55:41,2017-09-19 15:55:00,2017-09-25 14:09:12,2017-09-28
2d0d4075ded592212bcd5e5bc561b406,ad4fdd8ba1535077790107fc697fbe97,completed,2017-04-26 12:22:32,2017-04-26 13:06:25,2017-04-26 13:01:25,2017-05-15 07:38:03,2017-05-25
8b93f79b1a4d6b3388dab2356493c0b3,1d72f0479018c73cd9f58abcb01e776f,delivered,,2017-01-26 13:02:26,2017-01-30 10:17:23,2017-02-07 10:52:25,2017-03-14
bfaea68f958681ec9d22aa2114b45721,1be55980a49eb83dda71ae61abe091a1,completed,2018-08-06 11:26:06,2018-08-06 11:35:27,2018-08-06 16:04:00,2018-08-11 12:57:38,2018-08-21
ec2ffcdf0c859e28c732adf3e9fdb0d7,82cd627eb2d950f8b9d72ac0d0db46bd,completed,2018-01-15 18:24:19,2018-01-17 03:35:47,2018-01-17 19:59:15,2018-01-29 19:36:43,2018-02-08
184470638d1eed17dd8215b62c63221d,3854f9f901f622d84cc9e87f3d602bc4,completed,2017-10-22 21:59:10,2017-10-25 16:34:36,2017-10-27 15:07:57,2017-12-04 21:27:46,2017-11-22
73950eeeb87a86705a2e3c7f42f1b4bc,a90390cdb48b4c1ddfd36ecc316b6f55,completed,2018-03-19 10:17:51,2018-03-21 02:49:08,2018-04-04 20:38:20,2018-04-19 20:04:49,2018-04-25
bcd881f346c66116b4cf838352ea8eaa,c10abefbb5ea3c13765ae51ee5b7966e,completed,2018-07-21 11:39:34,2018-07-21 11:50:16,2018-07-25 14:08:00,2018-08-01 19:54:25,2018-08-13
75bb0242b1adbfca55d87a6bbc34cd8b,0c877fbd5c91be5e1ab82f5df3f29fcc,completed,2018-02-26 15:18:24,2018-02-26 15:35:32,2018-02-27 23:37:53,2018-03-15 17:06:53,2018-03-28
5f358d797a49fe2f24352f73426215f6,e44e2e5c3ad690e075b368557195abb7,completed,2017-08-10 14:01:14,2017-08-10 14:23:36,2017-08-10 20:05:38,2017-08-11 17:45:52,2017-08-23
c4656b642015582ea0e3cc4e6271d795,06ea718b69bcb8f124ac69512c21c231,completed,2017-12-13 22:38:21,2017-12-13 23:20:21,2017-12-15 20:34:17,2017-12-26 18:22:27,2018-01-08
81964f82f03b74bb44ad9b9dd2908a77,8923748881382b63461d599d6b0d1b65,completed,2018-03-01 21:18:52,2018-03-03 02:51:17,2018-03-05 19:56:34,2018-03-22 20:48:38,2018-03-22
4d21276afd29a3f70e49766a9848d19c,83e4d344f3b14f96050798d2efb6032d,completed,2017-02-08 13:14:41,2017-02-08 13:30:16,2017-02-09 13:03:00,2017-02-17 14:56:25,2017-03-15
4e3d811dd3b8ca1f39b4ce47ee24b368,dcf56a1334b83afcfbc1cfeb008f38a9,delivered,,2017-02-10 15:55:16,2017-02-15 13:47:48,2017-02-21 15:04:36,2017-03-16
f192cff10ef337b0ec9028f2cb9bf874,1c3f1e66dc3859cce89cb9c12e3c1122,delivered,,2017-07-22 16:35:08,2017-07-26 19:03:45,2017-08-11 17:47:55,2017-08-29
d3311a4548f26aafe1df36169dfff736,0884f1342f98a8fd3a99ccc43a91e6a4,completed,2018-05-11 20:57:16,2018-05-11 21:11:01,2018-05-14 14:04:00,2018-05-21 19:58:43,2018-06-05
4742de2698468a6388200583f9ae46fd,32785fc2133c37270c1ea1cdbfe857d8,delivered,,2018-03-07 21:10:36,2018-03-21 23:27:26,2018-03-23 02:08:42,2018-03-29
f20439467653674ebac675290f67e15a,bbb6209ec81e15add72706f298fe88e2,delivered,,2018-01-07 18:31:45,2018-01-08 23:14:42,2018-01-19 00:53:03,2018-02-06
baacbbe167481d63498184a70336a4b0,c1742b6142e68f9d4dd02051adb0954d,completed,2017-04-23 19:42:44,2017-04-23 19:55:09,2017-04-24 10:34:15,2017-05-03 15:37:57,2017-05-15
aa13f22ba1dbf5360989f7480c1e099c,7d68267a55b2e8c1401e82cf6b2ea808,completed,2018-05-24 09:32:10,2018-05-24 09:53:09,2018-05-24 14:08:00,2018-05-25 21:32:32,2018-06-12
8c52dfcce0a3724101362890db77eb05,ea3dcb2137367c05efe6ab5f4bff68f6,delivered,,2018-07-05 16:33:16,2018-07-04 11:57:00,2018-07-05 22:38:40,2018-07-17
7873fc4b6a81dc66e71e7611b0414bf4,10476479468e10f6b2c185376c55a094,completed,2018-05-25 08:28:02,2018-05-25 08:54:56,2018-05-25 14:09:00,2018-05-29 21:56:53,2018-06-19
2ad713541542172502b2d22dbbe47de0,eeb703aa336c48ca33fef32138068f6e,completed,2018-07-17 10:33:14,2018-07-17 10:45:16,2018-07-17 14:52:00,2018-08-01 11:36:52,2018-08-10
0240111ef6f94ee97599bd002acec1cd,71d768f0401c468141199473dc548df4,completed,2018-06-24 18:26:15,2018-06-24 18:55:35,2018-06-26 09:19:00,2018-06-29 15:12:08,2018-07-19
b74a164aa1b796aba8ed356ed4733db8,01a62912967c457c51f60e42eba81aab,completed,2018-07-23 15:36:12,2018-07-25 02:45:09,2018-07-25 08:33:00,2018-07-30 20:19:31,2018-08-09
c4e892263d3d1e1bd9f1dabad754287d,b6e62ebd9db8a2f240058b55d80b3213,delivered,,2017-04-24 20:50:24,2017-04-27 06:44:06,2017-05-05 12:57:58,2017-05-29
b18574ff0d88a32cf00f56fdf8423a73,1d37f7f2a4d76f4f6d3f6cd54d21f27c,delivered,,2017-04-01 21:35:27,2017-04-05 08:51:23,2017-04-28 18:23:41,2017-04-26
f688669f48063536e082bb32d634cd46,691d28310063e5b36b732b117f2bcfc0,completed,2016-10-07 10:28:56,2016-10-11 04:56:13,2016-10-21 18:02:40,2016-10-20 20:33:27,2016-11-29
a532c4a850449b1f08cbc448e2a2568f,5d32870687f3bce3d866addfb37d6910,completed,2017-04-06 13:10:31,2017-04-07 03:15:35,2017-04-10 06:32:58,2017-04-18 17:58:40,2017-05-12
c38123fe01a5d1757b545ecfccb89c0d,f9a537570825b53bb35d231a69fda6c8,delivered,,2017-11-13 23:30:49,2017-11-23 14:34:40,2017-11-23 20:35:51,2017-11-27
455283c5e3bdcef4ead05938fa665e79,18a0e3a650bfc5f55df2c50a0af08378,delivered,,2018-05-20 19:50:32,2018-05-21 13:12:00,2018-05-22 15:18:49,2018-05-29
38d11c87fc409de31e930084abb0c7a4,3cb70d43ff082f7257213b7b055bf35a,delivered,,2018-08-17 17:50:15,2018-08-20 15:29:00,2018-08-24 17:56:31,2018-09-03
ee8725c782f35716fe7a9e445bbf0a78,984e2ab6a072e04516bca3040606d641,delivered,,2017-09-12 04:46:05,2017-09-12 18:43:49,2017-09-19 19:13:58,2017-10-09
1ade03eb2f7f3a76f964ee98e1a66529,b15dfeddb91c576c21ca1456d3a12f68,completed,,2017-05-23 14:25:25,2017-05-24 09:31:06,2017-05-27 10:57:46,2017-06-14
33740f52eba55da2d9387820d43724fd,4a00ac708f3f33c001588e9529e90691,completed,2018-02-23 19:31:58,2018-02-23 19:47:59,2018-02-26 15:42:53,2018-03-07 20:54:37,2018-03-22
1cfd879fba2e07e64229d40d3bc2592e,b1ecedb16d47c1dad507d820395ab9c3,completed,2018-05-02 14:58:19,2018-05-02 15:40:30,2018-05-03 16:38:00,2018-05-07 12:38:35,2018-05-23
c535d14467a9ffe1f7dc043ae44a7338,022f451efd6098c908265c022c1e06ac,delivered,,2018-04-15 11:10:25,2018-04-16 17:57:56,2018-04-23 15:58:47,2018-05-14
2c8d039d136f71b16eea4024def87741,b9af95c64769369ae49f05ef4634f23e,completed,2018-08-20 11:16:03,2018-08-20 15:11:53,2018-08-21 13:54:00,2018-08-30 22:51:43,2018-09-13
df0bfbf54e085e793d7b164f7c4304e1,b54c3273e3f408977b01909ad650b7b8,completed,2017-09-20 21:25:17,2017-09-21 21:30:19,2017-09-22 18:04:16,2017-10-02 17:11:02,2017-10-11
35c7d117e60b7447a3ee63f69addcd2c,a63832a8b162089904b6c6470e9e6434,completed,2018-07-06 16:38:58,2018-07-06 16:51:18,2018-07-11 11:25:00,2018-07-27 22:04:45,2018-08-13
3645c66b5c03384bc97063c45b29acd7,00c042af846ab3125854b4abc3bf25a6,completed,2017-09-18 22:08:50,2017-09-20 02:35:36,2017-09-20 19:47:35,2017-10-11 20:08:07,2017-10-05
64d7ed1c4e843c97738d861140943a73,dd68aa8587cf16acac6821866ea125a0,delivered,,2017-11-15 13:26:53,2017-11-17 16:21:56,2017-11-21 23:32:31,2017-11-29
91126b5e0117a1cb0c97cbdedc8184a8,3b3d78c1656e30478b0695716270bbf7,completed,2018-05-21 19:06:15,2018-05-21 20:15:19,2018-05-22 14:12:00,2018-05-24 23:18:41,2018-06-04
84580325d236dbdc6585c81d12f5c9ab,a48ba60be28864ede4421c52ae28761b,delivered,,2018-05-15 14:14:41,2018-05-16 09:23:00,2018-05-29 20:28:50,2018-06-14
d1f25210559c9ba865652af5e11d6acf,db7a9a8bf98c47d7d569638391b3e773,completed,2017-12-12 20:07:16,2017-12-12 20:17:29,2017-12-13 20:54:34,2017-12-21 22:48:00,2018-01-10
fe6c4a42298295647106b42549a98eea,a75a51f163c2708a4896619f8fb0119f,completed,2017-06-09 23:01:58,2017-06-10 06:35:08,2017-06-16 13:07:49,2017-06-19 07:49:44,2017-07-04
8860f62912fc775e52409a351a1bca14,d1f9d2df3fbb4c8c0e4163da8d138de5,delivered,,2017-09-05 09:43:55,2017-09-06 20:06:51,2017-09-08 13:42:36,2017-09-18
9e1eccc08685bb903c6eee8ade67a23b,48c594f3ccd405bda0218861a37eefc0,completed,2017-05-17 15:42:02,2017-05-18 02:25:52,2017-05-23 12:02:00,2017-05-29 16:28:16,2017-06-19
0ed6d545d159bc1c0786d83a66c1cd03,cadcc766f52c62f7f08bbfb5712bc3ec,completed,2018-06-02 10:10:55,2018-06-02 10:30:55,2018-06-05 12:54:00,2018-06-18 19:12:02,2018-07-12
0fb0b963405fa1541484c2f8893b04e0,9f85a78c4f160de13394a7d5cad37e7c,delivered,,2018-08-17 03:09:42,2018-08-21 08:59:00,2018-08-23 23:38:30,2018-09-18
02de1e44936e56ddc1621c46d86bf91e,c4c369211d1aaab90c8e097f6939dda2,completed,2018-08-21 12:21:00,2018-08-21 12:35:12,,,2018-08-29
91ce7ca124af689166db5eeed6f67a58,5123a836ba289609cd3d54332637ca88,completed,2017-11-25 23:11:44,2017-11-25 23:32:59,2017-11-27 22:41:42,2017-12-05 14:55:03,2017-12-15
90a2b2da168b833dcca42bdb705790c5,5a70fb925bf88748e2ce9e6ff1fa8548,completed,2018-04-18 14:13:15,2018-04-18 14:32:53,2018-04-19 21:12:00,2018-04-27 21:12:07,2018-05-15
9ac3961be44625036ccce3f47ad8aaa9,820cedae2b3e3671ecca1bfd514e9002,delivered,,2018-02-01 02:52:49,2018-02-02 01:32:12,2018-02-15 00:13:21,2018-02-22
061a6c0d2222c7c9f49a21e108579b49,546c427cda01bf664853d185e4cde13b,completed,2017-02-08 18:28:10,2017-02-08 18:42:51,2017-02-14 11:35:31,2017-02-23 19:18:37,2017-03-29
32fd10a6af41f9d4fe5e11b25a0788df,dffe8d3fceb5181638fb7e0060d529f9,completed,2017-11-14 14:45:22,2017-11-17 04:15:47,2017-11-22 15:19:56,2017-12-18 18:42:17,2017-12-08
90594e2a39ba4a93cae555437837e9a0,57177102f8cf83694e6a7300df6471a3,delivered,,2018-04-01 17:47:49,2018-04-03 20:24:58,2018-04-12 23:52:28,2018-05-10
daf8742a55a82df5518ff49094a4829b,ba9de766537f34cd0372529527499f9a,delivered,,2017-06-04 21:05:14,2017-06-06 18:15:25,2017-06-08 16:22:14,2017-06-19
2dad0e5f5e49de74d7d561dd6fd726cb,8a326e7047361f829ca979a7d532d1b4,delivered,,2018-07-30 18:31:12,2018-07-31 13:53:00,2018-08-06 21:41:17,2018-08-09
e2a9b051883676e2f50cd619fe68bee6,c7f176bdad499af9b7c1cb90c1e73ec9,completed,2018-05-08 09:41:23,2018-05-08 09:55:47,2018-05-09 14:43:00,2018-05-16 16:16:36,2018-05-30
e977b374d773afa133c09a9215ed08c2,126ed0bfe9084c1d6e25f7a89c92dc5a,delivered,,2017-11-25 22:33:17,2017-11-27 22:41:30,2017-12-23 16:17:14,2017-12-19
ca8446e47a754f1f72ae3acf393d0eb0,2cc54719065edd4d2871fcc67c434d7e,completed,2017-04-18 21:54:12,2017-04-18 22:05:11,2017-04-19 15:18:45,2017-04-26 06:04:29,2017-05-09
c0fabfdace2df4fbd9e0e958f29a2cd7,d6028dc827eae81534f01a813de8d9f9,delivered,,2017-12-05 17:37:25,2017-12-07 15:24:06,2017-12-12 19:37:50,2017-12-20
c9e7e5db848d9887106af64ce027ff75,79a2df12350e76ffce12fc265747ef38,delivered,,2018-05-16 21:15:30,2018-05-18 19:00:00,2018-05-21 20:16:31,2018-05-28
385183082e6bcd8f81769fe274d3654a,aa072112a00df3b18830253b7fd1f47f,completed,2018-04-04 08:46:50,2018-04-04 09:09:51,2018-04-04 19:14:41,2018-04-05 20:39:44,2018-04-16
9081eb59066e15ca372cbdf65b67c57e,c276069b9038f794b40e0367b28a64fb,delivered,,2018-01-18 17:35:32,2018-01-19 23:48:43,2018-02-06 21:52:27,2018-02-19
6fe0d4afaf96ac0a6792ffa85d4b5830,ba58938b614947293a25014a8010ef59,delivered,,2018-01-06 22:07:31,2018-01-11 17:42:29,2018-01-29 20:57:53,2018-02-15
0e76c1f1cc3a0d46923197991617cef8,c267e35a4a5aee75602d06f6860b25ba,delivered,,2017-11-24 20:52:48,2017-11-29 17:51:58,2017-12-26 21:23:28,2017-12-14
794a9d49f955955bb13c41fe68e390b0,f5d29c605e02e4748e78c1f9f2afccd9,delivered,,2018-05-23 21:15:09,2018-05-24 14:07:00,2018-05-28 15:58:51,2018-06-08
c7b76f99b489ee84322131a82cbf9a42,7b39e7285ea4d3e4c38030fe704bb97f,completed,2017-11-24 02:07:31,2017-11-24 02:32:19,2017-11-27 19:17:28,2017-12-14 16:48:05,2017-12-20
ef70439747aa47b2855565412ab21f9b,8def6a09a4f43a314e904cc8442af394,completed,2018-01-11 09:12:10,2018-01-11 09:27:59,2018-01-11 22:10:54,2018-01-12 22:29:07,2018-01-30
b102a55650928a816173fab1295e4759,2e23a2f3eba4b2ad0f263c2718865f77,completed,2018-02-28 15:59:21,2018-03-01 02:50:52,2018-03-01 23:27:34,2018-03-18 20:08:47,2018-03-20
ecfedc3b6324cb92d08d241268a15046,e061c2ded773c5f33557a5d1fc914d23,completed,2017-10-23 18:37:24,2017-10-23 18:49:20,2017-10-24 23:03:58,2017-10-25 18:47:54,2017-11-07
b47fa5a498bfce5bc5658eda28570768,4acfee94a454cd67ddd87987fca05d48,completed,2017-12-12 17:56:17,2017-12-12 18:10:52,2017-12-14 13:28:36,2017-12-28 21:39:30,2018-01-16
48aaa0a6d934cf4a57020d72908f94cb,fbd8d0ed848aa2a0405fe1f623481c39,delivered,,2017-11-09 04:31:12,2017-11-16 20:39:07,2017-11-22 19:52:01,2017-11-29
5942376062bf8180e22499a0bd422a00,2128ddf650e5c73783c60d3478810402,completed,2018-06-09 11:36:48,2018-06-09 13:38:18,2018-06-11 16:55:00,2018-06-19 23:21:23,2018-06-28
c01ae15e9ff7192925a8aefc04b3672d,ac11e7077441c662e40f21c2ff637175,delivered,,2018-03-17 02:50:52,2018-03-19 19:12:03,2018-03-21 20:46:40,2018-03-28
4faf80dc9fb66032ad2dfb5a78c2c56b,2c9948887f75cb26e1831f13d88676cc,delivered,,2018-04-02 19:08:01,2018-04-03 23:29:42,2018-04-09 14:26:44,2018-04-25
f74aecd058269c4087863fbc431e7681,3117f05fc361408aed349e8aee87d680,delivered,,2017-08-09 12:23:49,2017-08-21 19:06:01,2017-08-22 13:20:13,2017-08-29
75726379e024593ac008be5a5929a82a,edf9347c36517f574d5e7435ffb1d251,delivered,,2018-03-16 11:49:10,2018-03-16 22:46:41,2018-03-20 22:21:55,2018-04-04
c2fcd45c45821d4cf9f5bb48db015eff,88519723851a4b27f5d0b3c2a32011a2,delivered,,2018-04-06 13:49:19,2018-04-07 01:32:24,2018-04-11 18:26:25,2018-05-02
44e578be804a15b9c4be4b6e91eedf48,018d655fe703cb7b56ee34f117429789,completed,2018-03-19 01:56:52,2018-03-20 03:35:34,2018-03-27 00:40:50,2018-05-14 11:04:04,2018-04-05
13915b8e35e0ca97dcbdf2cffe7233c5,7b0d41e836e8a4abe1293a322995251a,completed,2017-06-27 11:33:59,2017-06-27 12:35:35,2017-06-27 15:42:12,2017-07-05 11:22:50,2017-07-19
6acf90c38bdd8b8c40950b821624787e,2f7001da9e597c4b707313a341a20614,completed,2017-07-20 20:51:21,2017-07-20 21:05:16,2017-07-24 18:53:30,2017-08-03 01:27:40,2017-08-28
64dd971db884055dffb6e94214b130ba,704e34ec238dd95df918c1e72f9d5c2a,delivered,,2018-06-11 19:01:56,2018-06-12 11:11:00,2018-06-22 00:17:40,2018-07-13
1d8aaa7ab5a5877605cca6876f13e9b3,3ea4da2f3447247b3d78cfe6c43a637a,completed,2018-03-29 15:09:18,2018-03-30 03:10:26,2018-04-02 22:08:45,2018-04-10 01:22:50,2018-04-24
55ada6f0482ec84582a6de972bf57dd9,ef1dcd7d9f5a7481d6e43d8fd8082233,completed,2018-03-10 12:36:48,2018-03-13 04:08:20,2018-03-14 18:52:30,2018-03-19 19:26:49,2018-03-28
f0e14b83b8b12697246a18f91e0377e5,ef8f2c2cb3624ff00393c9f695cdd599,delivered,,2018-05-03 04:13:06,2018-05-03 11:08:00,2018-05-10 21:07:11,2018-06-01
ae647800f7009520d784c9c9ab2de7be,e9558d82e022425af9ddb83c83247958,completed,2018-03-03 18:45:18,2018-03-06 03:55:45,2018-03-06 21:32:35,2018-03-22 02:33:25,2018-03-28
a9ebd6bcbc1aed90a92d93c774f2cdd2,6aa76a292df4d63fa578c73ee479cbba,delivered,,2017-10-31 22:50:11,2017-11-03 20:21:32,2017-11-09 20:26:32,2017-11-23
1657d073874b59831bbf61d290efb44a,2011663e9f984916c24b717a3ab6c802,completed,2018-08-19 18:12:07,2018-08-20 13:40:15,2018-08-20 16:07:00,2018-08-21 22:45:36,2018-08-28
5479f014d5015a0feaf35483c4bb73b3,aea7d2de4a1366b975b3d37ae68c0612,completed,2017-08-10 18:16:59,2017-08-10 18:25:19,2017-08-11 18:37:52,2017-08-17 16:44:37,2017-08-30
966816b575380366cf697b71679a90ae,3a62dd5cff90e249bf54a92b5c97f040,completed,2017-08-04 11:19:02,2017-08-04 11:30:15,2017-08-04 21:42:17,2017-08-07 14:22:03,2017-08-17
b91ca0418b6f2ae549bb6f356eee80cb,db6054a501afc119137d3b7ba547aa30,completed,2018-07-02 10:30:55,2018-07-02 10:50:10,2018-07-03 13:56:00,2018-07-11 18:51:27,2018-07-26
aec47b9987c836ffee2d7664b0929ec1,9f6f3da49e2d46e3a7529f5e3c25ecce,completed,2017-10-10 18:31:36,2017-10-10 18:49:10,2017-10-13 17:07:01,2017-10-20 18:29:16,2017-11-17
8c1d27c10cc60cc369a428813bb71350,18138351c3724e32f1d6e0268f0c7663,completed,2018-07-25 16:18:46,2018-07-25 16:30:20,2018-07-26 14:31:00,2018-07-30 19:42:42,2018-08-13
35212d87fef805b15c43b49b69d7a67f,011b97b83f521e755f03173c96baf57b,completed,2018-05-18 10:22:46,2018-05-18 10:40:00,2018-05-21 17:47:00,2018-05-24 16:24:06,2018-06-06
48da563d578242f69599e13f9a03adc1,d7d9e807fdc3e0515504b5cb83e374f2,completed,2018-01-19 07:29:51,2018-01-19 07:39:21,2018-01-25 00:35:54,2018-02-02 19:58:44,2018-03-07
590ab3344f70c64950c4108f56f56280,227793ef64bc93191fef01f947af0e1e,delivered,,2018-04-24 17:22:10,2018-04-24 23:21:29,2018-06-01 17:38:47,2018-06-04
6715132837520c5934acfadb854f1735,bd9635049655c05f3ace849a74646dfc,delivered,,2018-08-06 16:35:24,2018-08-08 15:44:00,2018-08-17 22:58:43,2018-10-05
cc3d4ac8f11e38aebf094617bdbe0fec,d61c4651520e542fbd88621b9e980aec,delivered,,2017-10-05 02:44:04,2017-10-06 22:42:07,2017-10-19 19:17:56,2017-11-08
19d4b553f5c9c51a7d58635e7f5421ba,3b89a5688ba5b8c0fed6a02db53bda76,completed,2018-03-22 18:05:42,2018-03-22 18:27:56,2018-03-23 18:57:22,2018-04-09 17:25:40,2018-04-10
6afa03fba2ab6ae8174e9c9477c85506,bd5240fb34dcb6a57e2ede1cba25d65b,completed,2017-12-04 13:39:45,2017-12-04 16:47:26,2017-12-05 21:18:46,2017-12-11 17:23:34,2018-01-03
0539e3f47ed27c984efee378a2aa7f07,a2c403073285474c9bb42414f75badde,delivered,,2018-04-10 04:11:08,2018-04-10 21:56:28,2018-04-17 21:50:56,2018-05-07
abc371fa4448846ac98855c256ab235f,2ae960d0b2a92913f76520f59d0749b4,completed,2017-02-11 19:26:28,2017-02-13 14:05:15,,,2017-03-10
55d61651bd48809af0402aa14f64e523,509466c13cf576e803ed0a1a39cc0792,delivered,,2017-12-01 14:25:07,2017-12-01 17:41:44,2017-12-11 19:17:09,2017-12-22
ed4a172213a7200e76de6bc76fc586d9,1a35275f8244f3615499d22380d98c61,completed,2017-08-16 08:52:19,2017-08-16 09:15:13,2017-08-16 16:29:04,2017-08-18 19:52:29,2017-08-29
cebe3ad5dd36961f040f2fff4da454fe,426e0c1dd50e4b9219aee32f0842a258,delivered,,2018-03-20 11:49:57,2018-03-22 02:51:13,2018-04-03 14:08:59,2018-04-11
aa1f345bb394d4b91fea04c459da45c4,4243bdfc60a8e749ec908454e94d0b5d,completed,2017-09-19 11:07:54,2017-09-19 11:28:01,2017-09-21 21:24:29,2017-10-06 18:30:02,2017-10-17
db32ee8b0e87ee3a544e6bdb2a69d749,e09af74cceef34cb09e84d2fc0200a13,completed,2017-07-25 10:02:42,2017-07-25 10:15:18,2017-07-26 19:22:26,2017-08-17 18:42:23,2017-08-25
1f210038c217da04d2d88a6a59614f6a,4648c0c1d328c3666d3bda3d6ea08e93,delivered,,2018-05-09 04:14:23,2018-05-10 11:06:00,2018-05-11 19:16:39,2018-05-17
b811c8ca07716586e80c0bc4f2a6e39f,a7dd8bd4bdbdc55196a8ee7fd336dde7,delivered,,2018-04-24 18:49:01,2018-04-23 18:28:42,2018-05-01 00:32:42,2018-05-21
b8664a67156f7d886752140cd2e2e089,5a85f4f7d4dcd220e4b29e0d0ae6478e,delivered,,2018-01-22 14:19:54,2018-01-23 19:42:17,2018-01-31 18:32:57,2018-02-20
be05d705c70dac83e2c26c921b41c846,8547a257ab735dbd55f577c19b989f4b,completed,2018-03-06 15:14:21,2018-03-06 15:31:34,2018-03-07 20:54:19,2018-03-19 20:58:39,2018-03-22
93f9ec7dbcda565025da885db90ce158,be62eb313b55bf8e32345bd66b1f1acc,completed,2017-08-14 13:48:07,2017-08-15 03:44:08,2017-08-16 16:47:44,2017-08-25 22:28:02,2017-09-12
e4701cf302a9b3cc9efc51f06f354ecf,715a4bb1f449f0b1594f8619a155d81f,completed,2017-09-20 21:47:53,2017-09-23 10:45:32,2017-09-28 20:25:16,2017-10-19 18:57:38,2017-10-20
e9dfd5e53078861fe747114532b0d96a,cc4a803cd5085b0af9dfd85e55164e75,completed,2018-03-24 16:46:17,2018-03-24 16:56:05,2018-03-27 16:35:24,2018-03-28 18:03:52,2018-04-17
1b8ad3ea3b815c2a51fe5b7d9a6492e7,9846bb9c780cb5d6f70ae844ddf2878d,completed,2017-12-30 20:16:30,2017-12-30 20:27:01,2018-01-12 20:23:48,2018-01-25 15:27:55,2018-02-06
dd70a35befb65bab7a91010576b94951,1d981393e7512dec94db1473ec885816,completed,2018-03-09 19:21:25,2018-03-09 19:30:27,2018-03-14 20:58:36,2018-03-23 01:18:37,2018-04-04
6560fb10610771449cb0463c5ba12199,0d07d0a588caf93cc66b7a8aff86d2fe,canceled,,2017-10-01 22:35:22,,,2017-10-27
9b48e4c5b266f148a536ca61a2252ea3,394aa31d7966641cee136ab7ff32ed45,completed,2017-11-17 07:18:03,2017-11-17 07:30:25,2017-11-17 18:46:39,2017-12-04 18:19:14,2017-12-08
eeb1c54b034dc7fa414609892be66f22,70888a8bc0e96010afbef708b3fcf950,completed,2017-12-22 20:50:03,2017-12-22 21:11:10,2017-12-27 18:47:05,2017-12-28 20:18:19,2018-01-12
fd930246eb1c751ee75add493e49ea34,3422a239d7c7bf95b72216d779a28de6,completed,2017-01-14 21:28:46,2017-01-14 21:42:21,2017-01-16 11:42:51,2017-01-25 11:44:59,2017-02-28
a48785f2d133daf40341171f96f31b7b,7820d17bb31debfd2230c07a2028b9c8,completed,2018-03-20 21:44:49,2018-03-20 22:08:51,2018-03-22 17:18:46,2018-04-11 22:38:31,2018-04-16
b09b18fbceead5d238576060df8d45cc,ff1d1612f46b4241ffbc70a45912de1d,delivered,,2018-05-22 16:58:20,2018-05-24 14:47:00,2018-05-25 21:51:43,2018-06-01
76931aa364051d5d57f6a23aa352956a,b477202dca6a3ad89828fdd5748dc849,completed,2017-11-18 12:51:32,2017-11-18 13:06:23,2017-11-23 18:21:24,2017-11-27 14:55:45,2017-12-04
5dea57306e01caa42ad0b07b85042953,0b3a3c105d2d5b981fcf34c111fb18a4,delivered,,2018-07-16 01:47:22,2018-07-26 11:05:00,2018-08-02 19:42:02,2018-08-14
9115830be804184b91f5c00f6f49f92d,da2124f134f5dfbce9d06f29bdb6c308,completed,2017-10-04 19:57:37,2017-10-04 20:07:14,2017-10-05 16:52:52,2017-10-20 20:25:45,2017-11-07
